DC.ID,SMILES_stand,InChI,SMILES,DC.NAME,NCATS.SYNONYMS,NCGC.ID,MERS-PPE.ACTIVITY,MERS-PPE.SIGNIFICANCE,logPow {predicted by ochem.eu/model/535 in Log unit},Aqueous Solubility {predicted by ochem.eu/model/536 in log(mol/L)},Label
2740.0,CN1CCN(CCCN2c3ccccc3Sc3ccc(C(F)(F)F)cc32)CC1,"InChI=1S/C21H24F3N3S/c1-25-11-13-26(14-12-25)9-4-10-27-17-5-2-3-6-19(17)28-20-8-7-16(15-18(20)27)21(22,23)24/h2-3,5-8,15H,4,9-14H2,1H3",CN1CCN(CCCN2c3ccccc3Sc3ccc(C(F)(F)F)cc32)CC1,trifluoperazine,Trifluoperazine hydrochloride,"NCGC00186653-01, NCGC00261917-01, NCGC00013226-32, NCGC00013226-15",HIGH,HIGH,4.88,-4.67,1
3257.0,CCOC(=O)c1ccc(OC(=O)CCCCCNC(=N)N)cc1,"InChI=1S/C16H23N3O4/c1-2-22-15(21)12-7-9-13(10-8-12)23-14(20)6-4-3-5-11-19-16(17)18/h7-10H,2-6,11H2,1H3,(H4,17,18,19)",CCOC(=O)c1ccc(OC(=O)CCCCCNC(=N)N)cc1,gabexate,Gabexate mesilate,"NCGC00025297-06, NCGC00025297-01",LOW,INACTIVE,1.84,-3.48,0
4605.0,CCCCCCCCCCCCCCCC[N+](C)(C)CCN(Cc1ccc(OC)cc1)c1ncccn1,"InChI=1S/C32H55N4O/c1-5-6-7-8-9-10-11-12-13-14-15-16-17-18-27-36(2,3)28-26-35(32-33-24-19-25-34-32)29-30-20-22-31(37-4)23-21-30/h19-25H,5-18,26-29H2,1-4H3/q+1",CCCCCCCCCCCCCCCC[N+](C)(C)CCN(Cc1ccc(OC)cc1)c1ncccn1,tonzonium,Thonzonium bromide,,HIGH,HIGH,4.07,-7.48,1
1634.0,CNCCCC12CCC(c3ccccc31)c1ccccc12,"InChI=1S/C20H23N/c1-21-14-6-12-20-13-11-15(16-7-2-4-9-18(16)20)17-8-3-5-10-19(17)20/h2-5,7-10,15,21H,6,11-14H2,1H3",CNCCCC12CCC(c3ccccc31)c1ccccc12,maprotiline,Maprotiline hydrochloride,"NCGC00015708-19, NCGC00015708-10, NCGC00015708-17",MODERATE,LOW,4.91,-6.27,1
2581.0,CCC1OC(=O)C(C)C(=O)C(C)C(OC2OC(C)CC(N(C)C)C2O)C(C)(OC)CC(C)C(=O)C(C)C2N(CCCCn3cnc(-c4cccnc4)c3)C(=O)OC12C,"InChI=1S/C43H65N5O10/c1-12-33-43(8)37(48(41(53)58-43)19-14-13-18-47-23-31(45-24-47)30-16-15-17-44-22-30)27(4)34(49)25(2)21-42(7,54-11)38(28(5)35(50)29(6)39(52)56-33)57-40-36(51)32(46(9)10)20-26(3)55-40/h15-17,22-29,32-33,36-38,40,51H,12-14,18-21H2,1-11H3/t25-,26-,27+,28+,29-,32+,33-,36-,37-,38-,40+,42-,43-/m1/s1",CC[C@H]1OC(=O)[C@H](C)C(=O)[C@H](C)[C@@H](O[C@@H]2O[C@H](C)C[C@H](N(C)C)[C@H]2O)[C@](C)(OC)C[C@@H](C)C(=O)[C@H](C)[C@H]2N(CCCCn3cnc(-c4cccnc4)c3)C(=O)O[C@]12C,telithromycin,TELITHROMYCIN,"NCGC00167967-05, NCGC00164575-06, NCGC00167967-01",MODERATE,LOW,3.98,-4.45,1
3502.0,COCCCN1CCC(NC(=O)c2cc(Cl)c(N)c3c2OCC3)CC1,"InChI=1S/C18H26ClN3O3/c1-24-9-2-6-22-7-3-12(4-8-22)21-18(23)14-11-15(19)16(20)13-5-10-25-17(13)14/h11-12H,2-10,20H2,1H3,(H,21,23)",COCCCN1CCC(NC(=O)c2cc(Cl)c(N)c3c2OCC3)CC1,prucalopride,Prucalopride,"NCGC00253867-11, NCGC00253867-01",LOW,INACTIVE,2.09,-3.45,0
,CC(=O)OC1CC2(C)C(CC(O)C3C4(C)CCC(O)C(C)C4CCC32C)C1=C(CCC=C(C)C)C(=O)[O-],"InChI=1S/C31H48O6/c1-17(2)9-8-10-20(28(35)36)26-22-15-24(34)27-29(5)13-12-23(33)18(3)21(29)11-14-30(27,6)31(22,7)16-25(26)37-19(4)32/h9,18,21-25,27,33-34H,8,10-16H2,1-7H3,(H,35,36)/p-1/b26-20+/t18-,21-,22-,23+,24+,25-,27-,29-,30-,31?/m0/s1",CC(=O)O[C@H]1CC2(C)[C@@H](C[C@@H](O)[C@H]3[C@@]4(C)CC[C@@H](O)[C@@H](C)[C@@H]4CC[C@@]32C)/C1=C(/CCC=C(C)C)C(=O)[O-],,Fusidic Acid (sodium salt),NCGC00017030-06,LOW,INACTIVE,4.97,-5.04,0
1477.0,CC(C)Oc1ccc2c(=O)c(-c3ccccc3)coc2c1,"InChI=1S/C18H16O3/c1-12(2)21-14-8-9-15-17(10-14)20-11-16(18(15)19)13-6-4-3-5-7-13/h3-12H,1-2H3",CC(C)Oc1ccc2c(=O)c(-c3ccccc3)coc2c1,ipriflavone,Ipriflavone,"NCGC00018139-05, NCGC00018139-08",MODERATE,LOW,4.39,-4.8,1
1678.0,NC(Cc1ccc(N(CCCl)CCCl)cc1)C(=O)O,"InChI=1S/C13H18Cl2N2O2/c14-5-7-17(8-6-15)11-3-1-10(2-4-11)9-12(16)13(18)19/h1-4,12H,5-9,16H2,(H,18,19)/t12-/m0/s1",N[C@@H](Cc1ccc(N(CCCl)CCCl)cc1)C(=O)O,melphalan,Melphalan,"NCGC00090757-12, NCGC00090757-05",LOW,INACTIVE,-0.2,-2.93,0
1990.0,COc1ccc2nc(S(=O)Cc3ncc(C)c(OC)c3C)[nH]c2c1,"InChI=1S/C17H19N3O3S/c1-10-8-18-15(11(2)16(10)23-4)9-24(21)17-19-13-6-5-12(22-3)7-14(13)20-17/h5-8H,9H2,1-4H3,(H,19,20)",COc1ccc2nc(S(=O)Cc3ncc(C)c(OC)c3C)[nH]c2c1,omeprazole,Omeprazole,NCGC00016925-10,HIGH,LOW,1.91,-2.98,1
1073.0,CCC(CO)NCCNC(CC)CO,"InChI=1S/C10H24N2O2/c1-3-9(7-13)11-5-6-12-10(4-2)8-14/h9-14H,3-8H2,1-2H3/t9-,10-/m0/s1",CC[C@@H](CO)NCCN[C@@H](CC)CO,ethambutol,Ethambutol dihydrochloride|Ethambutol HCl,,LOW,INACTIVE,-0.12,-1.43,0
188.0,CCC(C)(C)c1ccc(CC(C)CN2CC(C)OC(C)C2)cc1,"InChI=1S/C21H35NO/c1-7-21(5,6)20-10-8-19(9-11-20)12-16(2)13-22-14-17(3)23-18(4)15-22/h8-11,16-18H,7,12-15H2,1-6H3/t16?,17-,18+",CCC(C)(C)c1ccc(CC(C)CN2C[C@H](C)O[C@H](C)C2)cc1,amorolfine,Amorolfine hydrochloride,NCGC00167524-03,MODERATE,LOW,5.44,-5.61,1
1122.0,C=C1CC2C(CCC3(C)C(=O)CCC23)C2(C)C=CC(=O)C=C12,"InChI=1S/C20H24O2/c1-12-10-14-15-4-5-18(22)20(15,3)9-7-16(14)19(2)8-6-13(21)11-17(12)19/h6,8,11,14-16H,1,4-5,7,9-10H2,2-3H3/t14-,15-,16-,19+,20-/m0/s1",C=C1C[C@@H]2[C@H](CC[C@]3(C)C(=O)CC[C@@H]23)[C@@]2(C)C=CC(=O)C=C12,exemestane,Exemestane,"NCGC00271596-15, NCGC00271596-04",LOW,INACTIVE,2.66,-4.64,0
,OCC(O)COc1ccc(Cl)cc1,"InChI=1S/C9H11ClO3/c10-7-1-3-9(4-2-7)13-6-8(12)5-11/h1-4,8,11-12H,5-6H2",OCC(O)COc1ccc(Cl)cc1,,Chlorphenesin,,LOW,INACTIVE,1.46,-1.29,0
1872.0,CN(CC=Cc1ccccc1)Cc1cccc2ccccc12,"InChI=1S/C21H21N/c1-22(16-8-11-18-9-3-2-4-10-18)17-20-14-7-13-19-12-5-6-15-21(19)20/h2-15H,16-17H2,1H3/b11-8+",CN(C/C=C/c1ccccc1)Cc1cccc2ccccc12,naftifine,Naftifine hydrochloride,,MODERATE,LOW,4.97,-6.1,1
1275.0,COc1ccc(CCN(C)CCCC(C#N)(c2cc(OC)c(OC)c(OC)c2)C(C)C)cc1OC,"InChI=1S/C28H40N2O5/c1-20(2)28(19-29,22-17-25(33-6)27(35-8)26(18-22)34-7)13-9-14-30(3)15-12-21-10-11-23(31-4)24(16-21)32-5/h10-11,16-18,20H,9,12-15H2,1-8H3",COc1ccc(CCN(C)CCCC(C#N)(c2cc(OC)c(OC)c(OC)c2)C(C)C)cc1OC,gallopamil,Gallopamil hydrochloride,NCGC00261463-01,LOW,INACTIVE,3.99,-4.94,0
,Cc1cc(-n2c(=O)[nH]c(=O)n(C)c2=O)ccc1Oc1ccc(S(=O)(=O)C(F)(F)F)cc1,"InChI=1S/C18H14F3N3O6S/c1-10-9-11(24-16(26)22-15(25)23(2)17(24)27)3-8-14(10)30-12-4-6-13(7-5-12)31(28,29)18(19,20)21/h3-9H,1-2H3,(H-,22,25,26,28,29)",Cc1cc(-n2c(=O)[nH]c(=O)n(C)c2=O)ccc1Oc1ccc([S+](=O)([O-])C(F)(F)F)cc1,,Toltrazuril (sulfone),,HIGH,MODERATE,3.19,-4.82,1
25.0,Nc1ncn(C2OC(CO)C(O)C2O)c(=O)n1,"InChI=1S/C8H12N4O5/c9-7-10-2-12(8(16)11-7)6-5(15)4(14)3(1-13)17-6/h2-6,13-15H,1H2,(H2,9,11,16)/t3-,4-,5-,6-/m1/s1",Nc1ncn([C@@H]2O[C@H](CO)[C@@H](O)[C@H]2O)c(=O)n1,azacitidine,5-Azacitidine,"NCGC00260720-01, NCGC00090851-17, NCGC00090851-09",MODERATE,LOW,-2.45,-1.3,1
,CCOP(=S)(OCC)Oc1ccc2c(C)c(Cl)c(=O)oc2c1,"InChI=1S/C14H16ClO5PS/c1-4-17-21(22,18-5-2)20-10-6-7-11-9(3)13(15)14(16)19-12(11)8-10/h6-8H,4-5H2,1-3H3",CCOP(=S)(OCC)Oc1ccc2c(C)c(Cl)c(=O)oc2c1,,Coumaphos,,LOW,INACTIVE,4.5,-5.39,0
855.0,NCC1CCC(N)C(OC2C(N)CC(N)C(OC3OC(CO)C(O)C(N)C3O)C2O)O1,"InChI=1S/C18H37N5O8/c19-4-6-1-2-7(20)17(28-6)30-15-8(21)3-9(22)16(14(15)27)31-18-13(26)11(23)12(25)10(5-24)29-18/h6-18,24-27H,1-5,19-23H2/t6-,7+,8-,9+,10+,11-,12+,13+,14-,15+,16-,17+,18+/m0/s1",NC[C@@H]1CC[C@@H](N)[C@@H](O[C@@H]2[C@@H](N)C[C@@H](N)[C@H](O[C@H]3O[C@H](CO)[C@@H](O)[C@H](N)[C@H]3O)[C@H]2O)O1,dibekacin,DIBEKACIN,,LOW,INACTIVE,-2.62,-1.12,0
,CC(C)CC1C(=O)N2CCCC2C2(O)OC(NC(=O)C3C=C4c5cccc6[nH]c(Br)c(c56)CC4N(C)C3)(C(C)C)C(=O)N12,"InChI=1S/C32H40BrN5O5/c1-16(2)12-24-29(40)37-11-7-10-25(37)32(42)38(24)30(41)31(43-32,17(3)4)35-28(39)18-13-20-19-8-6-9-22-26(19)21(27(33)34-22)14-23(20)36(5)15-18/h6,8-9,13,16-18,23-25,34,42H,7,10-12,14-15H2,1-5H3,(H,35,39)/t18-,23?,24+,25+,31-,32+/m1/s1",CC(C)C[C@H]1C(=O)N2CCC[C@H]2[C@]2(O)O[C@](NC(=O)[C@@H]3C=C4c5cccc6[nH]c(Br)c(c56)CC4N(C)C3)(C(C)C)C(=O)N12,,,NCGC00022382-06,HIGH,MODERATE,3.19,-3.9,1
,OCc1ccccc1O,"InChI=1S/C7H8O2/c8-5-6-3-1-2-4-7(6)9/h1-4,8-9H,5H2",OCc1ccccc1O,,Salicyl alcohol,,LOW,INACTIVE,0.39,-0.26,0
494.0,CCN(CC)CCOCCOC(=O)C1(c2ccccc2)CCCC1,"InChI=1S/C20H31NO3/c1-3-21(4-2)14-15-23-16-17-24-19(22)20(12-8-9-13-20)18-10-6-5-7-11-18/h5-7,10-11H,3-4,8-9,12-17H2,1-2H3",CCN(CC)CCOCCOC(=O)C1(c2ccccc2)CCCC1,pentoxyverine,Carbetapentane,NCGC00024595-05,LOW,MODERATE,4.16,-4.16,0
4236.0,CCCCC(CC)COC(=O)C=Cc1ccc(OC)cc1,"InChI=1S/C18H26O3/c1-4-6-7-15(5-2)14-21-18(19)13-10-16-8-11-17(20-3)12-9-16/h8-13,15H,4-7,14H2,1-3H3/b13-10+",CCCCC(CC)COC(=O)C=Cc1ccc(OC)cc1,octinoxate,Octinoxate,,LOW,INACTIVE,5.62,-5.81,0
2377.0,COC1C=COC2(C)Oc3c(C)c(O)c4c(O)c(c(C=NN5CCN(C)CC5)c(O)c4c3C2=O)NC(=O)C(C)=CC=CC(C)C(O)C(C)C(O)C(C)C(OC(C)=O)C1C,"InChI=1S/C43H58N4O12/c1-21-12-11-13-22(2)42(55)45-33-28(20-44-47-17-15-46(9)16-18-47)37(52)30-31(38(33)53)36(51)26(6)40-32(30)41(54)43(8,59-40)57-19-14-29(56-10)23(3)39(58-27(7)48)25(5)35(50)24(4)34(21)49/h11-14,19-21,23-25,29,34-35,39,49-53H,15-18H2,1-10H3,(H,45,55)/b12-11-,19-14-,22-13-,44-20-/t21-,23+,24+,25+,29-,34-,35+,39+,43-/m0/s1",CO[C@H]1/C=C/O[C@@]2(C)Oc3c(C)c(O)c4c(O)c(c(C=NN5CCN(C)CC5)c(O)c4c3C2=O)NC(=O)/C(C)=C\C=C\[C@H](C)[C@H](O)[C@@H](C)[C@@H](O)[C@@H](C)[C@H](OC(C)=O)[C@@H]1C,rifampicin,Rifampicin,"NCGC00179536-02, NCGC00022678-08, NCGC00022678-07",LOW,INACTIVE,3.74,-4.3,0
1449.0,CN(CC(O)CO)C(=O)c1c(I)c(NC(=O)C(CO)CO)c(I)c(C(=O)N(C)CC(O)CO)c1I,"InChI=1S/C20H28I3N3O9/c1-25(3-10(31)7-29)19(34)12-14(21)13(20(35)26(2)4-11(32)8-30)16(23)17(15(12)22)24-18(33)9(5-27)6-28/h9-11,27-32H,3-8H2,1-2H3,(H,24,33)",CN(CC(O)CO)C(=O)c1c(I)c(NC(=O)C(CO)CO)c(I)c(C(=O)N(C)CC(O)CO)c1I,iobitridol,IOBITRIDOL,,LOW,INACTIVE,-2.5,-3.03,0
597.0,N=C(NCCCCCCNC(=N)NC(=N)Nc1ccc(Cl)cc1)NC(=N)Nc1ccc(Cl)cc1,"InChI=1S/C22H30Cl2N10/c23-15-5-9-17(10-6-15)31-21(27)33-19(25)29-13-3-1-2-4-14-30-20(26)34-22(28)32-18-11-7-16(24)8-12-18/h5-12H,1-4,13-14H2,(H5,25,27,29,31,33)(H5,26,28,30,32,34)",N=C(NCCCCCCNC(=N)NC(=N)Nc1ccc(Cl)cc1)NC(=N)Nc1ccc(Cl)cc1,chlorhexidine,Chlorhexidine|Chlorhexidine HCl,"NCGC00016246-10, NCGC00016246-13, NCGC00016246-12",HIGH,LOW,2.71,-4.31,1
1127.0,C=C1C(=CC=C2CCCC3(C)C2CCC3C(C)CCCC(O)(C(F)(F)F)C(F)(F)F)CC(O)CC1O,"InChI=1S/C27H38F6O3/c1-16(6-4-13-25(36,26(28,29)30)27(31,32)33)21-10-11-22-18(7-5-12-24(21,22)3)8-9-19-14-20(34)15-23(35)17(19)2/h8-9,16,20-23,34-36H,2,4-7,10-15H2,1,3H3/b18-8+,19-9+/t16-,20-,21-,22+,23+,24-/m1/s1",C=C1/C(=C/C=C2\CCC[C@@]3(C)[C@H]2CC[C@@H]3[C@H](C)CCCC(O)(C(F)(F)F)C(F)(F)F)C[C@@H](O)C[C@@H]1O,falecalcitriol,Falecalcitriol,,HIGH,LOW,5.51,-5.43,1
,COP(=S)(OC)Oc1cc(Cl)c(Cl)cc1Cl,"InChI=1S/C8H8Cl3O3PS/c1-12-15(16,13-2)14-8-4-6(10)5(9)3-7(8)11/h3-4H,1-2H3",COP(=S)(OC)Oc1cc(Cl)c(Cl)cc1Cl,,Fenchlorphos,,LOW,INACTIVE,4.88,-5.54,0
1617.0,CCCCN(CCCC)CC(O)c1cc(Cl)cc2c1-c1ccc(Cl)cc1C2=Cc1ccc(Cl)cc1,"InChI=1S/C30H32Cl3NO/c1-3-5-13-34(14-6-4-2)19-29(35)28-18-23(33)17-27-25(15-20-7-9-21(31)10-8-20)26-16-22(32)11-12-24(26)30(27)28/h7-12,15-18,29,35H,3-6,13-14,19H2,1-2H3/b25-15-",CCCCN(CCCC)CC(O)c1cc(Cl)cc2c1-c1ccc(Cl)cc1/C2=C/c1ccc(Cl)cc1,lumefantrine,Lumefantrine,"NCGC00260955-01, NCGC00167490-02",MODERATE,LOW,8.34,-7.24,1
2209.0,CCn1cc(C(=O)O)c(=O)c2cnc(N3CCCC3)nc21,"InChI=1S/C14H16N4O3/c1-2-17-8-10(13(20)21)11(19)9-7-15-14(16-12(9)17)18-5-3-4-6-18/h7-8H,2-6H2,1H3,(H,20,21)",CCn1cc(C(=O)O)c(=O)c2cnc(N3CCCC3)nc21,piromidic acid,Piromidic acid,,LOW,INACTIVE,0.49,-2.38,0
4899.0,COC(=O)NC(C(=O)N1CC2(CC2)CC1c1nc(-c2ccc3c(c2)C(F)(F)c2cc(-c4ccc5[nH]c(C6C7CCC(C7)N6C(=O)C(NC(=O)OC)C(C)C)nc5c4)ccc2-3)c[nH]1)C(C)C,"InChI=1S/C49H54F2N8O6/c1-24(2)39(56-46(62)64-5)44(60)58-23-48(15-16-48)21-38(58)42-52-22-37(55-42)28-9-13-32-31-12-8-26(18-33(31)49(50,51)34(32)19-28)27-10-14-35-36(20-27)54-43(53-35)41-29-7-11-30(17-29)59(41)45(61)40(25(3)4)57-47(63)65-6/h8-10,12-14,18-20,22,24-25,29-30,38-41H,7,11,15-17,21,23H2,1-6H3,(H,52,55)(H,53,54)(H,56,62)(H,57,63)/t29-,30+,38-,39-,40-,41-/m0/s1",COC(=O)N[C@H](C(=O)N1CC2(CC2)C[C@H]1c1nc(-c2ccc3c(c2)C(F)(F)c2cc(-c4ccc5[nH]c([C@@H]6[C@H]7CC[C@H](C7)N6C(=O)[C@@H](NC(=O)OC)C(C)C)nc5c4)ccc2-3)c[nH]1)C(C)C,ledipasvir,Ledipasvir (GS 5885)|Ledipasvir (D-tartrate),"NCGC00386420-01, NCGC00378990-07",MODERATE,LOW,5.98,-5.36,1
4399.0,CC1=NN(c2ccc(C)c(C)c2)C(=O)C1=NNc1cccc(-c2cccc(C(=O)O)c2)c1O,"InChI=1S/C25H22N4O4/c1-14-10-11-19(12-15(14)2)29-24(31)22(16(3)28-29)27-26-21-9-5-8-20(23(21)30)17-6-4-7-18(13-17)25(32)33/h4-13,26,30H,1-3H3,(H,32,33)/b27-22-",CC1=NN(c2ccc(C)c(C)c2)C(=O)/C1=N\Nc1cccc(-c2cccc(C(=O)O)c2)c1O,eltrombopag,Eltrombopag olamine,,HIGH,LOW,4.02,-4.64,1
160.0,Nc1c2ccccc2nc2ccccc12,"InChI=1S/C13H10N2/c14-13-9-5-1-3-7-11(9)15-12-8-4-2-6-10(12)13/h1-8H,(H2,14,15)",Nc1c2ccccc2nc2ccccc12,aminoacridine,"9-Aminoacridine, monohydrochloride, monohydrate|AMINACRINE",,HIGH,LOW,2.75,-3.41,1
2332.0,CCc1nc(N)nc(N)c1-c1ccc(Cl)cc1,"InChI=1S/C12H13ClN4/c1-2-9-10(11(14)17-12(15)16-9)7-3-5-8(13)6-4-7/h3-6H,2H2,1H3,(H4,14,15,16,17)",CCc1nc(N)nc(N)c1-c1ccc(Cl)cc1,pyrimethamine,Pyrimethamine,"NCGC00016256-20, NCGC00016256-16",MODERATE,LOW,2.61,-3.14,1
1815.0,CCC(=O)OC1CC(=O)OC(C)CC=CC=CC(OC(C)=O)C(C)CC(CC=O)C(OC2OC(C)C(OC3CC(C)(OC(C)=O)C(OC(=O)CC)C(C)O3)C(N(C)C)C2O)C1OC,"InChI=1S/C45H71NO17/c1-13-34(50)59-33-23-36(52)55-26(4)18-16-15-17-19-32(58-29(7)48)25(3)22-31(20-21-47)41(42(33)54-12)62-44-39(53)38(46(10)11)40(27(5)57-44)61-37-24-45(9,63-30(8)49)43(28(6)56-37)60-35(51)14-2/h15-17,19,21,25-28,31-33,37-44,53H,13-14,18,20,22-24H2,1-12H3/b16-15-,19-17-/t25-,26-,27-,28+,31+,32+,33-,37+,38-,39-,40-,41?,42+,43+,44+,45-/m1/s1",CCC(=O)O[C@H]1[C@H](C)O[C@@H](O[C@@H]2[C@@H](C)O[C@@H](OC3[C@@H](OC)[C@H](OC(=O)CC)CC(=O)O[C@H](C)C/C=C/C=C/[C@H](OC(C)=O)[C@H](C)C[C@@H]3CC=O)[C@H](O)[C@H]2N(C)C)C[C@@]1(C)OC(C)=O,miocamycin,Midecamycin Acetate,,LOW,INACTIVE,3.73,-4.54,0
,O=C(Nc1ccc(Br)cc1)c1cc(Br)cc(Br)c1O,"InChI=1S/C13H8Br3NO2/c14-7-1-3-9(4-2-7)17-13(19)10-5-8(15)6-11(16)12(10)18/h1-6,18H,(H,17,19)",O=C(Nc1ccc(Br)cc1)c1cc(Br)cc(Br)c1O,,Tribromsalan,,HIGH,LOW,5.48,-5.29,1
,CC12Cc3nonc3CC1CCC1C2CCC2(C)C1CCC2(C)O,"InChI=1S/C20H30N2O2/c1-18-11-17-16(21-24-22-17)10-12(18)4-5-13-14(18)6-8-19(2)15(13)7-9-20(19,3)23/h12-15,23H,4-11H2,1-3H3/t12-,13+,14-,15-,18-,19-,20-/m0/s1",C[C@]12Cc3nonc3C[C@@H]1CC[C@@H]1[C@@H]2CC[C@@]2(C)[C@H]1CC[C@]2(C)O,,Furazabol,,HIGH,LOW,4.3,-4.08,1
,Nc1ncnc2c1ncn2C1OC2COP(=O)(O)OC2C1O,"InChI=1S/C10H12N5O6P/c11-8-5-9(13-2-12-8)15(3-14-5)10-6(16)7-4(20-10)1-19-22(17,18)21-7/h2-4,6-7,10,16H,1H2,(H,17,18)(H2,11,12,13)/t4-,6-,7-,10-/m1/s1",Nc1ncnc2c1ncn2[C@@H]1O[C@@H]2COP(=O)(O)O[C@H]2[C@H]1O,,cAMP,NCGC00260769-01,LOW,INACTIVE,-2.29,-1.97,0
623.0,CN(C)CCC=C1c2ccccc2Sc2ccc(Cl)cc21,"InChI=1S/C18H18ClNS/c1-20(2)11-5-7-14-15-6-3-4-8-17(15)21-18-10-9-13(19)12-16(14)18/h3-4,6-10,12H,5,11H2,1-2H3/b14-7-",CN(C)CC/C=C1/c2ccccc2Sc2ccc(Cl)cc21,chlorprothixene,Chlorprothixene,,HIGH,HIGH,5.42,-5.94,1
2683.0,Clc1ccc2nsnc2c1NC1=NCCN1,"InChI=1S/C9H8ClN5S/c10-5-1-2-6-8(15-16-14-6)7(5)13-9-11-3-4-12-9/h1-2H,3-4H2,(H2,11,12,13)",Clc1ccc2nsnc2c1NC1=NCCN1,tizanidine,Tizanidine hydrochloride,"NCGC00160529-05, NCGC00160529-08",LOW,INACTIVE,1.61,-3.28,0
,C=CC1CN2CCC1CC2C(O)c1ccnc2ccccc12,"InChI=1S/C19H22N2O/c1-2-13-12-21-10-8-14(13)11-18(21)19(22)16-7-9-20-17-6-4-3-5-15(16)17/h2-7,9,13-14,18-19,22H,1,8,10-12H2/t13-,14-,18-,19+/m0/s1",C=C[C@H]1CN2CC[C@H]1C[C@H]2[C@H](O)c1ccnc2ccccc12,,CINCHONIDINE,,LOW,INACTIVE,3.16,-2.8,0
4607.0,COC1=C(OC)C(=O)C(CC=C(C)CCC=C(C)CCC=C(C)CCC=C(C)CCC=C(C)CCC=C(C)CCC=C(C)CCC=C(C)CCC=C(C)CCC=C(C)C)=C(C)C1=O,"InChI=1S/C59H90O4/c1-44(2)24-15-25-45(3)26-16-27-46(4)28-17-29-47(5)30-18-31-48(6)32-19-33-49(7)34-20-35-50(8)36-21-37-51(9)38-22-39-52(10)40-23-41-53(11)42-43-55-54(12)56(60)58(62-13)59(63-14)57(55)61/h24,26,28,30,32,34,36,38,40,42H,15-23,25,27,29,31,33,35,37,39,41,43H2,1-14H3/b45-26+,46-28+,47-30+,48-32+,49-34+,50-36+,51-38+,52-40+,53-42+",COC1=C(OC)C(=O)C(C/C=C(\C)CC/C=C(\C)CC/C=C(\C)CC/C=C(\C)CC/C=C(\C)CC/C=C(\C)CC/C=C(\C)CC/C=C(\C)CC/C=C(\C)CCC=C(C)C)=C(C)C1=O,ubidecarenone,Coenzyme Q10,"NCGC00095322-05, NCGC00159429-14, NCGC00095322-03",LOW,INACTIVE,9.94,-6.65,0
,COC(=O)NN=Cc1c[n+]([O-])c2ccccc2[n+]1[O-],"InChI=1S/C11H10N4O4/c1-19-11(16)13-12-6-8-7-14(17)9-4-2-3-5-10(9)15(8)18/h2-7H,1H3,(H,13,16)/b12-6+",COC(=O)N/N=C/c1c[n+]([O-])c2ccccc2[n+]1[O-],,Carbadox,,LOW,INACTIVE,0.04,-3.18,0
896.0,CN(C(=O)C(Cl)Cl)c1ccc(OC(=O)c2ccco2)cc1,"InChI=1S/C14H11Cl2NO4/c1-17(13(18)12(15)16)9-4-6-10(7-5-9)21-14(19)11-3-2-8-20-11/h2-8,12H,1H3",CN(C(=O)C(Cl)Cl)c1ccc(OC(=O)c2ccco2)cc1,diloxanide furoate,Diloxanide furoate,,LOW,INACTIVE,3.4,-3.93,0
1540.0,Nc1nnc(-c2cccc(Cl)c2Cl)c(N)n1,"InChI=1S/C9H7Cl2N5/c10-5-3-1-2-4(6(5)11)7-8(12)14-9(13)16-15-7/h1-3H,(H4,12,13,14,16)",Nc1nnc(-c2cccc(Cl)c2Cl)c(N)n1,lamotrigine,Lamotrigine,"NCGC00015605-08, NCGC00015605-13, NCGC00015605-10",LOW,INACTIVE,1.87,-2.72,0
1419.0,CC(C(O)c1ccc(O)cc1)N1CCC(Cc2ccccc2)CC1,"InChI=1S/C21H27NO2/c1-16(21(24)19-7-9-20(23)10-8-19)22-13-11-18(12-14-22)15-17-5-3-2-4-6-17/h2-10,16,18,21,23-24H,11-15H2,1H3",CC(C(O)c1ccc(O)cc1)N1CCC(Cc2ccccc2)CC1,ifenprodil,Ifenprodil,"NCGC00024643-12, NCGC00024643-06",LOW,INACTIVE,3.98,-3.49,0
3016.0,CCCCOc1cc(C(=O)OCCN(CC)CC)ccc1N,"InChI=1S/C17H28N2O3/c1-4-7-11-21-16-13-14(8-9-15(16)18)17(20)22-12-10-19(5-2)6-3/h8-9,13H,4-7,10-12,18H2,1-3H3",CCCCOc1cc(C(=O)OCCN(CC)CC)ccc1N,oxybuprocaine,Benoxinate hydrochloride,NCGC00016667-05,MODERATE,LOW,3.3,-2.75,1
1987.0,Cc1[nH]c(=O)c(C#N)cc1-c1ccc2nccn2c1,"InChI=1S/C14H10N4O/c1-9-12(6-11(7-15)14(19)17-9)10-2-3-13-16-4-5-18(13)8-10/h2-6,8H,1H3,(H,17,19)",Cc1[nH]c(=O)c(C#N)cc1-c1ccc2nccn2c1,olprinone,Olprinone,"NCGC00261955-01, NCGC00162385-05",LOW,INACTIVE,1.88,-3.44,0
,C=CC=CCC1=C(C)C(OC(=O)C2C(C=C(C)C(=O)OC)C2(C)C)CC1=O,"InChI=1S/C22H28O5/c1-7-8-9-10-15-14(3)18(12-17(15)23)27-21(25)19-16(22(19,4)5)11-13(2)20(24)26-6/h7-9,11,16,18-19H,1,10,12H2,2-6H3/b9-8+,13-11+/t16-,18+,19+/m0/s1",C=C/C=C/CC1=C(C)[C@H](OC(=O)[C@H]2[C@H](/C=C(\C)C(=O)OC)C2(C)C)CC1=O,,PYRETHRIN II,,LOW,INACTIVE,4.25,-4.81,0
1277.0,Nc1nc2c(ncn2COC(CO)CO)c(=O)[nH]1,"InChI=1S/C9H13N5O4/c10-9-12-7-6(8(17)13-9)11-3-14(7)4-18-5(1-15)2-16/h3,5,15-16H,1-2,4H2,(H3,10,12,13,17)",Nc1nc2c(ncn2COC(CO)CO)c(=O)[nH]1,ganciclovir,Ganciclovir,NCGC00015471-06,LOW,INACTIVE,-1.83,-1.35,0
828.0,CCCCCCCCCCCCCCCC(=O)OCC(=O)C1(O)C(C)CC2C3CCC4=CC(=O)C=CC4(C)C3(F)C(O)CC21C,"InChI=1S/C38H59FO6/c1-5-6-7-8-9-10-11-12-13-14-15-16-17-18-34(43)45-26-33(42)38(44)27(2)23-31-30-20-19-28-24-29(40)21-22-35(28,3)37(30,39)32(41)25-36(31,38)4/h21-22,24,27,30-32,41,44H,5-20,23,25-26H2,1-4H3/t27-,30+,31+,32+,35+,36+,37+,38+/m1/s1",CCCCCCCCCCCCCCCC(=O)OCC(=O)[C@@]1(O)[C@H](C)C[C@H]2[C@@H]3CCC4=CC(=O)C=C[C@]4(C)[C@@]3(F)[C@@H](O)C[C@@]21C,dexamethasone palmitate,Dexamethasone 21-Palmitate,,LOW,INACTIVE,7.2,-6.77,0
928.0,CCN(CC)C(=S)SSC(=S)N(CC)CC,"InChI=1S/C10H20N2S4/c1-5-11(6-2)9(13)15-16-10(14)12(7-3)8-4/h5-8H2,1-4H3",CCN(CC)C(=S)SSC(=S)N(CC)CC,disulfiram,Disulfiram,"NCGC00016000-21, NCGC00016000-09, NCGC00016000-13, NCGC00016000-10",LOW,INACTIVE,3.88,-4.37,0
4334.0,Cc1c(-c2ccc(O)cc2)n(Cc2ccc(OCCN3CCCCCC3)cc2)c2ccc(O)cc12,"InChI=1S/C30H34N2O3/c1-22-28-20-26(34)12-15-29(28)32(30(22)24-8-10-25(33)11-9-24)21-23-6-13-27(14-7-23)35-19-18-31-16-4-2-3-5-17-31/h6-15,20,33-34H,2-5,16-19,21H2,1H3",Cc1c(-c2ccc(O)cc2)n(Cc2ccc(OCCN3CCCCCC3)cc2)c2ccc(O)cc12,bazedoxifene,Bazedoxifene,"NCGC00182055-09, NCGC00182055-02",HIGH,HIGH,6.04,-5.92,1
4681.0,CC12CCC3C4CCC(=O)C(O)=C4CCC3C1CCC2OC(=O)CCC1CCCC1,"InChI=1S/C26H38O4/c1-26-15-14-18-17-9-11-22(27)25(29)20(17)8-7-19(18)21(26)10-12-23(26)30-24(28)13-6-16-4-2-3-5-16/h16-19,21,23,29H,2-15H2,1H3/t17-,18-,19-,21+,23+,26+/m1/s1",C[C@]12CC[C@@H]3[C@H]4CCC(=O)C(O)=C4CC[C@H]3[C@@H]1CC[C@@H]2OC(=O)CCC1CCCC1,oxabolone cipionate,Oxabolone cipioncate,,LOW,INACTIVE,4.43,-5.05,0
,CCC(C(=O)[O-])C1CCC(C)C(C(C)C(O)C(C)C(=O)C(CC)C2OC3(C=CC(O)C4(CCC(C)(C5CCC(O)(CC)C(C)O5)O4)O3)C(C)CC2C)O1,"InChI=1S/C42H70O11/c1-11-29(38(46)47)31-15-14-23(4)36(50-31)27(8)34(44)26(7)35(45)30(12-2)37-24(5)22-25(6)41(51-37)19-16-32(43)42(53-41)21-20-39(10,52-42)33-17-18-40(48,13-3)28(9)49-33/h16,19,23-34,36-37,43-44,48H,11-15,17-18,20-22H2,1-10H3,(H,46,47)/p-1/t23-,24-,25+,26-,27-,28-,29?,30-,31+,32+,33+,34+,36+,37-,39-,40+,41?,42-/m0/s1",CCC(C(=O)[O-])[C@H]1CC[C@H](C)[C@H]([C@@H](C)[C@H](O)[C@H](C)C(=O)[C@H](CC)[C@H]2OC3(C=C[C@@H](O)[C@]4(CC[C@@](C)([C@H]5CC[C@](O)(CC)[C@H](C)O5)O4)O3)[C@H](C)C[C@@H]2C)O1,,,NCGC00389735-01,HIGH,HIGH,,,1
4376.0,Cc1cc(N)c2ccccc2[n+]1CCCCCCCCCC[n+]1c(C)cc(N)c2ccccc21,"InChI=1S/C30H38N4/c1-23-21-27(31)25-15-9-11-17-29(25)33(23)19-13-7-5-3-4-6-8-14-20-34-24(2)22-28(32)26-16-10-12-18-30(26)34/h9-12,15-18,21-22,31-32H,3-8,13-14,19-20H2,1-2H3/p+2",Cc1cc(N)c2ccccc2[n+]1CCCCCCCCCC[n+]1c(C)cc(N)c2ccccc21,dequalinium,Dequalinium dichloride,"NCGC00015339-05, NCGC00015339-08",HIGH,LOW,0.16,-9.04,1
785.0,Cc1nc(Nc2ncc(C(=O)Nc3c(C)cccc3Cl)s2)cc(N2CCN(CCO)CC2)n1,"InChI=1S/C22H26ClN7O2S/c1-14-4-3-5-16(23)20(14)28-21(32)17-13-24-22(33-17)27-18-12-19(26-15(2)25-18)30-8-6-29(7-9-30)10-11-31/h3-5,12-13,31H,6-11H2,1-2H3,(H,28,32)(H,24,25,26,27)",Cc1nc(Nc2ncc(C(=O)Nc3c(C)cccc3Cl)s2)cc(N2CCN(CCO)CC2)n1,dasatinib,Dasatinib,"NCGC00181129-12, NCGC00181129-08, NCGC00181129-05, NCGC00181129-06",HIGH,LOW,2.75,-4.58,1
2707.0,CCC1(O)C(=O)OCc2c1cc1n(c2=O)Cc2cc3c(CN(C)C)c(O)ccc3nc2-1,"InChI=1S/C23H23N3O5/c1-4-23(30)16-8-18-20-12(9-26(18)21(28)15(16)11-31-22(23)29)7-13-14(10-25(2)3)19(27)6-5-17(13)24-20/h5-8,27,30H,4,9-11H2,1-3H3/t23-/m0/s1",CC[C@@]1(O)C(=O)OCc2c1cc1n(c2=O)Cc2cc3c(CN(C)C)c(O)ccc3nc2-1,topotecan,Topotecan hydrochloride,"NCGC00014925-10, NCGC00261590-01, NCGC00014925-07",MODERATE,MODERATE,1.83,-2.69,1
285.0,CN(C)C(=O)Oc1cc(OC(=O)N(C)C)cc(C(O)CNC(C)(C)C)c1,"InChI=1S/C18H29N3O5/c1-18(2,3)19-11-15(22)12-8-13(25-16(23)20(4)5)10-14(9-12)26-17(24)21(6)7/h8-10,15,19,22H,11H2,1-7H3",CN(C)C(=O)Oc1cc(OC(=O)N(C)C)cc(C(O)CNC(C)(C)C)c1,bambuterol,Bambuterol hydrochloride,,LOW,INACTIVE,1.69,-2.9,0
824.0,CC1CC2C3CCC4=CC(=O)C=CC4(C)C3(F)C(O)CC2(C)C1(O)C(=O)CO,"InChI=1S/C22H29FO5/c1-12-8-16-15-5-4-13-9-14(25)6-7-19(13,2)21(15,23)17(26)10-20(16,3)22(12,28)18(27)11-24/h6-7,9,12,15-17,24,26,28H,4-5,8,10-11H2,1-3H3/t12-,15+,16+,17+,19+,20+,21+,22+/m1/s1",C[C@@H]1C[C@H]2[C@@H]3CCC4=CC(=O)C=C[C@]4(C)[C@@]3(F)[C@@H](O)C[C@]2(C)[C@@]1(O)C(=O)CO,dexamethasone,Dexamethasone,NCGC00091019-19,LOW,INACTIVE,1.96,-3.89,0
2100.0,CN1CCN(CCCN2c3ccccc3Sc3ccccc32)CC1,"InChI=1S/C20H25N3S/c1-21-13-15-22(16-14-21)11-6-12-23-17-7-2-4-9-19(17)24-20-10-5-3-8-18(20)23/h2-5,7-10H,6,11-16H2,1H3",CN1CCN(CCCN2c3ccccc3Sc3ccccc32)CC1,perazine,Perazine,,HIGH,HIGH,4.19,-3.75,1
2036.0,CCCCC1C(=O)N(c2ccccc2)N(c2ccc(O)cc2)C1=O,"InChI=1S/C19H20N2O3/c1-2-3-9-17-18(23)20(14-7-5-4-6-8-14)21(19(17)24)15-10-12-16(22)13-11-15/h4-8,10-13,17,22H,2-3,9H2,1H3",CCCCC1C(=O)N(c2ccccc2)N(c2ccc(O)cc2)C1=O,oxyphenbutazone,Oxyphenbutazone,,HIGH,LOW,2.79,-3.09,1
,O=C(Nc1ccc([N+](=O)[O-])cc1)Nc1ccc([N+](=O)[O-])cc1,"InChI=1S/C13H10N4O5/c18-13(14-9-1-5-11(6-2-9)16(19)20)15-10-3-7-12(8-4-10)17(21)22/h1-8H,(H2,14,15,18)",O=C(Nc1ccc([N+](=O)[O-])cc1)Nc1ccc([N+](=O)[O-])cc1,,"4,4'-Dinitrodiphenylurea",,LOW,INACTIVE,2.48,-4.41,0
753.0,CC(=O)Oc1ccc(C(=C2CCCCC2)c2ccc(OC(C)=O)cc2)cc1,"InChI=1S/C23H24O4/c1-16(24)26-21-12-8-19(9-13-21)23(18-6-4-3-5-7-18)20-10-14-22(15-11-20)27-17(2)25/h8-15H,3-7H2,1-2H3",CC(=O)Oc1ccc(C(=C2CCCCC2)c2ccc(OC(C)=O)cc2)cc1,cyclofenil,Cyclofenil,,LOW,INACTIVE,5.76,-5.66,0
4173.0,CCCC(NC(=O)C1C2CCCC2CN1C(=O)C(NC(=O)C(NC(=O)c1cnccn1)C1CCCCC1)C(C)(C)C)C(=O)C(=O)NC1CC1,"InChI=1S/C36H53N7O6/c1-5-10-25(29(44)34(48)39-23-15-16-23)40-33(47)28-24-14-9-13-22(24)20-43(28)35(49)30(36(2,3)4)42-32(46)27(21-11-7-6-8-12-21)41-31(45)26-19-37-17-18-38-26/h17-19,21-25,27-28,30H,5-16,20H2,1-4H3,(H,39,48)(H,40,47)(H,41,45)(H,42,46)/t22-,24-,25-,27-,28-,30+/m0/s1",CCC[C@H](NC(=O)[C@@H]1[C@H]2CCC[C@H]2CN1C(=O)[C@@H](NC(=O)[C@@H](NC(=O)c1cnccn1)C1CCCCC1)C(C)(C)C)C(=O)C(=O)NC1CC1,telaprevir,Telaprevir (VX-950),NCGC00346545-01,MODERATE,LOW,2.56,-4.28,1
539.0,COC1(NC(=O)CSCC#N)C(=O)N2C(C(=O)O)=C(CSc3nnnn3C)CSC21,"InChI=1S/C15H17N7O5S3/c1-21-14(18-19-20-21)30-6-8-5-29-13-15(27-2,17-9(23)7-28-4-3-16)12(26)22(13)10(8)11(24)25/h13H,4-7H2,1-2H3,(H,17,23)(H,24,25)/t13-,15+/m1/s1",CO[C@@]1(NC(=O)CSCC#N)C(=O)N2C(C(=O)O)=C(CSc3nnnn3C)CS[C@@H]21,cefmetazole,Cefmetazole sodium,,LOW,INACTIVE,-0.38,-2.34,0
1942.0,COC(=O)C1=C(C)NC(C)=C(C(=O)OCC(C)C)C1c1ccccc1[N+](=O)[O-],"InChI=1S/C20H24N2O6/c1-11(2)10-28-20(24)17-13(4)21-12(3)16(19(23)27-5)18(17)14-8-6-7-9-15(14)22(25)26/h6-9,11,18,21H,10H2,1-5H3",COC(=O)C1=C(C)NC(C)=C(C(=O)OCC(C)C)C1c1ccccc1[N+](=O)[O-],nisoldipine,Nisoldipine,,HIGH,MODERATE,3.27,-4.84,1
313.0,OC(CCCN1CCCCC1)(c1ccccc1)c1ccccc1,"InChI=1S/C21H27NO/c23-21(19-11-4-1-5-12-19,20-13-6-2-7-14-20)15-10-18-22-16-8-3-9-17-22/h1-2,4-7,11-14,23H,3,8-10,15-18H2",OC(CCCN1CCCCC1)(c1ccccc1)c1ccccc1,diphenidol,Diphenidol,,MODERATE,MODERATE,4.1,-4.72,1
922.0,CNCC(O)c1ccc(OC(=O)C(C)(C)C)c(OC(=O)C(C)(C)C)c1,"InChI=1S/C19H29NO5/c1-18(2,3)16(22)24-14-9-8-12(13(21)11-20-7)10-15(14)25-17(23)19(4,5)6/h8-10,13,20-21H,11H2,1-7H3",CNCC(O)c1ccc(OC(=O)C(C)(C)C)c(OC(=O)C(C)(C)C)c1,dipivefrine,Dipivefrin hydrochloride,,LOW,INACTIVE,3.15,-3.8,0
2413.0,Cc1cncc(CN2CCC(=C3c4ccc(Cl)cc4CCc4cccnc43)CC2)c1,"InChI=1S/C26H26ClN3/c1-18-13-19(16-28-15-18)17-30-11-8-20(9-12-30)25-24-7-6-23(27)14-22(24)5-4-21-3-2-10-29-26(21)25/h2-3,6-7,10,13-16H,4-5,8-9,11-12,17H2,1H3",Cc1cncc(CN2CCC(=C3c4ccc(Cl)cc4CCc4cccnc43)CC2)c1,rupatadine,Rupatadine (Fumarate),,HIGH,LOW,4.82,-4.88,1
2130.0,O=C1c2ccccc2C(=O)C1c1ccccc1,"InChI=1S/C15H10O2/c16-14-11-8-4-5-9-12(11)15(17)13(14)10-6-2-1-3-7-10/h1-9,13H",O=C1c2ccccc2C(=O)C1c1ccccc1,phenindione,Phenindione,,LOW,INACTIVE,3.1,-3.98,0
1545.0,CC1(C)OCC(COC(=O)CCc2ccc(OCC(O)CNCCNC(=O)N3CCOCC3)cc2)O1,"InChI=1S/C25H39N3O8/c1-25(2)35-18-22(36-25)17-34-23(30)8-5-19-3-6-21(7-4-19)33-16-20(29)15-26-9-10-27-24(31)28-11-13-32-14-12-28/h3-4,6-7,20,22,26,29H,5,8-18H2,1-2H3,(H,27,31)/t20-,22+/m0/s1",CC1(C)OC[C@@H](COC(=O)CCc2ccc(OC[C@@H](O)CNCCNC(=O)N3CCOCC3)cc2)O1,landiolol,Landiolol hydrochloride,,LOW,INACTIVE,0.44,-3.18,0
,OCC1NCC(O)C(O)C1O,"InChI=1S/C6H13NO4/c8-2-3-5(10)6(11)4(9)1-7-3/h3-11H,1-2H2/t3-,4+,5-,6-/m1/s1",OC[C@H]1NC[C@H](O)[C@@H](O)[C@@H]1O,,,NCGC00025085-02,MODERATE,HIGH,-2.61,0.49,1
124.0,Oc1ncnc2[nH]ncc12,"InChI=1S/C5H4N4O/c10-5-3-1-8-9-4(3)6-2-7-5/h1-2H,(H2,6,7,8,9,10)",Oc1ncnc2[nH]ncc12,allopurinol,Allopurinol,"NCGC00015094-06, NCGC00094580-10, NCGC00015094-18, NCGC00094580-05, NCGC00094580-04",LOW,INACTIVE,-0.18,-0.79,0
2630.0,CCSc1ccc2c(c1)N(CCCN1CCN(C)CC1)c1ccccc1S2,"InChI=1S/C22H29N3S2/c1-3-26-18-9-10-22-20(17-18)25(19-7-4-5-8-21(19)27-22)12-6-11-24-15-13-23(2)14-16-24/h4-5,7-10,17H,3,6,11-16H2,1-2H3",CCSc1ccc2c(c1)N(CCCN1CCN(C)CC1)c1ccccc1S2,thiethylperazine,Thiethylperazine dimalate|Thiethylperazine Malate,,HIGH,LOW,5.12,-4.91,1
3177.0,C=CCOC(Cn1ccnc1)c1ccc(Cl)cc1Cl,"InChI=1S/C14H14Cl2N2O/c1-2-7-19-14(9-18-6-5-17-10-18)12-4-3-11(15)8-13(12)16/h2-6,8,10,14H,1,7,9H2",C=CCOC(Cn1ccnc1)c1ccc(Cl)cc1Cl,enilconazole,Imazalil sulfate,,HIGH,LOW,3.71,-3.92,1
2220.0,CN1CCC(=C2c3ccccc3CCc3sccc32)CC1,"InChI=1S/C19H21NS/c1-20-11-8-15(9-12-20)19-16-5-3-2-4-14(16)6-7-18-17(19)10-13-21-18/h2-5,10,13H,6-9,11-12H2,1H3",CN1CCC(=C2c3ccccc3CCc3sccc32)CC1,pizotifen,Pizotifen,NCGC00163169-02,HIGH,HIGH,4.7,-4.62,1
2635.0,CN1CCN(CCCN2c3ccccc3Sc3ccc(S(=O)(=O)N(C)C)cc32)CC1,"InChI=1S/C22H30N4O2S2/c1-23(2)30(27,28)18-9-10-22-20(17-18)26(19-7-4-5-8-21(19)29-22)12-6-11-25-15-13-24(3)14-16-25/h4-5,7-10,17H,6,11-16H2,1-3H3",CN1CCN(CCCN2c3ccccc3Sc3ccc(S(=O)(=O)N(C)C)cc32)CC1,thioproperazine,Thioproperazine dimethanesulfonate,,HIGH,LOW,3.09,-3.89,1
939.0,CC(=O)OC12COC1CC(O)C1(C)C(=O)C(O)C3=C(C)C(OC(=O)C(O)C(NC(=O)OC(C)(C)C)c4ccccc4)CC(O)(C(OC(=O)c4ccccc4)C21)C3(C)C,"InChI=1S/C43H53NO14/c1-22-26(55-37(51)32(48)30(24-15-11-9-12-16-24)44-38(52)58-39(3,4)5)20-43(53)35(56-36(50)25-17-13-10-14-18-25)33-41(8,34(49)31(47)29(22)40(43,6)7)27(46)19-28-42(33,21-54-28)57-23(2)45/h9-18,26-28,30-33,35,46-48,53H,19-21H2,1-8H3,(H,44,52)/t26-,27-,28+,30-,31+,32+,33-,35-,41+,42-,43+/m0/s1",CC(=O)O[C@@]12CO[C@@H]1C[C@H](O)[C@@]1(C)C(=O)[C@H](O)C3=C(C)[C@@H](OC(=O)[C@H](O)[C@@H](NC(=O)OC(C)(C)C)c4ccccc4)C[C@@](O)([C@@H](OC(=O)c4ccccc4)[C@@H]12)C3(C)C,docetaxel,Docetaxel,"NCGC00387828-01, NCGC00181306-03",LOW,INACTIVE,2.59,-4.8,0
2280.0,CCCN(CCC)C(=O)C(CCC(=O)OCCCN1CCN(CCOC(=O)Cc2c(C)n(C(=O)c3ccc(Cl)cc3)c3ccc(OC)cc23)CC1)NC(=O)c1ccccc1,"InChI=1S/C46H58ClN5O8/c1-5-21-51(22-6-2)46(57)40(48-44(55)34-11-8-7-9-12-34)18-20-42(53)59-29-10-23-49-24-26-50(27-25-49)28-30-60-43(54)32-38-33(3)52(41-19-17-37(58-4)31-39(38)41)45(56)35-13-15-36(47)16-14-35/h7-9,11-17,19,31,40H,5-6,10,18,20-30,32H2,1-4H3,(H,48,55)",CCCN(CCC)C(=O)C(CCC(=O)OCCCN1CCN(CCOC(=O)Cc2c(C)n(C(=O)c3ccc(Cl)cc3)c3ccc(OC)cc23)CC1)NC(=O)c1ccccc1,proglumetacin,Proglumetacin,,MODERATE,HIGH,5.91,-5.86,1
4402.0,Cc1oc(=O)oc1COC(=O)N1CCC(N2CCC(=CC3=C(C(=O)O)N4C(=O)C(NC(=O)C(=NO)c5nsc(N)n5)C4SC3)C2=O)C1,"InChI=1S/C26H26N8O11S2/c1-10-14(45-26(41)44-10)8-43-25(40)32-4-3-13(7-32)33-5-2-11(20(33)36)6-12-9-46-22-16(21(37)34(22)17(12)23(38)39)28-19(35)15(30-42)18-29-24(27)47-31-18/h6,13,16,22,42H,2-5,7-9H2,1H3,(H,28,35)(H,38,39)(H2,27,29,31)/b11-6+,30-15-/t13-,16-,22-/m1/s1",Cc1oc(=O)oc1COC(=O)N1CC[C@@H](N2CC/C(=C\C3=C(C(=O)O)N4C(=O)[C@@H](NC(=O)/C(=N\O)c5nsc(N)n5)[C@H]4SC3)C2=O)C1,ceftobiprole medocaril,CEFTOBIPROLE MEDOCARIL SODIUM,,LOW,INACTIVE,0.23,-3.72,0
3153.0,CCCCc1cc2ccccc2c(OCCN(C)C)n1,"InChI=1S/C17H24N2O/c1-4-5-9-15-13-14-8-6-7-10-16(14)17(18-15)20-12-11-19(2)3/h6-8,10,13H,4-5,9,11-12H2,1-3H3",CCCCc1cc2ccccc2c(OCCN(C)C)n1,quinisocaine,Dimethisoquin hydrochloride,,HIGH,MODERATE,3.9,-3.61,1
2472.0,COC1C(OC(C)=O)CC(=O)OC(C)CC=CC=CC(OC2CCC(N(C)C)C(C)O2)C(C)CC(CC=O)C1OC1OC(C)C(OC2CC(C)(O)C(O)C(C)O2)C(N(C)C)C1O,"InChI=1S/C45H76N2O15/c1-25-22-31(20-21-48)41(62-44-39(51)38(47(10)11)40(28(4)58-44)61-37-24-45(7,53)43(52)29(5)57-37)42(54-12)34(59-30(6)49)23-35(50)55-26(2)16-14-13-15-17-33(25)60-36-19-18-32(46(8)9)27(3)56-36/h13-15,17,21,25-29,31-34,36-44,51-53H,16,18-20,22-24H2,1-12H3/b14-13-,17-15-/t25-,26-,27-,28-,29+,31+,32+,33+,34-,36+,37+,38-,39-,40-,41+,42+,43+,44+,45-/m1/s1",CO[C@@H]1[C@@H](O[C@@H]2O[C@H](C)[C@@H](O[C@H]3C[C@@](C)(O)[C@@H](O)[C@H](C)O3)[C@H](N(C)C)[C@H]2O)[C@@H](CC=O)C[C@@H](C)[C@@H](O[C@H]2CC[C@H](N(C)C)[C@@H](C)O2)/C=C/C=C/C[C@@H](C)OC(=O)C[C@H]1OC(C)=O,Spiramycin II,Spiramycin II,,LOW,LOW,3.51,-4.01,0
3630.0,O=C(Nc1ccc(Cl)cc1)Nc1ccc(Cl)c(Cl)c1,"InChI=1S/C13H9Cl3N2O/c14-8-1-3-9(4-2-8)17-13(19)18-10-5-6-11(15)12(16)7-10/h1-7H,(H2,17,18,19)",O=C(Nc1ccc(Cl)cc1)Nc1ccc(Cl)c(Cl)c1,triclocarban,Triclocarban,,HIGH,MODERATE,5.1,-5.04,1
,C=CCNc1c(O)cc2c(O)c1CC(C)CC(OC)C(O)C(C)C=C(C)C(OC(N)=O)C(OC)C=CC=C(C)C(=O)N2,"InChI=1S/C31H45N3O8/c1-8-12-33-26-21-13-17(2)14-25(41-7)27(36)19(4)15-20(5)29(42-31(32)39)24(40-6)11-9-10-18(3)30(38)34-22(28(21)37)16-23(26)35/h8-11,15-17,19,24-25,27,29,33,35-37H,1,12-14H2,2-7H3,(H2,32,39)(H,34,38)/b11-9-,18-10-,20-15-/t17-,19+,24+,25+,27-,29+/m1/s1",C=CCNc1c(O)cc2c(O)c1C[C@@H](C)C[C@H](OC)[C@H](O)[C@@H](C)/C=C(/C)[C@H](OC(N)=O)[C@@H](OC)/C=C\C=C(\C)C(=O)N2,,Retaspimycin (Hydrochloride),"NCGC00346438-02, NCGC00346438-01",MODERATE,INACTIVE,3.96,-4.53,1
4628.0,CNC(=O)c1ccc(N2C(=S)N(c3ccc(C#N)c(C(F)(F)F)c3)C(=O)C2(C)C)cc1F,"InChI=1S/C21H16F4N4O2S/c1-20(2)18(31)28(12-5-4-11(10-26)15(8-12)21(23,24)25)19(32)29(20)13-6-7-14(16(22)9-13)17(30)27-3/h4-9H,1-3H3,(H,27,30)",CNC(=O)c1ccc(N2C(=S)N(c3ccc(C#N)c(C(F)(F)F)c3)C(=O)C2(C)C)cc1F,enzalutamide,Enzalutamide,NCGC00263120-01,HIGH,LOW,3.74,-5.52,1
1639.0,CN1C2CCC(C)(C)C1CC(OC(=O)C(O)(c1cccs1)c1cccs1)C2,"InChI=1S/C21H27NO3S2/c1-20(2)9-8-14-12-15(13-16(20)22(14)3)25-19(23)21(24,17-6-4-10-26-17)18-7-5-11-27-18/h4-7,10-11,14-16,24H,8-9,12-13H2,1-3H3",CN1C2CCC(C)(C)C1CC(OC(=O)C(O)(c1cccs1)c1cccs1)C2,mazaticol,Mazaticol,,MODERATE,LOW,4.18,-3.97,1
369.0,CNCCCCOc1ccccc1Cc1ccccc1,"InChI=1S/C18H23NO/c1-19-13-7-8-14-20-18-12-6-5-11-17(18)15-16-9-3-2-4-10-16/h2-6,9-12,19H,7-8,13-15H2,1H3",CNCCCCOc1ccccc1Cc1ccccc1,bifemelane,Bifemelane,,LOW,LOW,3.67,-5.22,0
,Cc1ccc2nc(N)nc(O)c2c1Sc1ccncc1,"InChI=1S/C14H12N4OS/c1-8-2-3-10-11(13(19)18-14(15)17-10)12(8)20-9-4-6-16-7-5-9/h2-7H,1H3,(H3,15,17,18,19)",Cc1ccc2nc(N)nc(O)c2c1Sc1ccncc1,,NOLATREXED HCL,NCGC00181023-04,HIGH,MODERATE,2.66,-3.76,1
2637.0,CSc1ccc2c(c1)N(CCC1CCCCN1C)c1ccccc1S2,"InChI=1S/C21H26N2S2/c1-22-13-6-5-7-16(22)12-14-23-18-8-3-4-9-20(18)25-21-11-10-17(24-2)15-19(21)23/h3-4,8-11,15-16H,5-7,12-14H2,1-2H3",CSc1ccc2c(c1)N(CCC1CCCCN1C)c1ccccc1S2,thioridazine,Thioridazine,NCGC00016059-10,MODERATE,MODERATE,5.93,-5.64,1
1201.0,CC1(C)OC2CC3C4CC(F)C5=CC(=O)C=CC5(C)C4C(O)CC3(C)C2(C(=O)CO)O1,"InChI=1S/C24H31FO6/c1-21(2)30-19-9-14-13-8-16(25)15-7-12(27)5-6-22(15,3)20(13)17(28)10-23(14,4)24(19,31-21)18(29)11-26/h5-7,13-14,16-17,19-20,26,28H,8-11H2,1-4H3/t13-,14-,16-,17-,19+,20+,22-,23-,24+/m0/s1",CC1(C)O[C@@H]2C[C@H]3[C@@H]4C[C@H](F)C5=CC(=O)C=C[C@]5(C)[C@H]4[C@@H](O)C[C@]3(C)[C@]2(C(=O)CO)O1,flunisolide,Flunisolide,NCGC00179492-08,LOW,INACTIVE,2.2,-4.07,0
1585.0,NC(Cc1cc(I)c(Oc2ccc(O)c(I)c2)c(I)c1)C(=O)O,"InChI=1S/C15H12I3NO4/c16-9-6-8(1-2-13(9)20)23-14-10(17)3-7(4-11(14)18)5-12(19)15(21)22/h1-4,6,12,20H,5,19H2,(H,21,22)/t12-/m0/s1",N[C@@H](Cc1cc(I)c(Oc2ccc(O)c(I)c2)c(I)c1)C(=O)O,liothyronine,Liothyronine Sodium,,LOW,INACTIVE,0.98,-4.52,0
3734.0,O=C(Nc1ccccc1)OCC(CN1CCCCC1)OC(=O)Nc1ccccc1,"InChI=1S/C22H27N3O4/c26-21(23-18-10-4-1-5-11-18)28-17-20(16-25-14-8-3-9-15-25)29-22(27)24-19-12-6-2-7-13-19/h1-2,4-7,10-13,20H,3,8-9,14-17H2,(H,23,26)(H,24,27)",O=C(Nc1ccccc1)OCC(CN1CCCCC1)OC(=O)Nc1ccccc1,diperodon,Diperodon hydrochloride|Diperodon HCl,,MODERATE,LOW,3.93,-3.66,1
1020.0,CCOC(=O)c1ccc(NC(=O)CN2CCCCC2)cc1,"InChI=1S/C16H22N2O3/c1-2-21-16(20)13-6-8-14(9-7-13)17-15(19)12-18-10-4-3-5-11-18/h6-9H,2-5,10-12H2,1H3,(H,17,19)",CCOC(=O)c1ccc(NC(=O)CN2CCCCC2)cc1,sulcaine,Sulcaine,,LOW,INACTIVE,2.72,-2.87,0
765.0,CN1CCC(=C2c3ccccc3C=Cc3ccccc32)CC1,"InChI=1S/C21H21N/c1-22-14-12-18(13-15-22)21-19-8-4-2-6-16(19)10-11-17-7-3-5-9-20(17)21/h2-11H,12-15H2,1H3",CN1CCC(=C2c3ccccc3C=Cc3ccccc32)CC1,cyproheptadine,Cyproheptadine hydrochloride,"NCGC00015252-09, NCGC00015252-17, NCGC00015252-13",HIGH,MODERATE,5.02,-4.33,1
,CC[N+](CC)(CC(=O)Nc1c(C)cccc1C)Cc1ccccc1,"InChI=1S/C21H28N2O/c1-5-23(6-2,15-19-13-8-7-9-14-19)16-20(24)22-21-17(3)11-10-12-18(21)4/h7-14H,5-6,15-16H2,1-4H3/p+1",CC[N+](CC)(CC(=O)Nc1c(C)cccc1C)Cc1ccccc1,,Denatonium benzoate,,LOW,INACTIVE,2.4,-6.68,0
,CN(C)CCN(Cc1ccsc1)c1ccccn1,"InChI=1S/C14H19N3S/c1-16(2)8-9-17(11-13-6-10-18-12-13)14-5-3-4-7-15-14/h3-7,10,12H,8-9,11H2,1-2H3",CN(C)CCN(Cc1ccsc1)c1ccccn1,,Thenyldiamine,,LOW,INACTIVE,2.8,-2.84,0
779.0,C#CC1(O)CCC2C3CCC4=Cc5oncc5CC4(C)C3CCC21C,"InChI=1S/C22H27NO2/c1-4-22(24)10-8-18-16-6-5-15-11-19-14(13-23-25-19)12-20(15,2)17(16)7-9-21(18,22)3/h1,11,13,16-18,24H,5-10,12H2,2-3H3/t16-,17+,18+,20+,21+,22+/m1/s1",C#C[C@]1(O)CC[C@H]2[C@@H]3CCC4=Cc5oncc5C[C@]4(C)[C@H]3CC[C@@]21C,danazol,Danazol,,HIGH,LOW,3.63,-4.28,1
4663.0,O=C(c1ccccc1)C(O)c1ccccc1,"InChI=1S/C14H12O2/c15-13(11-7-3-1-4-8-11)14(16)12-9-5-2-6-10-12/h1-10,13,15H",O=C(c1ccccc1)C(O)c1ccccc1,benzoin,Benzoin,,LOW,INACTIVE,2.63,-2.58,0
,CNS(=O)(=O)CC1CCC(N(C)c2ncnc3[nH]ccc23)CC1,"InChI=1S/C15H23N5O2S/c1-16-23(21,22)9-11-3-5-12(6-4-11)20(2)15-13-7-8-17-14(13)18-10-19-15/h7-8,10-12H,3-6,9H2,1-2H3,(H2-,16,17,18,19,21,22)/t11-,12-",CN[S+](=O)([O-])C[C@H]1CC[C@H](N(C)c2ncnc3[nH]ccc23)CC1,,Oclacitinib,NCGC00390707-03,MODERATE,LOW,1.19,-3.26,1
,COc1cc2[nH]c(C)c(CCN3CCN(c4ccccc4)CC3)c2cc1OC,"InChI=1S/C23H29N3O2.ClH/c1-17-19(20-15-22(27-2)23(28-3)16-21(20)24-17)9-10-25-11-13-26(14-12-25)18-7-5-4-6-8-18;/h4-8,15-16,24H,9-14H2,1-3H3;1H",COc1cc2[nH]c(C)c(CCN3CCN(CC3)c3ccccc3)c2cc1OC,,Oxypertine hydrochloride,,MODERATE,LOW,4.35,-4.05,1
,CCCCCCCCCCCCOC(=O)CS(=O)(=O)[O-],"InChI=1S/C14H28O5S/c1-2-3-4-5-6-7-8-9-10-11-12-19-14(15)13-20(16,17)18/h2-13H2,1H3,(H,16,17,18)/p-1",CCCCCCCCCCCCOC(=O)CS(=O)(=O)[O-],,SODIUM LAURYL SULFOACETATE,,LOW,INACTIVE,2.33,-4.73,0
1855.0,CC(=O)Oc1cc(C(C)C)c(OCCN(C)C)cc1C,"InChI=1S/C16H25NO3/c1-11(2)14-10-15(20-13(4)18)12(3)9-16(14)19-8-7-17(5)6/h9-11H,7-8H2,1-6H3",CC(=O)Oc1cc(C(C)C)c(OCCN(C)C)cc1C,moxisylyte,Moxisylyte hydrochloride,NCGC00015678-07,LOW,INACTIVE,3.22,-2.84,0
,Cn1cncc1C(N)(c1ccc(Cl)cc1)c1ccc2c(c1)c(-c1cccc(Cl)c1)cc(=O)n2C,"InChI=1S/C27H22Cl2N4O/c1-32-16-31-15-25(32)27(30,18-6-9-20(28)10-7-18)19-8-11-24-23(13-19)22(14-26(34)33(24)2)17-4-3-5-21(29)12-17/h3-16H,30H2,1-2H3/t27-/m1/s1",Cn1cncc1[C@@](N)(c1ccc(Cl)cc1)c1ccc2c(c1)c(-c1cccc(Cl)c1)cc(=O)n2C,,Tipifarnib,"NCGC00250406-03, NCGC00250406-01",MODERATE,LOW,4.78,-6.01,1
4921.0,CC(NCc1ccc(OCc2cccc(F)c2)cc1)C(N)=O,"InChI=1S/C17H19FN2O2/c1-12(17(19)21)20-10-13-5-7-16(8-6-13)22-11-14-3-2-4-15(18)9-14/h2-9,12,20H,10-11H2,1H3,(H2,19,21)/t12-/m0/s1",C[C@H](NCc1ccc(OCc2cccc(F)c2)cc1)C(N)=O,safinamide,Safinamide,NCGC00346529-01,LOW,INACTIVE,2.55,-4.48,0
2032.0,Cc1cc(C(C)(C)C)c(O)c(C)c1CC1=NCCN1,"InChI=1S/C16H24N2O/c1-10-8-13(16(3,4)5)15(19)11(2)12(10)9-14-17-6-7-18-14/h8,19H,6-7,9H2,1-5H3,(H,17,18)",Cc1cc(C(C)(C)C)c(O)c(C)c1CC1=NCCN1,oxymetazoline,Oxymetazoline hydrochloride,"NCGC00015766-10, NCGC00015766-16, NCGC00015766-08",LOW,INACTIVE,3.7,-3.71,0
937.0,CC(CCc1ccc(O)cc1)NCCc1ccc(O)c(O)c1,"InChI=1S/C18H23NO3/c1-13(2-3-14-4-7-16(20)8-5-14)19-11-10-15-6-9-17(21)18(22)12-15/h4-9,12-13,19-22H,2-3,10-11H2,1H3",CC(CCc1ccc(O)cc1)NCCc1ccc(O)c(O)c1,dobutamine,Dobutamine,"NCGC00015321-05, NCGC00015321-04",LOW,INACTIVE,2.97,-4.34,0
2014.0,O=c1[nH]c2ccccc2n1CCCN1CCN(C(c2ccccc2)c2ccccc2)CC1,"InChI=1S/C27H30N4O/c32-27-28-24-14-7-8-15-25(24)31(27)17-9-16-29-18-20-30(21-19-29)26(22-10-3-1-4-11-22)23-12-5-2-6-13-23/h1-8,10-15,26H,9,16-21H2,(H,28,32)",O=c1[nH]c2ccccc2n1CCCN1CCN(C(c2ccccc2)c2ccccc2)CC1,oxatomide,Oxatomide,,HIGH,LOW,4.72,-4.04,1
766.0,CC(=O)OC1(C(C)=O)CCC2C3C=C(Cl)C4=CC(=O)C5CC5C4(C)C3CCC21C,"InChI=1S/C24H29ClO4/c1-12(26)24(29-13(2)27)8-6-16-14-10-20(25)19-11-21(28)15-9-18(15)23(19,4)17(14)5-7-22(16,24)3/h10-11,14-18H,5-9H2,1-4H3/t14-,15+,16-,17-,18-,22-,23-,24-/m0/s1",CC(=O)O[C@]1(C(C)=O)CC[C@H]2[C@@H]3C=C(Cl)C4=CC(=O)[C@@H]5C[C@@H]5[C@]4(C)[C@H]3CC[C@@]21C,cyproterone acetate,Cyproterone acetate,"NCGC00091032-09, NCGC00091032-04, NCGC00091032-08",HIGH,LOW,3.81,-5.44,1
1780.0,CN1CCCC(CC2c3ccccc3Sc3ccccc32)C1,"InChI=1S/C20H23NS/c1-21-12-6-7-15(14-21)13-18-16-8-2-4-10-19(16)22-20-11-5-3-9-17(18)20/h2-5,8-11,15,18H,6-7,12-14H2,1H3",CN1CCCC(CC2c3ccccc3Sc3ccccc32)C1,metixene,Metixene hydrochloride,,MODERATE,LOW,5.51,-6.48,1
4721.0,O=C(NC1CCN(CCCCC2(C(=O)NCC(F)(F)F)c3ccccc3-c3ccccc32)CC1)c1ccccc1-c1ccc(C(F)(F)F)cc1,"InChI=1S/C39H37F6N3O2/c40-38(41,42)25-46-36(50)37(33-13-5-3-10-30(33)31-11-4-6-14-34(31)37)21-7-8-22-48-23-19-28(20-24-48)47-35(49)32-12-2-1-9-29(32)26-15-17-27(18-16-26)39(43,44)45/h1-6,9-18,28H,7-8,19-25H2,(H,46,50)(H,47,49)",O=C(NC1CCN(CCCCC2(C(=O)NCC(F)(F)F)c3ccccc3-c3ccccc32)CC1)c1ccccc1-c1ccc(C(F)(F)F)cc1,lomitapide,Lomitapide,NCGC00386364-05,HIGH,LOW,7.18,-6.89,1
1999.0,Cc1ccccc1C(OCCN(C)C)c1ccccc1,"InChI=1S/C18H23NO/c1-15-9-7-8-12-17(15)18(20-14-13-19(2)3)16-10-5-4-6-11-16/h4-12,18H,13-14H2,1-3H3",Cc1ccccc1C(OCCN(C)C)c1ccccc1,orphenadrine,Orphenadrine dihydrogen citrate,"NCGC00015771-09, NCGC00015771-12",MODERATE,LOW,3.55,-3.95,1
1066.0,CC12CCC3c4ccc(OC(=O)N(CCCl)CCCl)cc4CCC3C1CCC2OP(=O)(O)O,"InChI=1S/C23H32Cl2NO6P/c1-23-9-8-18-17-5-3-16(31-22(27)26(12-10-24)13-11-25)14-15(17)2-4-19(18)20(23)6-7-21(23)32-33(28,29)30/h3,5,14,18-21H,2,4,6-13H2,1H3,(H2,28,29,30)/t18-,19-,20+,21+,23+/m1/s1",C[C@]12CC[C@@H]3c4ccc(OC(=O)N(CCCl)CCCl)cc4CC[C@H]3[C@@H]1CC[C@@H]2OP(=O)(O)O,estramustine phosphate,Estramustine PhosphateÂ·Na,,LOW,INACTIVE,4.23,-6.04,0
611.0,Oc1c(Cl)cc(Cl)c2cccnc12,"InChI=1S/C9H5Cl2NO/c10-6-4-7(11)9(13)8-5(6)2-1-3-12-8/h1-4,13H",Oc1c(Cl)cc(Cl)c2cccnc12,chloroxine,Chloroxine,NCGC00095264-05,HIGH,LOW,3.44,-3.19,1
,N=C(N)NCc1cccc(I)c1,"InChI=1S/C8H10IN3/c9-7-3-1-2-6(4-7)5-12-8(10)11/h1-4H,5H2,(H4,10,11,12)",N=C(N)NCc1cccc(I)c1,,MIBG,NCGC00261329-01,LOW,INACTIVE,1.42,-3.44,0
1234.0,CN(CC(=O)N1CCOCC1)Cc1c(Cl)cccc1NC(=O)c1ccccc1,"InChI=1S/C21H24ClN3O3/c1-24(15-20(26)25-10-12-28-13-11-25)14-17-18(22)8-5-9-19(17)23-21(27)16-6-3-2-4-7-16/h2-9H,10-15H2,1H3,(H,23,27)",CN(CC(=O)N1CCOCC1)Cc1c(Cl)cccc1NC(=O)c1ccccc1,fominoben,Fominoben hydrochloride,,LOW,INACTIVE,2.95,-4.12,0
2046.0,O=C1c2cccc3c2C(CCC3)CN1C1CN2CCC1CC2,"InChI=1S/C19H24N2O/c22-19-16-6-2-4-14-3-1-5-15(18(14)16)11-21(19)17-12-20-9-7-13(17)8-10-20/h2,4,6,13,15,17H,1,3,5,7-12H2/t15-,17-/m1/s1",O=C1c2cccc3c2[C@H](CCC3)CN1[C@@H]1CN2CCC1CC2,palonosetron,Palonosetron hydrochloride,,MODERATE,MODERATE,2.72,-2.81,1
,CC(Oc1cc(-c2cnn(C3CCNCC3)c2)cnc1N)c1c(Cl)ccc(F)c1Cl,"InChI=1S/C21H22Cl2FN5O/c1-12(19-16(22)2-3-17(24)20(19)23)30-18-8-13(9-27-21(18)25)14-10-28-29(11-14)15-4-6-26-7-5-15/h2-3,8-12,15,26H,4-7H2,1H3,(H2,25,27)/t12-/m0/s1",C[C@H](Oc1cc(-c2cnn(C3CCNCC3)c2)cnc1N)c1c(Cl)ccc(F)c1Cl,,(S)-Crizotinib,NCGC00384190-02,HIGH,HIGH,3.82,-4.86,1
925.0,CCC1OC(=O)C(C)C(OC2CC(C)(OC)C(O)C(C)O2)C(C)C(OC2OC(C)CC(N(C)C)C2O)C(C)(O)CC(C)C2NC(COCCOC)OC(C2C)C1(C)O,"InChI=1S/C42H78N2O14/c1-15-29-42(10,49)37-24(4)32(43-30(56-37)21-52-17-16-50-13)22(2)19-40(8,48)36(58-39-33(45)28(44(11)12)18-23(3)53-39)25(5)34(26(6)38(47)55-29)57-31-20-41(9,51-14)35(46)27(7)54-31/h22-37,39,43,45-46,48-49H,15-21H2,1-14H3/t22-,23-,24+,25+,26-,27+,28+,29-,30-,31+,32+,33-,34+,35+,36-,37-,39+,40-,41-,42-/m1/s1",CC[C@H]1OC(=O)[C@H](C)[C@@H](O[C@H]2C[C@@](C)(OC)[C@@H](O)[C@H](C)O2)[C@H](C)[C@@H](O[C@@H]2O[C@H](C)C[C@H](N(C)C)[C@H]2O)[C@](C)(O)C[C@@H](C)[C@@H]2N[C@@H](COCCOC)O[C@H]([C@H]2C)[C@]1(C)O,dirithromycin,Dirithromycin,NCGC00386273-01,LOW,INACTIVE,2.5,-3.56,0
5022.0,O=c1[nH]c2ccccc2n1CCN1CCN(c2cccc(C(F)(F)F)c2)CC1,"InChI=1S/C20H21F3N4O/c21-20(22,23)15-4-3-5-16(14-15)26-11-8-25(9-12-26)10-13-27-18-7-2-1-6-17(18)24-19(27)28/h1-7,14H,8-13H2,(H,24,28)",O=c1[nH]c2ccccc2n1CCN1CCN(c2cccc(C(F)(F)F)c2)CC1,flibanserin,FLIBANSERIN,NCGC00386567-01,MODERATE,LOW,3.34,-3.34,1
755.0,CNC(C)CC1CCCC1,"InChI=1S/C9H19N/c1-8(10-2)7-9-5-3-4-6-9/h8-10H,3-7H2,1-2H3",CNC(C)CC1CCCC1,cyclopentamine,Cyclopentamine hydrochloride,,LOW,INACTIVE,2.86,-2.47,0
957.0,C=C1C(=CC=C2CCCC3(C)C2CCC3C(C)C=CC(C)C(C)C)CC(O)CC1O,"InChI=1S/C28H44O2/c1-18(2)19(3)9-10-20(4)25-13-14-26-22(8-7-15-28(25,26)6)11-12-23-16-24(29)17-27(30)21(23)5/h9-12,18-20,24-27,29-30H,5,7-8,13-17H2,1-4,6H3/b10-9+,22-11+,23-12-/t19-,20+,24+,25+,26-,27-,28+/m0/s1",C=C1/C(=C\C=C2/CCC[C@@]3(C)[C@H]2CC[C@@H]3[C@H](C)/C=C/[C@H](C)C(C)C)C[C@@H](O)C[C@@H]1O,doxercalciferol,Doxercalciferol,"NCGC00182058-03, NCGC00386145-01",HIGH,LOW,6.28,-5.41,1
4801.0,CC(C)(C)c1nc(-c2cccc(NS(=O)(=O)c3c(F)cccc3F)c2F)c(-c2ccnc(N)n2)s1,"InChI=1S/C23H20F3N5O2S2/c1-23(2,3)21-30-18(19(34-21)16-10-11-28-22(27)29-16)12-6-4-9-15(17(12)26)31-35(32,33)20-13(24)7-5-8-14(20)25/h4-11,31H,1-3H3,(H2,27,28,29)",CC(C)(C)c1nc(-c2cccc(NS(=O)(=O)c3c(F)cccc3F)c2F)c(-c2ccnc(N)n2)s1,dabrafenib,Dabrafenib,NCGC00346716-20,LOW,MODERATE,5.44,-5.22,0
2840.0,C=C1CCC(O)CC1=CC=C1CCCC2(C)C1CCC2C(C)CCCC(C)C,"InChI=1S/C27H44O/c1-19(2)8-6-9-21(4)25-15-16-26-22(10-7-17-27(25,26)5)12-13-23-18-24(28)14-11-20(23)3/h12-13,19,21,24-26,28H,3,6-11,14-18H2,1-2,4-5H3/b22-12+,23-13-/t21-,24+,25-,26+,27-/m1/s1",C=C1CC[C@H](O)C/C1=C/C=C1\CCC[C@@]2(C)[C@H]1CC[C@@H]2[C@H](C)CCCC(C)C,colecalciferol,CHOLECALCIFEROL,,HIGH,LOW,7.98,-6.0,1
,CC12C(=O)OC(=O)C1(C)C1CCC2O1,"InChI=1S/C10H12O4/c1-9-5-3-4-6(13-5)10(9,2)8(12)14-7(9)11/h5-6H,3-4H2,1-2H3/t5?,6?,9-,10+",C[C@]12C(=O)OC(=O)[C@@]1(C)C1CCC2O1,,Cantharidin,,HIGH,MODERATE,1.1,-1.07,1
,O=S(=O)([O-])CCS,"InChI=1S/C2H6O3S2/c3-7(4,5)2-1-6/h6H,1-2H2,(H,3,4,5)/p-1",O=S(=O)([O-])CCS,,Sodium 2-mercaptoethanesulfonate,"NCGC00178318-05, NCGC00181166-01",LOW,INACTIVE,-1.53,-1.05,0
164.0,CCC1(c2ccc(N)cc2)CCC(=O)NC1=O,"InChI=1S/C13H16N2O2/c1-2-13(8-7-11(16)15-12(13)17)9-3-5-10(14)6-4-9/h3-6H,2,7-8,14H2,1H3,(H,15,16,17)",CCC1(c2ccc(N)cc2)CCC(=O)NC1=O,aminoglutethimide,Aminoglutethimide,"NCGC00015110-20, NCGC00015110-07, NCGC00015110-12",LOW,INACTIVE,1.49,-2.8,0
810.0,COC(=O)C1C2CC3c4[nH]c5ccccc5c4CCN3CC2CC(OC(=O)c2cc(OC)c(OC)c(OC)c2)C1OC,"InChI=1S/C32H38N2O8/c1-37-24-12-17(13-25(38-2)29(24)39-3)31(35)42-26-14-18-16-34-11-10-20-19-8-6-7-9-22(19)33-28(20)23(34)15-21(18)27(30(26)40-4)32(36)41-5/h6-9,12-13,18,21,23,26-27,30,33H,10-11,14-16H2,1-5H3/t18-,21+,23-,26-,27+,30+/m1/s1",COC(=O)[C@H]1[C@H]2C[C@@H]3c4[nH]c5ccccc5c4CCN3C[C@H]2C[C@@H](OC(=O)c2cc(OC)c(OC)c(OC)c2)[C@@H]1OC,deserpidine,Deserpidine,,MODERATE,LOW,4.24,-4.73,1
,Cc1ccc([N+](=O)[O-])c([Hg+])c1[O-],"InChI=1S/C7H6NO3.Hg/c1-5-2-3-6(8(10)11)4-7(5)9;/h2-3,9H,1H3;/q;+1/p-1",Cc1ccc([N+](=O)[O-])c2c1O[Hg]2,,Nitromersol,,HIGH,HIGH,1.42,-1.39,1
,Cc1nnc2n1-c1sc(CCC(=O)N3CCOCC3)cc1C(c1ccccc1Cl)=NC2,"InChI=1S/C22H22ClN5O2S/c1-14-25-26-19-13-24-21(16-4-2-3-5-18(16)23)17-12-15(31-22(17)28(14)19)6-7-20(29)27-8-10-30-11-9-27/h2-5,12H,6-11,13H2,1H3",Cc1nnc2n1-c1sc(CCC(=O)N3CCOCC3)cc1C(c1ccccc1Cl)=NC2,,Apafant,,MODERATE,INACTIVE,3.01,-4.06,1
4396.0,Clc1ccc(C(c2ccc(Cl)cc2)C(Cl)(Cl)Cl)cc1,"InChI=1S/C14H9Cl5/c15-11-5-1-9(2-6-11)13(14(17,18)19)10-3-7-12(16)8-4-10/h1-8,13H",Clc1ccc(C(c2ccc(Cl)cc2)C(Cl)(Cl)Cl)cc1,clofenotane,"p,p'-DDT",,LOW,INACTIVE,6.29,-8.0,0
,CC(=O)OC1CCC2C3CCC4=CC(=O)CCC4=C3C=CC12C,"InChI=1S/C20H24O3/c1-12(21)23-19-8-7-18-17-5-3-13-11-14(22)4-6-15(13)16(17)9-10-20(18,19)2/h9-11,17-19H,3-8H2,1-2H3/t17-,18+,19+,20+/m1/s1",CC(=O)O[C@H]1CC[C@H]2[C@@H]3CCC4=CC(=O)CCC4=C3C=C[C@]12C,,Trenbolone (acetate),,MODERATE,INACTIVE,3.46,-4.61,1
1949.0,O=C1CN(N=Cc2ccc([N+](=O)[O-])o2)C(=O)N1,"InChI=1S/C8H6N4O5/c13-6-4-11(8(14)10-6)9-3-5-1-2-7(17-5)12(15)16/h1-3H,4H2,(H,10,13,14)/b9-3+",O=C1CN(/N=C/c2ccc([N+](=O)[O-])o2)C(=O)N1,nitrofurantoin,Nitrofurantoin,,HIGH,LOW,0.03,-2.76,1
1064.0,CCCCC(=O)OC1CCC2C3CCc4cc(O)ccc4C3CCC12C,"InChI=1S/C23H32O3/c1-3-4-5-22(25)26-21-11-10-20-19-8-6-15-14-16(24)7-9-17(15)18(19)12-13-23(20,21)2/h7,9,14,18-21,24H,3-6,8,10-13H2,1-2H3/t18-,19-,20+,21+,23+/m1/s1",CCCCC(=O)O[C@H]1CC[C@H]2[C@@H]3CCc4cc(O)ccc4[C@H]3CC[C@]12C,estradiol valerate,Estradiol valerate,,HIGH,LOW,5.28,-5.76,1
3034.0,CCC(=O)OC1C=C2CCC3C(CCC4(C)C(OC(=O)CC)CCC34)C2CC1,"InChI=1S/C24H36O4/c1-4-22(25)27-16-7-9-17-15(14-16)6-8-19-18(17)12-13-24(3)20(19)10-11-21(24)28-23(26)5-2/h14,16-21H,4-13H2,1-3H3/t16-,17-,18+,19+,20-,21-,24-/m0/s1",CCC(=O)O[C@@H]1C=C2CC[C@@H]3[C@H](CC[C@]4(C)[C@@H](OC(=O)CC)CC[C@@H]34)[C@H]2CC1,bolandiol dipropionate,Bolandiol dipropionate,,LOW,INACTIVE,4.91,-5.44,0
3070.0,CCCNC(C)C(=O)Nc1c(C)csc1C(=O)OC,"InChI=1S/C13H20N2O3S/c1-5-6-14-9(3)12(16)15-10-8(2)7-19-11(10)13(17)18-4/h7,9,14H,5-6H2,1-4H3,(H,15,16)",CCCNC(C)C(=O)Nc1c(C)csc1C(=O)OC,articaine,Articaine hydrochloride,,LOW,INACTIVE,1.92,-4.0,0
,O=c1oc2c(O)c(O)cc3c(=O)oc4c(O)c(O)cc1c4c23,"InChI=1S/C14H6O8/c15-5-1-3-7-8-4(14(20)22-11(7)9(5)17)2-6(16)10(18)12(8)21-13(3)19/h1-2,15-18H",O=c1oc2c(O)c(O)cc3c(=O)oc4c(O)c(O)cc1c4c23,,Ellagic acid,"NCGC00017245-15, NCGC00017245-12",LOW,INACTIVE,1.59,-2.57,0
5238.0,Nc1nc(-n2cc(C(=O)O)c(=O)c3cc(F)c(N4CC(O)C4)c(Cl)c32)c(F)cc1F,"InChI=1S/C18H12ClF3N4O4/c19-12-13-7(1-9(20)14(12)25-3-6(27)4-25)15(28)8(18(29)30)5-26(13)17-11(22)2-10(21)16(23)24-17/h1-2,5-6,27H,3-4H2,(H2,23,24)(H,29,30)",Nc1nc(-n2cc(C(=O)O)c(=O)c3cc(F)c(N4CC(O)C4)c(Cl)c32)c(F)cc1F,delafloxacin,Delafloxacin (meglumine),NCGC00390187-01,MODERATE,LOW,1.67,-3.8,1
3972.0,CCC(C)C1OC2(CCC1C)CC1CC(CC=C(C)C(OC3CC(OC)C(OC4CC(OC)C(O)C(C)O4)C(C)O3)C(C)C=CC=C3COC4C(O)C(C)=CC(C(=O)O1)C34O)O2,"InChI=1S/C48H74O14/c1-11-25(2)43-28(5)17-18-47(62-43)23-34-20-33(61-47)16-15-27(4)42(26(3)13-12-14-32-24-55-45-40(49)29(6)19-35(46(51)58-34)48(32,45)52)59-39-22-37(54-10)44(31(8)57-39)60-38-21-36(53-9)41(50)30(7)56-38/h12-15,19,25-26,28,30-31,33-45,49-50,52H,11,16-18,20-24H2,1-10H3/b13-12-,27-15-,32-14-/t25-,26+,28+,30+,31+,33-,34+,35+,36+,37+,38+,39+,40-,41+,42+,43-,44+,45-,47-,48-/m1/s1",CC[C@@H](C)[C@H]1O[C@]2(CC[C@@H]1C)C[C@@H]1C[C@@H](C/C=C(\C)[C@@H](O[C@H]3C[C@H](OC)[C@@H](O[C@H]4C[C@H](OC)[C@@H](O)[C@H](C)O4)[C@H](C)O3)[C@@H](C)/C=C/C=C3\CO[C@@H]4[C@H](O)C(C)=C[C@@H](C(=O)O1)[C@]34O)O2,ivermectin,Ivermectin,NCGC00094047-03,MODERATE,LOW,,-5.15,1
,CC1CCCC(C)N1C(=S)Nc1cccc(C(F)(F)F)c1,"InChI=1S/C15H19F3N2S/c1-10-5-3-6-11(2)20(10)14(21)19-13-8-4-7-12(9-13)15(16,17)18/h4,7-11H,3,5-6H2,1-2H3,(H,19,21)",CC1CCCC(C)N1C(=S)Nc1cccc(C(F)(F)F)c1,,,NCGC00538144-01,LOW,INACTIVE,4.51,-4.58,0
333.0,CN1C2CCC1CC(OC(c1ccccc1)c1ccccc1)C2,"InChI=1S/C21H25NO/c1-22-18-12-13-19(22)15-20(14-18)23-21(16-8-4-2-5-9-16)17-10-6-3-7-11-17/h2-11,18-21H,12-15H2,1H3/t18-,19+,20+",CN1[C@H]2CC[C@@H]1C[C@H](OC(c1ccccc1)c1ccccc1)C2,benzatropine,Benztropine mesylate,,HIGH,HIGH,4.48,-5.41,1
5286.0,CON=C1CC2(CC3CC(CC=C(C)CC(C)C=CC=C4COC5C(O)C(C)=CC(C(=O)O3)C45O)O2)OC(C(C)=CC(C)C)C1C,"InChI=1S/C37H53NO8/c1-21(2)14-25(6)33-26(7)31(38-42-8)19-36(46-33)18-29-17-28(45-36)13-12-23(4)15-22(3)10-9-11-27-20-43-34-32(39)24(5)16-30(35(40)44-29)37(27,34)41/h9-12,14,16,21-22,26,28-30,32-34,39,41H,13,15,17-20H2,1-8H3/b10-9-,23-12-,25-14+,27-11-,38-31-/t22-,26-,28+,29-,30-,32+,33+,34+,36-,37+/m0/s1",CO/N=C1/C[C@]2(C[C@@H]3C[C@@H](C/C=C(\C)C[C@@H](C)/C=C/C=C4\CO[C@@H]5[C@H](O)C(C)=C[C@@H](C(=O)O3)[C@]45O)O2)O[C@H](/C(C)=C/C(C)C)[C@H]1C,moxidectin,Moxidectin,,LOW,INACTIVE,5.3,-5.09,0
,Cc1c(F)cc2c(=O)c(C(=O)O)cn3c2c1CCC3C,"InChI=1S/C15H14FNO3/c1-7-3-4-9-8(2)12(16)5-10-13(9)17(7)6-11(14(10)18)15(19)20/h5-7H,3-4H2,1-2H3,(H,19,20)",Cc1c(F)cc2c(=O)c(C(=O)O)cn3c2c1CCC3C,,Ibafloxacine,,LOW,INACTIVE,1.83,-2.77,0
2551.0,Nc1c2c(nc3ccccc13)CCCC2,"InChI=1S/C13H14N2/c14-13-9-5-1-3-7-11(9)15-12-8-4-2-6-10(12)13/h1,3,5,7H,2,4,6,8H2,(H2,14,15)",Nc1c2c(nc3ccccc13)CCCC2,tacrine,Tacrine hydrochloride,"NCGC00260721-01, NCGC00015054-20, NCGC00015054-06",LOW,INACTIVE,3.13,-3.16,0
4820.0,CCC(=O)NCC1CC1c1cccc2c1CCO2,"InChI=1S/C15H19NO2/c1-2-15(17)16-9-10-8-13(10)11-4-3-5-14-12(11)6-7-18-14/h3-5,10,13H,2,6-9H2,1H3,(H,16,17)/t10-,13+/m0/s1",CCC(=O)NC[C@@H]1C[C@H]1c1cccc2c1CCO2,tasimelteon,Tasimelteon,,LOW,INACTIVE,2.53,-3.81,0
