DC.ID,SMILES_stand,InChI,SMILES,DC.NAME,NCATS.SYNONYMS,NCGC.ID,CoV1-PPE_cs.ACTIVITY,CoV1-PPE_cs.SIGNIFICANCE,logPow {predicted by ochem.eu/model/535 in Log unit},Aqueous Solubility {predicted by ochem.eu/model/536 in log(mol/L)},Label
,CC(C)(C)c1ccc(O)cc1,"InChI=1S/C10H14O/c1-10(2,3)8-4-6-9(11)7-5-8/h4-7,11H,1-3H3",CC(C)(C)c1ccc(O)cc1,,4-tert-Butylphenol,,LOW,INACTIVE,3.47,-2.37,0
4721.0,O=C(NC1CCN(CCCCC2(C(=O)NCC(F)(F)F)c3ccccc3-c3ccccc32)CC1)c1ccccc1-c1ccc(C(F)(F)F)cc1,"InChI=1S/C39H37F6N3O2/c40-38(41,42)25-46-36(50)37(33-13-5-3-10-30(33)31-11-4-6-14-34(31)37)21-7-8-22-48-23-19-28(20-24-48)47-35(49)32-12-2-1-9-29(32)26-15-17-27(18-16-26)39(43,44)45/h1-6,9-18,28H,7-8,19-25H2,(H,46,50)(H,47,49)",O=C(NC1CCN(CCCCC2(C(=O)NCC(F)(F)F)c3ccccc3-c3ccccc32)CC1)c1ccccc1-c1ccc(C(F)(F)F)cc1,lomitapide,Lomitapide,NCGC00386364-05,HIGH,LOW,7.18,-6.89,1
25.0,Nc1ncn(C2OC(CO)C(O)C2O)c(=O)n1,"InChI=1S/C8H12N4O5/c9-7-10-2-12(8(16)11-7)6-5(15)4(14)3(1-13)17-6/h2-6,13-15H,1H2,(H2,9,11,16)/t3-,4-,5-,6-/m1/s1",Nc1ncn([C@@H]2O[C@H](CO)[C@@H](O)[C@H]2O)c(=O)n1,azacitidine,5-Azacitidine,"NCGC00260720-01, NCGC00090851-17, NCGC00090851-09",LOW,INACTIVE,-2.45,-1.3,0
1763.0,CN(C)c1ccc2nc3ccc(N(C)C)cc3[s+]c2c1,"InChI=1S/C16H18N3S/c1-18(2)11-5-7-13-15(9-11)20-16-10-12(19(3)4)6-8-14(16)17-13/h5-10H,1-4H3/q+1",CN(C)c1ccc2nc3ccc(N(C)C)cc3[s+]c2c1,methylthioninium chloride,Methylene blue,"NCGC00167496-01, NCGC00167496-02",MODERATE,MODERATE,2.8,-2.93,1
2191.0,O=C(OCCN1CCCCC1)C(O)(c1ccccc1)c1ccccc1,"InChI=1S/C21H25NO3/c23-20(25-17-16-22-14-8-3-9-15-22)21(24,18-10-4-1-5-11-18)19-12-6-2-7-13-19/h1-2,4-7,10-13,24H,3,8-9,14-17H2",O=C(OCCN1CCCCC1)C(O)(c1ccccc1)c1ccccc1,pipethanate,Piperilate hydrochloride,,LOW,INACTIVE,3.46,-3.68,0
2172.0,O=c1[nH]c2ccccc2n1C1CCN(CCCC(c2ccc(F)cc2)c2ccc(F)cc2)CC1,"InChI=1S/C28H29F2N3O/c29-22-11-7-20(8-12-22)25(21-9-13-23(30)14-10-21)4-3-17-32-18-15-24(16-19-32)33-27-6-2-1-5-26(27)31-28(33)34/h1-2,5-14,24-25H,3-4,15-19H2,(H,31,34)",O=c1[nH]c2ccccc2n1C1CCN(CCCC(c2ccc(F)cc2)c2ccc(F)cc2)CC1,pimozide,Pimozide,"NCGC00015802-15, NCGC00015802-26",LOW,INACTIVE,6.37,-5.42,0
1120.0,CCC1(O)C(=O)OCc2c1cc1n(c2=O)Cc2c-1nc1cc(F)c(C)c3c1c2C(N)CC3,"InChI=1S/C24H22FN3O4/c1-3-24(31)14-6-18-21-12(8-28(18)22(29)13(14)9-32-23(24)30)19-16(26)5-4-11-10(2)15(25)7-17(27-21)20(11)19/h6-7,16,31H,3-5,8-9,26H2,1-2H3/t16-,24-/m0/s1",CC[C@@]1(O)C(=O)OCc2c1cc1n(c2=O)Cc2c-1nc1cc(F)c(C)c3c1c2[C@@H](N)CC3,exatecan,Exatecan,,HIGH,MODERATE,1.67,-3.29,1
2599.0,CC(C)N1CCN(c2ccc(OCC3COC(Cn4cncn4)(c4ccc(Cl)cc4Cl)O3)cc2)CC1,"InChI=1S/C26H31Cl2N5O3/c1-19(2)31-9-11-32(12-10-31)21-4-6-22(7-5-21)34-14-23-15-35-26(36-23,16-33-18-29-17-30-33)24-8-3-20(27)13-25(24)28/h3-8,13,17-19,23H,9-12,14-16H2,1-2H3",CC(C)N1CCN(c2ccc(OCC3COC(Cn4cncn4)(c4ccc(Cl)cc4Cl)O3)cc2)CC1,terconazole,Terconazole,,LOW,INACTIVE,4.59,-4.66,0
958.0,CC1OC(n2cc(F)c(=O)[nH]c2=O)C(O)C1O,"InChI=1S/C9H11FN2O5/c1-3-5(13)6(14)8(17-3)12-2-4(10)7(15)11-9(12)16/h2-3,5-6,8,13-14H,1H3,(H,11,15,16)/t3-,5-,6-,8-/m1/s1",C[C@H]1O[C@@H](n2cc(F)c(=O)[nH]c2=O)[C@H](O)[C@@H]1O,doxifluridine,Doxifluridine,"NCGC00093926-10, NCGC00261222-01, NCGC00093926-04",LOW,INACTIVE,-0.77,-0.82,0
3217.0,Cc1cc(-c2ccc(N=Nc3ccc4c(S(=O)(=O)O)cc(S(=O)(=O)O)c(N)c4c3O)c(C)c2)ccc1N=Nc1ccc2c(S(=O)(=O)O)cc(S(=O)(=O)O)c(N)c2c1O,"InChI=1S/C34H28N6O14S4/c1-15-11-17(3-7-21(15)37-39-23-9-5-19-25(55(43,44)45)13-27(57(49,50)51)31(35)29(19)33(23)41)18-4-8-22(16(2)12-18)38-40-24-10-6-20-26(56(46,47)48)14-28(58(52,53)54)32(36)30(20)34(24)42/h3-14,41-42H,35-36H2,1-2H3,(H,43,44,45)(H,46,47,48)(H,49,50,51)(H,52,53,54)/b39-37+,40-38+",Cc1cc(-c2ccc(/N=N/c3ccc4c(S(=O)(=O)O)cc(S(=O)(=O)O)c(N)c4c3O)c(C)c2)ccc1/N=N/c1ccc2c(S(=O)(=O)O)cc(S(=O)(=O)O)c(N)c2c1O,evans blue,EVANS BLUE,,MODERATE,MODERATE,-0.03,-4.9,1
1417.0,O=c1[nH]c(=O)n(C2CC(O)C(CO)O2)cc1I,"InChI=1S/C9H11IN2O5/c10-4-2-12(9(16)11-8(4)15)7-1-5(14)6(3-13)17-7/h2,5-7,13-14H,1,3H2,(H,11,15,16)/t5-,6+,7+/m0/s1",O=c1[nH]c(=O)n([C@H]2C[C@H](O)[C@@H](CO)O2)cc1I,idoxuridine,Idoxuridine,"NCGC00179673-09, NCGC00179673-04",LOW,INACTIVE,-0.7,-1.18,0
,CC(=O)OCC1OC(OC2(COC(C)=O)OC(COC(C)=O)C(OC(C)=O)C2OC(C)=O)C(OC(C)=O)C(OC(C)=O)C1OC(C)=O,"InChI=1S/C28H38O19/c1-12(29)37-9-20-22(40-15(4)32)24(42-17(6)34)25(43-18(7)35)27(45-20)47-28(11-39-14(3)31)26(44-19(8)36)23(41-16(5)33)21(46-28)10-38-13(2)30/h20-27H,9-11H2,1-8H3/t20-,21-,22-,23-,24+,25-,26+,27-,28+/m1/s1",CC(=O)OC[C@H]1O[C@H](O[C@]2(COC(C)=O)O[C@H](COC(C)=O)[C@@H](OC(C)=O)[C@@H]2OC(C)=O)[C@H](OC(C)=O)[C@@H](OC(C)=O)[C@@H]1OC(C)=O,,Sucrose octaacetate,,LOW,INACTIVE,1.06,-3.39,0
3601.0,CN(C)C(=S)SSC(=S)N(C)C,InChI=1S/C6H12N2S4/c1-7(2)5(9)11-12-6(10)8(3)4/h1-4H3,CN(C)C(=S)SSC(=S)N(C)C,thiram,Thiram,,HIGH,HIGH,2.18,-3.74,1
99.0,COc1ccc2cccc(CCNC(C)=O)c2c1,"InChI=1S/C15H17NO2/c1-11(17)16-9-8-13-5-3-4-12-6-7-14(18-2)10-15(12)13/h3-7,10H,8-9H2,1-2H3,(H,16,17)",COc1ccc2cccc(CCNC(C)=O)c2c1,agomelatine,Agomelatine,NCGC00253646-08,LOW,INACTIVE,2.83,-4.5,0
647.0,CC(NCCCc1cccc(C(F)(F)F)c1)c1cccc2ccccc12,"InChI=1S/C22H22F3N/c1-16(20-13-5-10-18-9-2-3-12-21(18)20)26-14-6-8-17-7-4-11-19(15-17)22(23,24)25/h2-5,7,9-13,15-16,26H,6,8,14H2,1H3/t16-/m1/s1",C[C@@H](NCCCc1cccc(C(F)(F)F)c1)c1cccc2ccccc12,cinacalcet,Cinacalcet hydrochloride,"NCGC00181002-10, NCGC00389308-02, NCGC00181002-02",MODERATE,LOW,5.49,-6.8,1
1077.0,CCOc1ccc(Cc2nccc3cc(OCC)c(OCC)cc23)cc1OCC,"InChI=1S/C24H29NO4/c1-5-26-21-10-9-17(14-22(21)27-6-2)13-20-19-16-24(29-8-4)23(28-7-3)15-18(19)11-12-25-20/h9-12,14-16H,5-8,13H2,1-4H3",CCOc1ccc(Cc2nccc3cc(OCC)c(OCC)cc23)cc1OCC,ethaverine,Ethaverine hydrochloride,,HIGH,HIGH,5.76,-5.65,1
4686.0,CC(C)=CC1C(C(=O)OCc2cccc(Oc3ccccc3)c2)C1(C)C,"InChI=1S/C23H26O3/c1-16(2)13-20-21(23(20,3)4)22(24)25-15-17-9-8-12-19(14-17)26-18-10-6-5-7-11-18/h5-14,20-21H,15H2,1-4H3",CC(C)=CC1C(C(=O)OCc2cccc(Oc3ccccc3)c2)C1(C)C,phenothrin,Phenothrin,,LOW,INACTIVE,6.43,-5.24,0
863.0,Oc1ccc(Cl)cc1Cc1cc(Cl)ccc1O,"InChI=1S/C13H10Cl2O2/c14-10-1-3-12(16)8(6-10)5-9-7-11(15)2-4-13(9)17/h1-4,6-7,16-17H,5H2",Oc1ccc(Cl)cc1Cc1cc(Cl)ccc1O,dichlorophen,Dichlorophen,,MODERATE,LOW,3.92,-3.94,1
2280.0,CCCN(CCC)C(=O)C(CCC(=O)OCCCN1CCN(CCOC(=O)Cc2c(C)n(C(=O)c3ccc(Cl)cc3)c3ccc(OC)cc23)CC1)NC(=O)c1ccccc1,"InChI=1S/C46H58ClN5O8/c1-5-21-51(22-6-2)46(57)40(48-44(55)34-11-8-7-9-12-34)18-20-42(53)59-29-10-23-49-24-26-50(27-25-49)28-30-60-43(54)32-38-33(3)52(41-19-17-37(58-4)31-39(38)41)45(56)35-13-15-36(47)16-14-35/h7-9,11-17,19,31,40H,5-6,10,18,20-30,32H2,1-4H3,(H,48,55)",CCCN(CCC)C(=O)C(CCC(=O)OCCCN1CCN(CCOC(=O)Cc2c(C)n(C(=O)c3ccc(Cl)cc3)c3ccc(OC)cc23)CC1)NC(=O)c1ccccc1,proglumetacin,Proglumetacin,,LOW,INACTIVE,5.91,-5.86,0
5142.0,CC(C)COc1ccc(CNC(=O)N(Cc2ccc(F)cc2)C2CCN(C)CC2)cc1,"InChI=1S/C25H34FN3O2/c1-19(2)18-31-24-10-6-20(7-11-24)16-27-25(30)29(23-12-14-28(3)15-13-23)17-21-4-8-22(26)9-5-21/h4-11,19,23H,12-18H2,1-3H3,(H,27,30)",CC(C)COc1ccc(CNC(=O)N(Cc2ccc(F)cc2)C2CCN(C)CC2)cc1,pimavanserin,Pimavanserin,NCGC00390656-01,MODERATE,LOW,4.18,-4.76,1
396.0,CCNC1CN(CCCOC)S(=O)(=O)c2sc(S(N)(=O)=O)cc21,"InChI=1S/C12H21N3O5S3/c1-3-14-10-8-15(5-4-6-20-2)23(18,19)12-9(10)7-11(21-12)22(13,16)17/h7,10,14H,3-6,8H2,1-2H3,(H2,13,16,17)/t10-/m0/s1",CCN[C@H]1CN(CCCOC)S(=O)(=O)c2sc(S(N)(=O)=O)cc21,brinzolamide,Brinzolamide,,LOW,INACTIVE,-0.65,-2.73,0
2355.0,CCC(=O)NCCC1CCc2ccc3c(c21)CCO3,"InChI=1S/C16H21NO2/c1-2-15(18)17-9-7-12-4-3-11-5-6-14-13(16(11)12)8-10-19-14/h5-6,12H,2-4,7-10H2,1H3,(H,17,18)/t12-/m0/s1",CCC(=O)NCC[C@@H]1CCc2ccc3c(c21)CCO3,ramelteon,RAMELTEON,"NCGC00178707-05, NCGC00178707-06, NCGC00095187-09, NCGC00178707-03",LOW,INACTIVE,3.03,-4.2,0
160.0,Nc1c2ccccc2nc2ccccc12,"InChI=1S/C13H10N2/c14-13-9-5-1-3-7-11(9)15-12-8-4-2-6-10(12)13/h1-8H,(H2,14,15)",Nc1c2ccccc2nc2ccccc12,aminoacridine,"9-Aminoacridine, monohydrochloride, monohydrate|AMINACRINE",,HIGH,LOW,2.75,-3.41,1
687.0,NC(=O)C1(N2CCCCC2)CCN(CCCN2c3ccccc3CCc3ccc(Cl)cc32)CC1,"InChI=1S/C28H37ClN4O/c29-24-12-11-23-10-9-22-7-2-3-8-25(22)33(26(23)21-24)18-6-15-31-19-13-28(14-20-31,27(30)34)32-16-4-1-5-17-32/h2-3,7-8,11-12,21H,1,4-6,9-10,13-20H2,(H2,30,34)",NC(=O)C1(N2CCCCC2)CCN(CCCN2c3ccccc3CCc3ccc(Cl)cc32)CC1,clocapramine,Clocapramine,,MODERATE,LOW,5.14,-4.75,1
2595.0,CN1C(C(=O)Nc2ccccn2)=C(O)c2sccc2S1(=O)=O,"InChI=1S/C13H11N3O4S2/c1-16-10(13(18)15-9-4-2-3-6-14-9)11(17)12-8(5-7-21-12)22(16,19)20/h2-7,17H,1H3,(H,14,15,18)",CN1C(C(=O)Nc2ccccn2)=C(O)c2sccc2S1(=O)=O,tenoxicam,Tenoxicam,"NCGC00016889-15, NCGC00016889-05",LOW,INACTIVE,2.42,-3.12,0
,C=Cc1ccccc1,"InChI=1S/C8H8/c1-2-8-6-4-3-5-7-8/h2-7H,1H2",C=Cc1ccccc1,,Styrene,,LOW,INACTIVE,2.92,-3.03,0
,C=C1C(=CC=C2CCCC3(C)C2CCC3C(C)C=CC=CC(O)(CC)CC)CC(O)CC1O,"InChI=1S/C30H46O3/c1-6-30(33,7-2)18-9-8-11-21(3)26-15-16-27-23(12-10-17-29(26,27)5)13-14-24-19-25(31)20-28(32)22(24)4/h8-9,11,13-14,18,21,25-28,31-33H,4,6-7,10,12,15-17,19-20H2,1-3,5H3/b11-8+,18-9+,23-13+,24-14-/t21-,25-,26-,27+,28+,29-/m1/s1",C=C1/C(=C\C=C2/CCC[C@@]3(C)[C@H]2CC[C@@H]3[C@H](C)/C=C/C=C/C(O)(CC)CC)C[C@@H](O)C[C@@H]1O,,,NCGC00378634-01,LOW,INACTIVE,6.58,-5.11,0
1912.0,O=C(Nc1ccc([N+](=O)[O-])cc1Cl)c1cc(Cl)ccc1O,"InChI=1S/C13H8Cl2N2O4/c14-7-1-4-12(18)9(5-7)13(19)16-11-3-2-8(17(20)21)6-10(11)15/h1-6,18H,(H,16,19)",O=C(Nc1ccc([N+](=O)[O-])cc1Cl)c1cc(Cl)ccc1O,niclosamide,Niclosamide,"NCGC00015735-08, NCGC00015735-18, NCGC00015735-12",HIGH,HIGH,4.49,-4.63,1
,O=[N+]([O-])c1ccc(Oc2ccc(N=C=S)cc2)cc1,InChI=1S/C13H8N2O3S/c16-15(17)11-3-7-13(8-4-11)18-12-5-1-10(2-6-12)14-9-19/h1-8H,O=[N+]([O-])c1ccc(Oc2ccc(N=C=S)cc2)cc1,,Nitroscanate,,MODERATE,LOW,4.78,-4.62,1
4160.0,NC(CSCC(=O)O)C(=O)O,"InChI=1S/C5H9NO4S/c6-3(5(9)10)1-11-2-4(7)8/h3H,1-2,6H2,(H,7,8)(H,9,10)/t3-/m0/s1",N[C@@H](CSCC(=O)O)C(=O)O,carbocisteine,Carbocysteine,,LOW,INACTIVE,-3.2,-0.92,0
3017.0,CCCCCCCCCCCC[N+](C)(C)Cc1ccccc1,"InChI=1S/C21H38N/c1-4-5-6-7-8-9-10-11-12-16-19-22(2,3)20-21-17-14-13-15-18-21/h13-15,17-18H,4-12,16,19-20H2,1-3H3/q+1",CCCCCCCCCCCC[N+](C)(C)Cc1ccccc1,benzalkonium,BENZALKONIUM CHLORIDE,NCGC00164245-03,HIGH,LOW,2.79,-7.85,1
2459.0,CNC(=O)c1cc(Oc2ccc(NC(=O)Nc3ccc(Cl)c(C(F)(F)F)c3)cc2)ccn1,"InChI=1S/C21H16ClF3N4O3/c1-26-19(30)18-11-15(8-9-27-18)32-14-5-2-12(3-6-14)28-20(31)29-13-4-7-17(22)16(10-13)21(23,24)25/h2-11H,1H3,(H,26,30)(H2,28,29,31)",CNC(=O)c1cc(Oc2ccc(NC(=O)Nc3ccc(Cl)c(C(F)(F)F)c3)cc2)ccn1,sorafenib,Sorafenib,"NCGC00167488-03, NCGC00167488-14",HIGH,LOW,4.12,-5.44,1
,CCCOc1ccc2nc(NC(=O)OC)sc2c1,"InChI=1S/C12H14N2O3S/c1-3-6-17-8-4-5-9-10(7-8)18-11(13-9)14-12(15)16-2/h4-5,7H,3,6H2,1-2H3,(H,13,14,15)",CCCOc1ccc2nc(NC(=O)OC)sc2c1,,Tioxidazole,,MODERATE,LOW,2.93,-3.82,1
,CC(C)OC(=O)Nc1ccc2[nH]c(-c3cscn3)nc2c1,"InChI=1S/C14H14N4O2S/c1-8(2)20-14(19)16-9-3-4-10-11(5-9)18-13(17-10)12-6-21-7-15-12/h3-8H,1-2H3,(H,16,19)(H,17,18)",CC(C)OC(=O)Nc1ccc2[nH]c(-c3cscn3)nc2c1,,Cambendazole,,HIGH,HIGH,3.02,-4.15,1
4317.0,C[n+]1c2cc(N)ccc2cc2ccc(N)cc21,"InChI=1S/C14H13N3/c1-17-13-7-11(15)4-2-9(13)6-10-3-5-12(16)8-14(10)17/h2-8H,1H3,(H3,15,16)/p+1",C[n+]1c2cc(N)ccc2cc2ccc(N)cc21,euflavine,Acriflavine hydrochloride,,MODERATE,LOW,-1.69,-5.2,1
4677.0,COC(=O)CC(O)(CCCC(C)(C)O)C(=O)OC1C(OC)=CC23CCCN2CCc2cc4c(cc2C13)OCO4,"InChI=1S/C29H39NO9/c1-27(2,33)8-5-10-29(34,16-23(31)36-4)26(32)39-25-22(35-3)15-28-9-6-11-30(28)12-7-18-13-20-21(38-17-37-20)14-19(18)24(25)28/h13-15,24-25,33-34H,5-12,16-17H2,1-4H3/t24-,25-,28+,29-/m1/s1",COC(=O)C[C@](O)(CCCC(C)(C)O)C(=O)O[C@@H]1C(OC)=C[C@]23CCCN2CCc2cc4c(cc2[C@H]13)OCO4,omacetaxine mepesuccinate,Omacetaxine mepesuccinate,NCGC00025155-01,MODERATE,MODERATE,2.1,-3.7,1
,CCOc1cc(NC(C)=O)ccc1C(=O)OC,"InChI=1S/C12H15NO4/c1-4-17-11-7-9(13-8(2)14)5-6-10(11)12(15)16-3/h5-7H,4H2,1-3H3,(H,13,14)",CCOc1cc(NC(C)=O)ccc1C(=O)OC,,Ethopabate,,LOW,INACTIVE,2.06,-2.7,0
,CC(C)CCCC(C)C1CCC2C3CC=C4CC(O)CCC4(C)C3CCC12C,"InChI=1S/C27H46O/c1-18(2)7-6-8-19(3)23-11-12-24-22-10-9-20-17-21(28)13-15-26(20,4)25(22)14-16-27(23,24)5/h9,18-19,21-25,28H,6-8,10-17H2,1-5H3/t19-,21+,22+,23-,24+,25+,26+,27-/m1/s1",CC(C)CCC[C@@H](C)[C@H]1CC[C@H]2[C@@H]3CC=C4C[C@@H](O)CC[C@]4(C)[C@H]3CC[C@@]21C,,Cholesterol,,LOW,INACTIVE,7.0,-7.14,0
4.0,CCCCN1CCCCC1C(=O)Nc1c(C)cccc1C,"InChI=1S/C18H28N2O/c1-4-5-12-20-13-7-6-11-16(20)18(21)19-17-14(2)9-8-10-15(17)3/h8-10,16H,4-7,11-13H2,1-3H3,(H,19,21)/t16-/m0/s1",CCCCN1CCCC[C@H]1C(=O)Nc1c(C)cccc1C,levobupivacaine,Levobupivacaine hydrochloride,NCGC00159482-03,LOW,INACTIVE,3.31,-3.47,0
4872.0,O=C(O)c1cccc(-c2noc(-c3ccccc3F)n2)c1,"InChI=1S/C15H9FN2O3/c16-12-7-2-1-6-11(12)14-17-13(18-21-14)9-4-3-5-10(8-9)15(19)20/h1-8H,(H,19,20)",O=C(O)c1cccc(-c2noc(-c3ccccc3F)n2)c1,ataluren,PTC-124,"NCGC00168759-10, NCGC00168759-04",HIGH,MODERATE,2.98,-3.38,1
1452.0,CC(=O)NCc1c(I)c(NC(C)=O)c(I)c(C(=O)O)c1I,"InChI=1S/C12H11I3N2O4/c1-4(18)16-3-6-8(13)7(12(20)21)10(15)11(9(6)14)17-5(2)19/h3H2,1-2H3,(H,16,18)(H,17,19)(H,20,21)",CC(=O)NCc1c(I)c(NC(C)=O)c(I)c(C(=O)O)c1I,iodamide,Iodamide,,LOW,INACTIVE,2.55,-4.03,0
2480.0,CC(C)(C)C(O)C=Cc1ccc2c(c1)OCO2,"InChI=1S/C14H18O3/c1-14(2,3)13(15)7-5-10-4-6-11-12(8-10)17-9-16-11/h4-8,13,15H,9H2,1-3H3/b7-5+",CC(C)(C)C(O)C=Cc1ccc2c(c1)OCO2,stiripentol,Stiripentol,NCGC00185769-01,LOW,INACTIVE,3.01,-2.77,0
103.0,CCCSc1ccc2nc(NC(=O)OC)[nH]c2c1,"InChI=1S/C12H15N3O2S/c1-3-6-18-8-4-5-9-10(7-8)14-11(13-9)15-12(16)17-2/h4-5,7H,3,6H2,1-2H3,(H2,13,14,15,16)",CCCSc1ccc2nc(NC(=O)OC)[nH]c2c1,albendazole,Albendazole,,MODERATE,MODERATE,3.22,-4.06,1
,CCCCCCCCCCCCCCCCCCNC(=O)OC1CCN(C(=O)OCC(COC(=O)N(Cc2cccc[n+]2CC)C(=O)c2ccccc2OC)OC)CC1,"InChI=1S/C46H72N4O9/c1-5-7-8-9-10-11-12-13-14-15-16-17-18-19-20-24-31-47-44(52)59-39-29-33-49(34-30-39)45(53)57-36-40(55-3)37-58-46(54)50(35-38-26-23-25-32-48(38)6-2)43(51)41-27-21-22-28-42(41)56-4/h21-23,25-28,32,39-40H,5-20,24,29-31,33-37H2,1-4H3/p+1/t40-/m1/s1",CCCCCCCCCCCCCCCCCCNC(=O)OC1CCN(C(=O)OC[C@H](COC(=O)N(Cc2cccc[n+]2CC)C(=O)c2ccccc2OC)OC)CC1,,Minopafant,,MODERATE,LOW,,-7.45,1
,CCCCCCCCCCCCOCCOCCOCCOCCOCCOCCOCCOCCOCCO,"InChI=1S/C30H62O10/c1-2-3-4-5-6-7-8-9-10-11-13-32-15-17-34-19-21-36-23-25-38-27-29-40-30-28-39-26-24-37-22-20-35-18-16-33-14-12-31/h31H,2-30H2,1H3",CCCCCCCCCCCCOCCOCCOCCOCCOCCOCCOCCOCCOCCO,,Polyoxyethylene (9) lauryl ether,,MODERATE,HIGH,3.14,-6.16,1
1012.0,CCCCCCCCCCCCCCCCCCCCCC(=O)Nc1ccn(C2OC(CO)C(O)C2O)c(=O)n1,"InChI=1S/C31H55N3O6/c1-2-3-4-5-6-7-8-9-10-11-12-13-14-15-16-17-18-19-20-21-27(36)32-26-22-23-34(31(39)33-26)30-29(38)28(37)25(24-35)40-30/h22-23,25,28-30,35,37-38H,2-21,24H2,1H3,(H,32,33,36,39)/t25-,28-,29+,30-/m1/s1",CCCCCCCCCCCCCCCCCCCCCC(=O)Nc1ccn([C@@H]2O[C@H](CO)[C@@H](O)[C@@H]2O)c(=O)n1,enocitabine,Enocitabine,,LOW,INACTIVE,6.4,-5.68,0
1758.0,CN1C(=O)CC(C)(c2ccccc2)C1=O,"InChI=1S/C12H13NO2/c1-12(9-6-4-3-5-7-9)8-10(14)13(2)11(12)15/h3-7H,8H2,1-2H3",CN1C(=O)CC(C)(c2ccccc2)C1=O,methsuximide,Methsuximide,,LOW,INACTIVE,1.46,-1.97,0
611.0,Oc1c(Cl)cc(Cl)c2cccnc12,"InChI=1S/C9H5Cl2NO/c10-6-4-7(11)9(13)8-5(6)2-1-3-12-8/h1-4,13H",Oc1c(Cl)cc(Cl)c2cccnc12,chloroxine,Chloroxine,NCGC00095264-05,MODERATE,LOW,3.44,-3.19,1
1684.0,CC1(S(=O)(=O)O)CC(=O)c2ccccc2C1=O,"InChI=1S/C11H10O5S/c1-11(17(14,15)16)6-9(12)7-4-2-3-5-8(7)10(11)13/h2-5H,6H2,1H3,(H,14,15,16)",CC1(S(=O)(=O)O)CC(=O)c2ccccc2C1=O,menadione sodium bisulfite,Menadione sodium bisulfite,,LOW,INACTIVE,-0.47,-2.14,0
3290.0,Oc1cccc2cccnc12,"InChI=1S/C9H7NO/c11-8-5-1-3-7-4-2-6-10-9(7)8/h1-6,11H",Oc1cccc2cccnc12,oxyquinoline,8-Quinolinol Salicylic acid (1:1)|OXYQUINOLINE HEMISULFATE,NCGC00090708-05,HIGH,MODERATE,1.91,-1.54,1
414.0,CC(C)(S)C(=O)NC(CS)C(=O)O,"InChI=1S/C7H13NO3S2/c1-7(2,13)6(11)8-4(3-12)5(9)10/h4,12-13H,3H2,1-2H3,(H,8,11)(H,9,10)/t4-/m0/s1",CC(C)(S)C(=O)N[C@@H](CS)C(=O)O,bucillamine,Bucillamine,,LOW,INACTIVE,0.86,-2.54,0
249.0,COc1ccc(CCN2CCC(Nc3nc4ccccc4n3Cc3ccc(F)cc3)CC2)cc1,"InChI=1S/C28H31FN4O/c1-34-25-12-8-21(9-13-25)14-17-32-18-15-24(16-19-32)30-28-31-26-4-2-3-5-27(26)33(28)20-22-6-10-23(29)11-7-22/h2-13,24H,14-20H2,1H3,(H,30,31)",COc1ccc(CCN2CCC(Nc3nc4ccccc4n3Cc3ccc(F)cc3)CC2)cc1,astemizole,Astemizole,,HIGH,LOW,5.92,-5.58,1
1708.0,S=c1nc[nH]c2nc[nH]c12,"InChI=1S/C5H4N4S/c10-5-3-4(7-1-6-3)8-2-9-5/h1-2H,(H2,6,7,8,9,10)",S=c1nc[nH]c2nc[nH]c12,mercaptopurine,6-Mercaptopurine|MERCAPTOPURINE,"NCGC00094717-10, NCGC00094717-06, NCGC00094717-05",LOW,INACTIVE,-0.13,-2.31,0
4682.0,Cc1[nH]c2ccccc2c1CCNCc1ccc(C=CC(=O)NO)cc1,"InChI=1S/C21H23N3O2/c1-15-18(19-4-2-3-5-20(19)23-15)12-13-22-14-17-8-6-16(7-9-17)10-11-21(25)24-26/h2-11,22-23,26H,12-14H2,1H3,(H,24,25)/b11-10+",Cc1[nH]c2ccccc2c1CCNCc1ccc(/C=C/C(=O)NO)cc1,panobinostat,Panobinostat,"NCGC00263117-07, NCGC00263117-22, NCGC00263117-02",HIGH,MODERATE,3.16,-5.25,1
,COC(=O)c1cc(Cl)ccc1NS(=O)(=O)C(F)(F)F,"InChI=1S/C9H7ClF3NO4S/c1-18-8(15)6-4-5(10)2-3-7(6)14-19(16,17)9(11,12)13/h2-4,14H,1H3",COC(=O)c1cc(Cl)ccc1NS(=O)(=O)C(F)(F)F,,Amidoflumet,,LOW,INACTIVE,3.76,-3.86,0
1761.0,COC1C(O)CC(OC2C(O)CC(OC3C(O)CC(OC4CCC5(C)C(CCC6C5CC(O)C5(C)C(C7=CC(=O)OC7)CCC65O)C4)OC3C)OC2C)OC1C,"InChI=1S/C42H66O14/c1-20-37(49-6)29(43)16-35(51-20)55-39-22(3)53-36(18-31(39)45)56-38-21(2)52-34(17-30(38)44)54-25-9-11-40(4)24(14-25)7-8-27-28(40)15-32(46)41(5)26(10-12-42(27,41)48)23-13-33(47)50-19-23/h13,20-22,24-32,34-39,43-46,48H,7-12,14-19H2,1-6H3/t20-,21-,22-,24-,25+,26-,27-,28+,29+,30+,31+,32-,34+,35+,36+,37-,38-,39-,40+,41+,42+/m1/s1",CO[C@H]1[C@@H](O)C[C@H](O[C@H]2[C@@H](O)C[C@H](O[C@H]3[C@@H](O)C[C@H](O[C@H]4CC[C@]5(C)[C@H]6C[C@@H](O)[C@]7(C)[C@@H](C8=CC(=O)OC8)CC[C@]7(O)[C@@H]6CC[C@@H]5C4)O[C@@H]3C)O[C@@H]2C)O[C@@H]1C,metildigoxin,Methyldigoxin,,MODERATE,MODERATE,1.78,-4.12,1
785.0,Cc1nc(Nc2ncc(C(=O)Nc3c(C)cccc3Cl)s2)cc(N2CCN(CCO)CC2)n1,"InChI=1S/C22H26ClN7O2S/c1-14-4-3-5-16(23)20(14)28-21(32)17-13-24-22(33-17)27-18-12-19(26-15(2)25-18)30-8-6-29(7-9-30)10-11-31/h3-5,12-13,31H,6-11H2,1-2H3,(H,28,32)(H,24,25,26,27)",Cc1nc(Nc2ncc(C(=O)Nc3c(C)cccc3Cl)s2)cc(N2CCN(CCO)CC2)n1,dasatinib,Dasatinib,"NCGC00181129-12, NCGC00181129-08, NCGC00181129-05, NCGC00181129-06",LOW,MODERATE,2.75,-4.58,0
,CCOC(=O)c1ccccc1O,"InChI=1S/C9H10O3/c1-2-12-9(11)7-5-3-4-6-8(7)10/h3-6,10H,2H2,1H3",CCOC(=O)c1ccccc1O,,Ethyl salicylate,,LOW,INACTIVE,2.76,-1.73,0
3881.0,CN(C)CCCOc1nn(Cc2ccccc2)c2ccccc12,"InChI=1S/C19H23N3O/c1-21(2)13-8-14-23-19-17-11-6-7-12-18(17)22(20-19)15-16-9-4-3-5-10-16/h3-7,9-12H,8,13-15H2,1-2H3",CN(C)CCCOc1nn(Cc2ccccc2)c2ccccc12,benzydamine,Benzydamine hydrochloride,NCGC00016397-07,LOW,INACTIVE,3.78,-3.8,0
,O=C(c1ccccc1)c1ccccc1,InChI=1S/C13H10O/c14-13(11-7-3-1-4-8-11)12-9-5-2-6-10-12/h1-10H,O=C(c1ccccc1)c1ccccc1,,Benzophenone,,LOW,INACTIVE,3.03,-3.66,0
1736.0,CC[N+](C)(CC)CCOC(=O)C1c2ccccc2Oc2ccccc21,"InChI=1S/C21H26NO3/c1-4-22(3,5-2)14-15-24-21(23)20-16-10-6-8-12-18(16)25-19-13-9-7-11-17(19)20/h6-13,20H,4-5,14-15H2,1-3H3/q+1",CC[N+](C)(CC)CCOC(=O)C1c2ccccc2Oc2ccccc21,methanthelinium,Methantheline bromide,,LOW,INACTIVE,0.5,-6.45,0
1003.0,Nc1nc(=O)n(C2CSC(CO)O2)cc1F,"InChI=1S/C8H10FN3O3S/c9-4-1-12(8(14)11-7(4)10)5-3-16-6(2-13)15-5/h1,5-6,13H,2-3H2,(H2,10,11,14)/t5-,6+/m0/s1",Nc1nc(=O)n([C@@H]2CS[C@H](CO)O2)cc1F,emtricitabine,Emtricitabine,NCGC00346561-01,LOW,INACTIVE,-0.8,-2.09,0
3493.0,N=C(N)c1ccc(OCCCOc2ccc(C(=N)N)cc2)cc1,"InChI=1S/C17H20N4O2/c18-16(19)12-2-6-14(7-3-12)22-10-1-11-23-15-8-4-13(5-9-15)17(20)21/h2-9H,1,10-11H2,(H3,18,19)(H3,20,21)",N=C(N)c1ccc(OCCCOc2ccc(C(=N)N)cc2)cc1,propamidine,Propamidine,,HIGH,LOW,0.44,-3.75,1
4750.0,CCCCCCCCCCCCCCCCO,"InChI=1S/C16H34O/c1-2-3-4-5-6-7-8-9-10-11-12-13-14-15-16-17/h17H,2-16H2,1H3",CCCCCCCCCCCCCCCCO,cetyl alcohol,1-Hexadecanol,,LOW,INACTIVE,7.16,-6.13,0
2742.0,CN(C)CCCN1c2ccccc2Sc2ccc(C(F)(F)F)cc21,"InChI=1S/C18H19F3N2S/c1-22(2)10-5-11-23-14-6-3-4-7-16(14)24-17-9-8-13(12-15(17)23)18(19,20)21/h3-4,6-9,12H,5,10-11H2,1-2H3",CN(C)CCCN1c2ccccc2Sc2ccc(C(F)(F)F)cc21,triflupromazine,Triflupromazine hydrochloride,NCGC00016012-09,MODERATE,LOW,4.95,-5.29,1
4354.0,C=CCC1=C(C)C(OC(=O)C2C(C=C(C)C)C2(C)C)CC1=O,"InChI=1S/C19H26O3/c1-7-8-13-12(4)16(10-15(13)20)22-18(21)17-14(9-11(2)3)19(17,5)6/h7,9,14,16-17H,1,8,10H2,2-6H3/t14-,16+,17+/m1/s1",C=CCC1=C(C)[C@@H](OC(=O)[C@@H]2[C@@H](C=C(C)C)C2(C)C)CC1=O,bioallethrin,Allethrin,,MODERATE,HIGH,3.58,-4.18,1
,CC(C)(C)CC(C)(C)c1ccc(O)cc1,"InChI=1S/C14H22O/c1-13(2,3)10-14(4,5)11-6-8-12(15)9-7-11/h6-9,15H,10H2,1-5H3",CC(C)(C)CC(C)(C)c1ccc(O)cc1,,"4-(1,1,3,3-Tetramethylbutyl)phenol",NCGC00164127-03,MODERATE,MODERATE,5.29,-3.9,1
,COC(C(=O)C(O)C(C)O)C1Cc2cc3cc(OC4CC(OC5CC(O)C(OC)C(C)O5)C(OC(C)=O)C(C)O4)c(C)c(O)c3c(O)c2C(=O)C1OC1CC(OC2CC(OC3CC(C)(O)C(OC(C)=O)C(C)O3)C(O)C(C)O2)C(O)C(C)O1,"InChI=1S/C57H82O26/c1-21-34(79-40-19-37(53(26(6)75-40)77-28(8)59)82-38-16-33(61)52(70-11)25(5)74-38)15-31-13-30-14-32(54(71-12)51(68)46(63)22(2)58)55(50(67)44(30)49(66)43(31)45(21)62)83-41-18-35(47(64)24(4)73-41)80-39-17-36(48(65)23(3)72-39)81-42-20-57(10,69)56(27(7)76-42)78-29(9)60/h13,15,22-27,32-33,35-42,46-48,52-56,58,61-66,69H,14,16-20H2,1-12H3/t22-,23-,24+,25-,26-,27-,32-,33-,35+,36-,37-,38?,39?,40?,41?,42?,46-,47+,48-,52+,53+,54+,55-,56-,57-/m0/s1",CO[C@H]1[C@@H](O)CC(O[C@H]2CC(Oc3cc4cc5c(c(O)c4c(O)c3C)C(=O)[C@@H](OC3C[C@@H](OC4C[C@H](OC6C[C@](C)(O)[C@@H](OC(C)=O)[C@H](C)O6)[C@@H](O)[C@H](C)O4)[C@H](O)[C@@H](C)O3)[C@H]([C@@H](OC)C(=O)[C@@H](O)[C@H](C)O)C5)O[C@@H](C)[C@H]2OC(C)=O)O[C@H]1C,,Chromomycin A<SUB>3</SUB> from Streptomyces griseus,,MODERATE,INACTIVE,,-3.57,1
2282.0,CC(C)NC(=N)NC(=N)Nc1ccc(Cl)cc1,"InChI=1S/C11H16ClN5/c1-7(2)15-10(13)17-11(14)16-9-5-3-8(12)4-6-9/h3-7H,1-2H3,(H5,13,14,15,16,17)",CC(C)NC(=N)NC(=N)Nc1ccc(Cl)cc1,proguanil,Proguanil hydrochloride,,HIGH,LOW,2.29,-3.35,1
4302.0,C[N+]1(C)CCC(OC(=O)C(O)(c2ccccc2)C2CCCC2)C1,"InChI=1S/C19H28NO3/c1-20(2)13-12-17(14-20)23-18(21)19(22,16-10-6-7-11-16)15-8-4-3-5-9-15/h3-5,8-9,16-17,22H,6-7,10-14H2,1-2H3/q+1",C[N+]1(C)CCC(OC(=O)C(O)(c2ccccc2)C2CCCC2)C1,glycopyrronium bromide,Glycopyrrolate bromide,,LOW,INACTIVE,-1.2,-5.58,0
,CC(=O)OC1CC(OC2C(O)CC(OC3C(O)CC(OC4CCC5(C)C(CCC6C5CC(O)C5(C)C(C7=CC(=O)OC7)CCC65O)C4)OC3C)OC2C)OC(C)C1OC1OC(CO)C(O)C(O)C1O,"InChI=1S/C49H76O20/c1-21-43(67-38-17-32(53)44(22(2)62-38)68-39-18-33(64-24(4)51)45(23(3)63-39)69-46-42(58)41(57)40(56)34(19-50)66-46)31(52)16-37(61-21)65-27-9-11-47(5)26(14-27)7-8-29-30(47)15-35(54)48(6)28(10-12-49(29,48)59)25-13-36(55)60-20-25/h13,21-23,26-35,37-46,50,52-54,56-59H,7-12,14-20H2,1-6H3/t21?,22?,23-,26?,27?,28?,29?,30?,31?,32?,33?,34?,35?,37-,38+,39+,40?,41?,42?,43+,44+,45-,46-,47-,48-,49-/m1/s1",CC(=O)OC1C[C@H](O[C@@H]2C(O)C[C@H](O[C@@H]3C(O)C[C@@H](OC4CC[C@]5(C)C(CCC6C5CC(O)[C@@]5(C)C(C7=CC(=O)OC7)CC[C@@]65O)C4)OC3C)OC2C)O[C@H](C)[C@H]1O[C@H]1OC(CO)C(O)C(O)C1O,,,NCGC00094932-04,MODERATE,MODERATE,,-3.52,1
,OC(CNCC(O)C1CCc2cc(F)ccc2O1)C1CCc2cc(F)ccc2O1,"InChI=1S/C22H25F2NO4/c23-15-3-7-19-13(9-15)1-5-21(28-19)17(26)11-25-12-18(27)22-6-2-14-10-16(24)4-8-20(14)29-22/h3-4,7-10,17-18,21-22,25-27H,1-2,5-6,11-12H2/t17-,18-,21-,22+/m0/s1",O[C@@H](CNC[C@H](O)[C@H]1CCc2cc(F)ccc2O1)[C@@H]1CCc2cc(F)ccc2O1,,rac Nebivolol hydrochloride,NCGC00183875-01,HIGH,MODERATE,2.45,-4.0,1
382.0,CC(=O)Oc1ccc(C2(c3ccc(OC(C)=O)cc3)Oc3ccccc3NC2=O)cc1,"InChI=1S/C24H19NO6/c1-15(26)29-19-11-7-17(8-12-19)24(18-9-13-20(14-10-18)30-16(2)27)23(28)25-21-5-3-4-6-22(21)31-24/h3-14H,1-2H3,(H,25,28)",CC(=O)Oc1ccc(C2(c3ccc(OC(C)=O)cc3)Oc3ccccc3NC2=O)cc1,bisoxatin acetate,Bisoxatin acetate,,MODERATE,LOW,4.14,-5.5,1
,OCC1OC(n2cnc3c(S)ncnc32)C(O)C1O,"InChI=1S/C10H12N4O4S/c15-1-4-6(16)7(17)10(18-4)14-3-13-5-8(14)11-2-12-9(5)19/h2-4,6-7,10,15-17H,1H2,(H,11,12,19)/t4-,6-,7-,10-/m1/s1",OC[C@H]1O[C@@H](n2cnc3c(S)ncnc32)[C@H](O)[C@@H]1O,,Thioinosine,,MODERATE,MODERATE,-1.15,-1.77,1
2757.0,COc1cc(NCc2ccc3nc(N)nc(N)c3c2C)cc(OC)c1OC,"InChI=1S/C19H23N5O3/c1-10-11(5-6-13-16(10)18(20)24-19(21)23-13)9-22-12-7-14(25-2)17(27-4)15(8-12)26-3/h5-8,22H,9H2,1-4H3,(H4,20,21,23,24)",COc1cc(NCc2ccc3nc(N)nc(N)c3c2C)cc(OC)c1OC,trimetrexate,Trimetrexate,"NCGC00161419-06, NCGC00161419-05, NCGC00161419-03",MODERATE,MODERATE,2.36,-4.08,1
2671.0,CCS(=O)(=O)CCn1c([N+](=O)[O-])cnc1C,"InChI=1S/C8H13N3O4S/c1-3-16(14,15)5-4-10-7(2)9-6-8(10)11(12)13/h6H,3-5H2,1-2H3",CCS(=O)(=O)CCn1c([N+](=O)[O-])cnc1C,tinidazole,Tinidazole,,LOW,INACTIVE,-0.41,-1.91,0
3294.0,COc1cc(C(C)=O)ccc1OCCCN1CCC(c2noc3cc(F)ccc23)CC1,"InChI=1S/C24H27FN2O4/c1-16(28)18-4-7-21(23(14-18)29-2)30-13-3-10-27-11-8-17(9-12-27)24-20-6-5-19(25)15-22(20)31-26-24/h4-7,14-15,17H,3,8-13H2,1-2H3",COc1cc(C(C)=O)ccc1OCCCN1CCC(c2noc3cc(F)ccc23)CC1,iloperidone,Iloperidone,NCGC00188864-01,MODERATE,HIGH,4.26,-4.15,1
636.0,Cc1cc(C2CCCCC2)n(O)c(=O)c1,"InChI=1S/C12H17NO2/c1-9-7-11(13(15)12(14)8-9)10-5-3-2-4-6-10/h7-8,10,15H,2-6H2,1H3",Cc1cc(C2CCCCC2)n(O)c(=O)c1,ciclopirox,Ciclopirox,"NCGC00017112-14, NCGC00017112-11",MODERATE,LOW,2.14,-2.17,1
774.0,Cc1c2oc3c(C)ccc(C(=O)NC4C(=O)NC(C(C)C)C(=O)N5CCCC5C(=O)N(C)CC(=O)N(C)C(C(C)C)C(=O)OC4C)c3nc-2c(C(=O)NC2C(=O)NC(C(C)C)C(=O)N3CCCC3C(=O)N(C)CC(=O)N(C)C(C(C)C)C(=O)OC2C)c(N)c1=O,"InChI=1S/C62H86N12O16/c1-27(2)42-59(84)73-23-17-19-36(73)57(82)69(13)25-38(75)71(15)48(29(5)6)61(86)88-33(11)44(55(80)65-42)67-53(78)35-22-21-31(9)51-46(35)64-47-40(41(63)50(77)32(10)52(47)90-51)54(79)68-45-34(12)89-62(87)49(30(7)8)72(16)39(76)26-70(14)58(83)37-20-18-24-74(37)60(85)43(28(3)4)66-56(45)81/h21-22,27-30,33-34,36-37,42-45,48-49H,17-20,23-26,63H2,1-16H3,(H,65,80)(H,66,81)(H,67,78)(H,68,79)/t33-,34-,36+,37+,42-,43-,44+,45+,48+,49+/m1/s1",Cc1c2oc3c(C)ccc(C(=O)N[C@@H]4C(=O)N[C@H](C(C)C)C(=O)N5CCC[C@H]5C(=O)N(C)CC(=O)N(C)[C@@H](C(C)C)C(=O)O[C@@H]4C)c3nc-2c(C(=O)N[C@@H]2C(=O)N[C@H](C(C)C)C(=O)N3CCC[C@H]3C(=O)N(C)CC(=O)N(C)[C@@H](C(C)C)C(=O)O[C@@H]2C)c(N)c1=O,dactinomycin,Actinomycin D,"NCGC00025059-08, NCGC00271789-11, NCGC00025059-04",MODERATE,INACTIVE,2.79,-4.8,1
,COP(=S)(OC)Oc1cc(Cl)c(Cl)cc1Cl,"InChI=1S/C8H8Cl3O3PS/c1-12-15(16,13-2)14-8-4-6(10)5(9)3-7(8)11/h3-4H,1-2H3",COP(=S)(OC)Oc1cc(Cl)c(Cl)cc1Cl,,Fenchlorphos,,LOW,INACTIVE,4.88,-5.54,0
2036.0,CCCCC1C(=O)N(c2ccccc2)N(c2ccc(O)cc2)C1=O,"InChI=1S/C19H20N2O3/c1-2-3-9-17-18(23)20(14-7-5-4-6-8-14)21(19(17)24)15-10-12-16(22)13-11-15/h4-8,10-13,17,22H,2-3,9H2,1H3",CCCCC1C(=O)N(c2ccccc2)N(c2ccc(O)cc2)C1=O,oxyphenbutazone,Oxyphenbutazone,,HIGH,HIGH,2.79,-3.09,1
4112.0,CCCCc1oc2ccc(NS(C)(=O)=O)cc2c1C(=O)c1ccc(OCCCN(CCCC)CCCC)cc1,"InChI=1S/C31H44N2O5S/c1-5-8-12-29-30(27-23-25(32-39(4,35)36)15-18-28(27)38-29)31(34)24-13-16-26(17-14-24)37-22-11-21-33(19-9-6-2)20-10-7-3/h13-18,23,32H,5-12,19-22H2,1-4H3",CCCCc1oc2ccc(NS(C)(=O)=O)cc2c1C(=O)c1ccc(OCCCN(CCCC)CCCC)cc1,dronedarone,Dronedarone hydrochloride,NCGC00188863-01,HIGH,LOW,6.46,-5.44,1
3931.0,O=C(OC1CC2CC3CC(C1)N2CC3=O)c1c[nH]c2ccccc12,"InChI=1S/C19H20N2O3/c22-18-10-21-12-5-11(18)6-13(21)8-14(7-12)24-19(23)16-9-20-17-4-2-1-3-15(16)17/h1-4,9,11-14,20H,5-8,10H2/t11?,12-,13+,14+",O=C(O[C@@H]1C[C@@H]2CC3C[C@H](C1)N2CC3=O)c1c[nH]c2ccccc12,dolasetron,Dolasetron mesylate hydrate,,LOW,INACTIVE,2.41,-3.09,0
3479.0,Cc1cc(CC(C)CC(C)(C)C)n(O)c(=O)c1,"InChI=1S/C14H23NO2/c1-10-6-12(15(17)13(16)8-10)7-11(2)9-14(3,4)5/h6,8,11,17H,7,9H2,1-5H3",Cc1cc(CC(C)CC(C)(C)C)n(O)c(=O)c1,piroctone,Piroctone Olamine,,MODERATE,LOW,3.77,-2.83,1
2106.0,C1CCC(C(CC2CCCCN2)C2CCCCC2)CC1,"InChI=1S/C19H35N/c1-3-9-16(10-4-1)19(17-11-5-2-6-12-17)15-18-13-7-8-14-20-18/h16-20H,1-15H2",C1CCC(C(CC2CCCCN2)C2CCCCC2)CC1,perhexiline,Perhexiline,NCGC00018261-05,HIGH,LOW,5.86,-7.01,1
1468.0,COCC(=O)Nc1c(I)c(C(=O)NCC(O)CO)c(I)c(C(=O)N(C)CC(O)CO)c1I,"InChI=1S/C18H24I3N3O8/c1-24(4-9(28)6-26)18(31)12-13(19)11(17(30)22-3-8(27)5-25)14(20)16(15(12)21)23-10(29)7-32-2/h8-9,25-28H,3-7H2,1-2H3,(H,22,30)(H,23,29)",COCC(=O)Nc1c(I)c(C(=O)NCC(O)CO)c(I)c(C(=O)N(C)CC(O)CO)c1I,iopromide,Iopromide,,LOW,INACTIVE,-1.89,-3.34,0
,Cc1nc(C)c(Cl)c(O)c1Cl,"InChI=1S/C7H7Cl2NO/c1-3-5(8)7(11)6(9)4(2)10-3/h1-2H3,(H,10,11)",Cc1nc(C)c(Cl)c(O)c1Cl,,Clopidol,,LOW,INACTIVE,2.73,-1.51,0
,CCCCCCCCCCCC[n+]1ccc2ccccc2c1,"InChI=1S/C21H32N/c1-2-3-4-5-6-7-8-9-10-13-17-22-18-16-20-14-11-12-15-21(20)19-22/h11-12,14-16,18-19H,2-10,13,17H2,1H3/q+1",CCCCCCCCCCCC[n+]1ccc2ccccc2c1,,2-Dodecylisoquinolinium tosylate,,HIGH,MODERATE,2.27,-7.92,1
,OCCOCCOCCO,"InChI=1S/C6H14O4/c7-1-3-9-5-6-10-4-2-8/h7-8H,1-6H2",OCCOCCOCCO,,Triethylene glycol,,LOW,INACTIVE,-1.11,0.35,0
3083.0,CCCCCCCCCCCCCCCC[n+]1ccccc1,"InChI=1S/C21H38N/c1-2-3-4-5-6-7-8-9-10-11-12-13-14-16-19-22-20-17-15-18-21-22/h15,17-18,20-21H,2-14,16,19H2,1H3/q+1",CCCCCCCCCCCCCCCC[n+]1ccccc1,cetylpyridinium,Cetylpyridinium bromide|CETYLPYRIDINIUM CHLORIDE,,HIGH,MODERATE,3.19,-7.72,1
2411.0,CCC1(O)C(=O)OCc2c1cc1n(c2=O)Cc2cc3c([N+](=O)[O-])cccc3nc2-1,"InChI=1S/C20H15N3O6/c1-2-20(26)13-7-16-17-10(8-22(16)18(24)12(13)9-29-19(20)25)6-11-14(21-17)4-3-5-15(11)23(27)28/h3-7,26H,2,8-9H2,1H3/t20-/m0/s1",CC[C@@]1(O)C(=O)OCc2c1cc1n(c2=O)Cc2cc3c([N+](=O)[O-])cccc3nc2-1,rubitecan,Rubitecan,,HIGH,MODERATE,1.88,-3.22,1
1859.0,COc1c(C)c2c(c(O)c1CC=C(C)CCC(=O)OCCN1CCOCC1)C(=O)OC2,"InChI=1S/C23H31NO7/c1-15(5-7-19(25)30-13-10-24-8-11-29-12-9-24)4-6-17-21(26)20-18(14-31-23(20)27)16(2)22(17)28-3/h4,26H,5-14H2,1-3H3/b15-4+",COc1c(C)c2c(c(O)c1C/C=C(\C)CCC(=O)OCCN1CCOCC1)C(=O)OC2,mycophenolate mofetil,Mycophenolate mofetil,"NCGC00159459-08, NCGC00159459-02",MODERATE,HIGH,2.17,-3.66,1
1355.0,Clc1cc(Cl)c(OCC#CI)cc1Cl,"InChI=1S/C9H4Cl3IO/c10-6-4-8(12)9(5-7(6)11)14-3-1-2-13/h4-5H,3H2",Clc1cc(Cl)c(OCC#CI)cc1Cl,haloprogin,Haloprogin,,HIGH,LOW,4.69,-4.78,1
3567.0,NC(=S)NS(=O)(=O)c1ccc(N)cc1,"InChI=1S/C7H9N3O2S2/c8-5-1-3-6(4-2-5)14(11,12)10-7(9)13/h1-4H,8H2,(H3,9,10,13)",NC(=S)NS(=O)(=O)c1ccc(N)cc1,sulfathiourea,Sulfathiourea,,LOW,INACTIVE,0.2,-2.83,0
2445.0,CCC(C)(C)C(=O)OC1CC(C)C=C2C=CC(C)C(CCC3CC(O)CC(=O)O3)C21,"InChI=1S/C25H38O5/c1-6-25(4,5)24(28)30-21-12-15(2)11-17-8-7-16(3)20(23(17)21)10-9-19-13-18(26)14-22(27)29-19/h7-8,11,15-16,18-21,23,26H,6,9-10,12-14H2,1-5H3/t15-,16-,18+,19+,20-,21-,23-/m0/s1",CCC(C)(C)C(=O)O[C@H]1C[C@@H](C)C=C2C=C[C@H](C)[C@H](CC[C@@H]3C[C@@H](O)CC(=O)O3)[C@H]21,simvastatin,Simvastatin,"NCGC00017324-15, NCGC00017324-08",HIGH,MODERATE,4.51,-4.56,1
1477.0,CC(C)Oc1ccc2c(=O)c(-c3ccccc3)coc2c1,"InChI=1S/C18H16O3/c1-12(2)21-14-8-9-15-17(10-14)20-11-16(18(15)19)13-6-4-3-5-7-13/h3-12H,1-2H3",CC(C)Oc1ccc2c(=O)c(-c3ccccc3)coc2c1,ipriflavone,Ipriflavone,"NCGC00018139-05, NCGC00018139-08",MODERATE,LOW,4.39,-4.8,1
,Cc1cc(C(C#N)c2ccc(Cl)cc2)c(Cl)cc1NC(=O)c1cc(I)cc(I)c1O,"InChI=1S/C22H14Cl2I2N2O2/c1-11-6-15(17(10-27)12-2-4-13(23)5-3-12)18(24)9-20(11)28-22(30)16-7-14(25)8-19(26)21(16)29/h2-9,17,29H,1H3,(H,28,30)",Cc1cc(C(C#N)c2ccc(Cl)cc2)c(Cl)cc1NC(=O)c1cc(I)cc(I)c1O,,Closantel,,HIGH,LOW,6.37,-5.63,1
3266.0,O=CC(O)C1OC(=O)C(O)C1O,"InChI=1S/C6H8O6/c7-1-2(8)5-3(9)4(10)6(11)12-5/h1-5,8-10H/t2-,3+,4-,5+/m0/s1",O=C[C@H](O)[C@H]1OC(=O)[C@@H](O)[C@H]1O,glucurolactone,D-Glucuronolactone,,LOW,INACTIVE,-1.54,0.23,0
1388.0,CC12CCC(=O)C=C1CCC1C2C(O)CC2(C)C1CCC2(O)C(=O)CO,"InChI=1S/C21H30O5/c1-19-7-5-13(23)9-12(19)3-4-14-15-6-8-21(26,17(25)11-22)20(15,2)10-16(24)18(14)19/h9,14-16,18,22,24,26H,3-8,10-11H2,1-2H3/t14-,15-,16-,18+,19-,20-,21-/m0/s1",C[C@]12C[C@H](O)[C@H]3[C@@H](CCC4=CC(=O)CC[C@@]43C)[C@@H]1CC[C@]2(O)C(=O)CO,hydrocortisone,Hydrocortisone,"NCGC00022848-25, NCGC00022848-12, NCGC00022848-06",LOW,INACTIVE,1.71,-3.26,0
2329.0,CNC(=O)OCc1cccc(COC(=O)NC)n1,"InChI=1S/C11H15N3O4/c1-12-10(15)17-6-8-4-3-5-9(14-8)7-18-11(16)13-2/h3-5H,6-7H2,1-2H3,(H,12,15)(H,13,16)",CNC(=O)OCc1cccc(COC(=O)NC)n1,pyricarbate,Pyricarbate,,LOW,INACTIVE,0.54,-2.74,0
882.0,CC1OC(OC2C(O)CC(OC3C(O)CC(OC4CCC5(C)C(CCC6C5CC(O)C5(C)C(C7=CC(=O)OC7)CCC65O)C4)OC3C)OC2C)CC(O)C1O,"InChI=1S/C41H64O14/c1-19-36(47)28(42)15-34(50-19)54-38-21(3)52-35(17-30(38)44)55-37-20(2)51-33(16-29(37)43)53-24-8-10-39(4)23(13-24)6-7-26-27(39)14-31(45)40(5)25(9-11-41(26,40)48)22-12-32(46)49-18-22/h12,19-21,23-31,33-38,42-45,47-48H,6-11,13-18H2,1-5H3/t19-,20-,21-,23-,24+,25-,26-,27+,28+,29+,30+,31-,33+,34+,35+,36-,37-,38-,39+,40+,41+/m1/s1",C[C@H]1O[C@@H](O[C@H]2[C@@H](O)C[C@H](O[C@H]3[C@@H](O)C[C@H](O[C@H]4CC[C@]5(C)[C@H]6C[C@@H](O)[C@]7(C)[C@@H](C8=CC(=O)OC8)CC[C@]7(O)[C@@H]6CC[C@@H]5C4)O[C@@H]3C)O[C@@H]2C)C[C@H](O)[C@@H]1O,digoxin,Digoxin,"NCGC00090797-28, NCGC00090797-15, NCGC00090797-11",MODERATE,MODERATE,1.04,-3.79,1
4610.0,OCC1OC(OC2(CO)OC(CO)C(O)C2O)C(O)C(O)C1O,"InChI=1S/C12H22O11/c13-1-4-6(16)8(18)9(19)11(21-4)23-12(3-15)10(20)7(17)5(2-14)22-12/h4-11,13-20H,1-3H2/t4-,5-,6-,7-,8+,9-,10+,11-,12+/m1/s1",OC[C@H]1O[C@H](O[C@]2(CO)O[C@H](CO)[C@@H](O)[C@@H]2O)[C@H](O)[C@@H](O)[C@@H]1O,sucrose,Sucrose,,LOW,INACTIVE,-2.63,0.38,0
5252.0,CCOc1cc2ncc(C#N)c(Nc3ccc(OCc4ccccn4)c(Cl)c3)c2cc1NC(=O)C=CCN(C)C,"InChI=1S/C30H29ClN6O3/c1-4-39-28-16-25-23(15-26(28)36-29(38)9-7-13-37(2)3)30(20(17-32)18-34-25)35-21-10-11-27(24(31)14-21)40-19-22-8-5-6-12-33-22/h5-12,14-16,18H,4,13,19H2,1-3H3,(H,34,35)(H,36,38)/b9-7+",CCOc1cc2ncc(C#N)c(Nc3ccc(OCc4ccccn4)c(Cl)c3)c2cc1NC(=O)/C=C/CN(C)C,neratinib,Neratinib,"NCGC00241101-10, NCGC00241101-03, NCGC00241101-02",MODERATE,INACTIVE,4.72,-4.91,1
4225.0,CNC(=O)c1ccccc1Sc1ccc2c(C=Cc3ccccn3)n[nH]c2c1,"InChI=1S/C22H18N4OS/c1-23-22(27)18-7-2-3-8-21(18)28-16-10-11-17-19(25-26-20(17)14-16)12-9-15-6-4-5-13-24-15/h2-14H,1H3,(H,23,27)(H,25,26)/b12-9+",CNC(=O)c1ccccc1Sc1ccc2c(/C=C/c3ccccn3)n[nH]c2c1,axitinib,Axitinib,"NCGC00241108-06, NCGC00241108-15, NCGC00241108-03",MODERATE,LOW,4.17,-5.84,1
433.0,Cc1ccc(Cl)c(OCC(O)CNC(C)(C)C)c1,"InChI=1S/C14H22ClNO2/c1-10-5-6-12(15)13(7-10)18-9-11(17)8-16-14(2,3)4/h5-7,11,16-17H,8-9H2,1-4H3",Cc1ccc(Cl)c(OCC(O)CNC(C)(C)C)c1,bupranolol,Bupranolol,,LOW,INACTIVE,3.15,-3.29,0
67.0,CC(=O)OC1CC(OC2C(O)CC(OC3C(O)CC(OC4CCC5(C)C(CCC6C5CCC5(C)C(C7=CC(=O)OC7)CCC65O)C4)OC3C)OC2C)OC(C)C1O,"InChI=1S/C43H66O14/c1-21-38(48)33(54-24(4)44)19-37(51-21)57-40-23(3)53-36(18-32(40)46)56-39-22(2)52-35(17-31(39)45)55-27-9-12-41(5)26(16-27)7-8-30-29(41)10-13-42(6)28(11-14-43(30,42)49)25-15-34(47)50-20-25/h15,21-23,26-33,35-40,45-46,48-49H,7-14,16-20H2,1-6H3/t21-,22-,23-,26-,27+,28-,29+,30-,31+,32+,33+,35+,36+,37+,38-,39-,40-,41+,42-,43+/m1/s1",CC(=O)O[C@H]1C[C@H](O[C@H]2[C@@H](O)C[C@H](O[C@H]3[C@@H](O)C[C@H](O[C@H]4CC[C@]5(C)[C@H]6CC[C@]7(C)[C@@H](C8=CC(=O)OC8)CC[C@]7(O)[C@@H]6CC[C@@H]5C4)O[C@@H]3C)O[C@@H]2C)O[C@H](C)[C@H]1O,acetyldigitoxin,Digitoxin 3'''-Acetate,,MODERATE,MODERATE,2.87,-4.82,1
4463.0,CCCCCCCCCCCC[N+](C)(C)CCOc1ccccc1,"InChI=1S/C22H40NO/c1-4-5-6-7-8-9-10-11-12-16-19-23(2,3)20-21-24-22-17-14-13-15-18-22/h13-15,17-18H,4-12,16,19-21H2,1-3H3/q+1",CCCCCCCCCCCC[N+](C)(C)CCOc1ccccc1,domiphen,Domiphen bromide,,HIGH,LOW,3.1,-7.89,1
4125.0,O=C(O)C1CCCN1,"InChI=1S/C5H9NO2/c7-5(8)4-2-1-3-6-4/h4,6H,1-3H2,(H,7,8)/t4-/m0/s1",O=C(O)[C@@H]1CCCN1,proline,L-Proline,,LOW,INACTIVE,-2.73,0.5,0
1069.0,CCN(CC)CCOc1ccccc1C(=O)CCc1ccccc1,"InChI=1S/C21H27NO2/c1-3-22(4-2)16-17-24-21-13-9-8-12-19(21)20(23)15-14-18-10-6-5-7-11-18/h5-13H,3-4,14-17H2,1-2H3",CCN(CC)CCOc1ccccc1C(=O)CCc1ccccc1,etafenone,Etafenone,,LOW,INACTIVE,3.9,-4.47,0
2798.0,CC(C)C(N)C(=O)OCCOCn1cnc2c(=O)[nH]c(N)nc21,"InChI=1S/C13H20N6O4/c1-7(2)8(14)12(21)23-4-3-22-6-19-5-16-9-10(19)17-13(15)18-11(9)20/h5,7-8H,3-4,6,14H2,1-2H3,(H3,15,17,18,20)/t8-/m0/s1",CC(C)[C@H](N)C(=O)OCCOCn1cnc2c(=O)[nH]c(N)nc21,valaciclovir,Valaciclovir,"NCGC00389281-02, NCGC00178638-04",LOW,INACTIVE,-0.98,-1.97,0
,COc1ccc2cc1Oc1ccc(cc1)CC1c3c(cc4c(c3Oc3cc5c(cc3OC)CCN(C)C5C2)OCO4)CCN1C,"InChI=1S/C37H38N2O6/c1-38-13-11-24-18-31(41-4)33-20-27(24)28(38)16-23-7-10-30(40-3)32(17-23)44-26-8-5-22(6-9-26)15-29-35-25(12-14-39(29)2)19-34-36(37(35)45-33)43-21-42-34/h5-10,17-20,28-29H,11-16,21H2,1-4H3/t28-,29+/m1/s1",COc1ccc2cc1Oc1ccc(cc1)C[C@H]1c3c(cc4c(c3Oc3cc5c(cc3OC)CCN(C)[C@@H]5C2)OCO4)CCN1C,,Cepharanthine,NCGC00161621-05,HIGH,LOW,5.32,-5.1,1
4575.0,O=C1C(=C2Nc3ccc(S(=O)(=O)O)cc3C2=O)Nc2ccc(S(=O)(=O)O)cc21,"InChI=1S/C16H10N2O8S2/c19-15-9-5-7(27(21,22)23)1-3-11(9)17-13(15)14-16(20)10-6-8(28(24,25)26)2-4-12(10)18-14/h1-6,17-18H,(H,21,22,23)(H,24,25,26)/b14-13+",O=C1/C(=C2\Nc3ccc(S(=O)(=O)O)cc3C2=O)Nc2ccc(S(=O)(=O)O)cc21,indigo carmine,Indigo carmine,,LOW,INACTIVE,-0.93,-3.62,0
,CCCCCCOc1ccc(C(=N)N(CCCC)CCCC)c2ccccc12,"InChI=1S/C25H38N2O/c1-4-7-10-13-20-28-24-17-16-23(21-14-11-12-15-22(21)24)25(26)27(18-8-5-2)19-9-6-3/h11-12,14-17,26H,4-10,13,18-20H2,1-3H3",CCCCCCOc1ccc(C(=N)N(CCCC)CCCC)c2ccccc12,,Bunamidine hydrochloride,,HIGH,HIGH,7.03,-6.62,1
,Cc1ccc([N+](=O)[O-])c([Hg+])c1[O-],"InChI=1S/C7H6NO3.Hg/c1-5-2-3-6(8(10)11)4-7(5)9;/h2-3,9H,1H3;/q;+1/p-1",Cc1ccc([N+](=O)[O-])c2c1O[Hg]2,,Nitromersol,,HIGH,MODERATE,1.42,-1.39,1
,Oc1ccc(Cl)cc1Cc1ccccc1,"InChI=1S/C13H11ClO/c14-12-6-7-13(15)11(9-12)8-10-4-2-1-3-5-10/h1-7,9,15H,8H2",Oc1ccc(Cl)cc1Cc1ccccc1,,Clorophene,NCGC00091532-04,LOW,INACTIVE,4.14,-3.79,0
534.0,CON=C(C(=O)NC1C(=O)N2C(C(=O)OCOC(=O)C(C)(C)C)=C(C=Cc3scnc3C)CSC12)c1csc(N)n1,"InChI=1S/C25H28N6O7S3/c1-12-15(41-10-27-12)7-6-13-8-39-21-17(29-19(32)16(30-36-5)14-9-40-24(26)28-14)20(33)31(21)18(13)22(34)37-11-38-23(35)25(2,3)4/h6-7,9-10,17,21H,8,11H2,1-5H3,(H2,26,28)(H,29,32)/b7-6-,30-16-/t17-,21-/m1/s1",CO/N=C(\C(=O)N[C@@H]1C(=O)N2C(C(=O)OCOC(=O)C(C)(C)C)=C(/C=C\c3scnc3C)CS[C@H]12)c1csc(N)n1,cefditoren pivoxil,Cefditoren (Pivoxil),NCGC00346562-01,LOW,INACTIVE,2.91,-4.67,0
930.0,CCN1C(=CC=CC=Cc2sc3ccccc3[n+]2CC)Sc2ccccc21,"InChI=1S/C23H23N2S2/c1-3-24-18-12-8-10-14-20(18)26-22(24)16-6-5-7-17-23-25(4-2)19-13-9-11-15-21(19)27-23/h5-17H,3-4H2,1-2H3/q+1",CCN1/C(=C\C=C\C=C\c2sc3ccccc3[n+]2CC)Sc2ccccc21,dithiazanine,Dithiazanine chloride,,HIGH,LOW,2.42,-6.2,1
,NCCNC(=O)c1ccc(Cl)cn1,"InChI=1S/C8H10ClN3O/c9-6-1-2-7(12-5-6)8(13)11-4-3-10/h1-2,5H,3-4,10H2,(H,11,13)",NCCNC(=O)c1ccc(Cl)cn1,,Lazabemide hydrochloride,,LOW,INACTIVE,,-1.63,0
1552.0,Cc1oncc1C(=O)Nc1ccc(C(F)(F)F)cc1,"InChI=1S/C12H9F3N2O2/c1-7-10(6-16-19-7)11(18)17-9-4-2-8(3-5-9)12(13,14)15/h2-6H,1H3,(H,17,18)",Cc1oncc1C(=O)Nc1ccc(C(F)(F)F)cc1,leflunomide,Leflunomide,"NCGC00015610-12, NCGC00015610-29, NCGC00015610-18",MODERATE,HIGH,2.52,-3.5,1
,Cc1cnc(C(=O)NC2CCCCCC=CC3CC3(C(=O)NS(=O)(=O)C3CC3)NC(=O)C3CC(Oc4nc5ccccc5c5ccccc45)CN3C2=O)cn1,"InChI=1S/C40H43N7O7S/c1-24-21-42-33(22-41-24)35(48)43-32-16-6-4-2-3-5-11-25-20-40(25,39(51)46-55(52,53)27-17-18-27)45-36(49)34-19-26(23-47(34)38(32)50)54-37-30-14-8-7-12-28(30)29-13-9-10-15-31(29)44-37/h5,7-15,21-22,25-27,32,34H,2-4,6,16-20,23H2,1H3,(H3-,43,45,46,48,49,51,52,53)/b11-5-/t25-,26+,32-,34-,40+/m0/s1",Cc1cnc(C(=O)N[C@H]2CCCCC/C=C\[C@H]3C[C@@]3(C(=O)N[S+](=O)([O-])C3CC3)NC(=O)[C@@H]3C[C@@H](Oc4nc5ccccc5c5ccccc45)CN3C2=O)cn1,,,NCGC00510188-01,LOW,INACTIVE,3.5,-5.01,0
157.0,NCCC(O)C(=O)NC1CC(N)C(OC2OC(CN)C(O)C(O)C2O)C(O)C1OC1OC(CO)C(O)C(N)C1O,"InChI=1S/C22H43N5O13/c23-2-1-8(29)20(36)27-7-3-6(25)18(39-22-16(34)15(33)13(31)9(4-24)37-22)17(35)19(7)40-21-14(32)11(26)12(30)10(5-28)38-21/h6-19,21-22,28-35H,1-5,23-26H2,(H,27,36)/t6-,7+,8-,9+,10+,11-,12+,13+,14+,15-,16+,17-,18+,19-,21+,22+/m0/s1",NCC[C@H](O)C(=O)N[C@@H]1C[C@H](N)[C@@H](O[C@H]2O[C@H](CN)[C@@H](O)[C@H](O)[C@H]2O)[C@H](O)[C@H]1O[C@H]1O[C@H](CO)[C@@H](O)[C@H](N)[C@H]1O,amikacin,Amikacin,,HIGH,MODERATE,-3.3,-1.07,1
3082.0,CCCCCCCCCCCCCCCC[N+](C)(C)C,"InChI=1S/C19H42N/c1-5-6-7-8-9-10-11-12-13-14-15-16-17-18-19-20(2,3)4/h5-19H2,1-4H3/q+1",CCCCCCCCCCCCCCCC[N+](C)(C)C,cetrimonium,Hexadecyltrimethylammonium bromide,,MODERATE,HIGH,2.48,-7.78,1
763.0,OC(CCN1CCCCC1)(c1ccccc1)C1CCCC1,"InChI=1S/C19H29NO/c21-19(18-11-5-6-12-18,17-9-3-1-4-10-17)13-16-20-14-7-2-8-15-20/h1,3-4,9-10,18,21H,2,5-8,11-16H2",OC(CCN1CCCCC1)(c1ccccc1)C1CCCC1,cycrimine,Cycrimine Hydrochloride,,LOW,INACTIVE,4.15,-4.5,0
1180.0,CCC(=O)c1c(O)cc(O)cc1O,"InChI=1S/C9H10O4/c1-2-6(11)9-7(12)3-5(10)4-8(9)13/h3-4,10,12-13H,2H2,1H3",CCC(=O)c1c(O)cc(O)cc1O,flopropione,Flopropione,,LOW,INACTIVE,1.43,-1.59,0
714.0,CC(C)NCC(O)c1ccccc1Cl,"InChI=1S/C11H16ClNO/c1-8(2)13-7-11(14)9-5-3-4-6-10(9)12/h3-6,8,11,13-14H,7H2,1-2H3",CC(C)NCC(O)c1ccccc1Cl,clorprenaline,Clorprenaline hydrochloride,,LOW,INACTIVE,2.31,-2.36,0
,O=C1CCC(=O)N1CO,"InChI=1S/C5H7NO3/c7-3-6-4(8)1-2-5(6)9/h7H,1-3H2",O=C1CCC(=O)N1CO,,N-Hydroxymethylsuccinimide,,LOW,INACTIVE,-1.23,0.62,0
4605.0,CCCCCCCCCCCCCCCC[N+](C)(C)CCN(Cc1ccc(OC)cc1)c1ncccn1,"InChI=1S/C32H55N4O/c1-5-6-7-8-9-10-11-12-13-14-15-16-17-18-27-36(2,3)28-26-35(32-33-24-19-25-34-32)29-30-20-22-31(37-4)23-21-30/h19-25H,5-18,26-29H2,1-4H3/q+1",CCCCCCCCCCCCCCCC[N+](C)(C)CCN(Cc1ccc(OC)cc1)c1ncccn1,tonzonium,Thonzonium bromide,,MODERATE,LOW,4.07,-7.48,1
2862.0,CC(c1cc2ccccc2s1)N(O)C(N)=O,"InChI=1S/C11H12N2O2S/c1-7(13(15)11(12)14)10-6-8-4-2-3-5-9(8)16-10/h2-7,15H,1H3,(H2,12,14)",CC(c1cc2ccccc2s1)N(O)C(N)=O,zileuton,Zileuton,"NCGC00159453-14, NCGC00159453-06",LOW,INACTIVE,2.01,-3.64,0
,CN(C)c1ccc(C(=C2C=CC(=[N+](C)C)C=C2)c2ccccc2)cc1,"InChI=1S/C23H25N2/c1-24(2)21-14-10-19(11-15-21)23(18-8-6-5-7-9-18)20-12-16-22(17-13-20)25(3)4/h5-17H,1-4H3/q+1",CN(C)c1ccc(C(=C2C=CC(=[N+](C)C)C=C2)c2ccccc2)cc1,,Malachite green oxalate,,HIGH,MODERATE,0.25,-5.42,1
,CC(=O)OC1CCC2C3CCC4=CC(=O)CCC4=C3C=CC12C,"InChI=1S/C20H24O3/c1-12(21)23-19-8-7-18-17-5-3-13-11-14(22)4-6-15(13)16(17)9-10-20(18,19)2/h9-11,17-19H,3-8H2,1-2H3/t17-,18+,19+,20+/m1/s1",CC(=O)O[C@H]1CC[C@H]2[C@@H]3CCC4=CC(=O)CCC4=C3C=C[C@]12C,,Trenbolone (acetate),,LOW,INACTIVE,3.46,-4.61,0
150.0,CC(=O)OCC(=O)C12OC3(CCCC3)OC1CC1C3CCC4=CC(=O)C=CC4(C)C3(F)C(O)CC12C,"InChI=1S/C28H35FO7/c1-16(30)34-15-22(33)28-23(35-26(36-28)9-4-5-10-26)13-20-19-7-6-17-12-18(31)8-11-24(17,2)27(19,29)21(32)14-25(20,28)3/h8,11-12,19-21,23,32H,4-7,9-10,13-15H2,1-3H3/t19-,20-,21-,23+,24-,25-,27-,28+/m0/s1",CC(=O)OCC(=O)[C@@]12OC3(CCCC3)O[C@@H]1C[C@H]1[C@@H]3CCC4=CC(=O)C=C[C@]4(C)[C@@]3(F)[C@@H](O)C[C@@]12C,amcinonide,AMCINONIDE,,LOW,INACTIVE,3.16,-4.81,0
4177.0,CC(OC(=O)NCC1(CC(=O)O)CCCCC1)OC(=O)C(C)C,"InChI=1S/C16H27NO6/c1-11(2)14(20)22-12(3)23-15(21)17-10-16(9-13(18)19)7-5-4-6-8-16/h11-12H,4-10H2,1-3H3,(H,17,21)(H,18,19)",CC(OC(=O)NCC1(CC(=O)O)CCCCC1)OC(=O)C(C)C,gabapentin enacarbil,GABAPENTIN ENACARBIL,,LOW,INACTIVE,2.45,-3.01,0
77.0,O=C(O)C(=O)Nc1cccc(-c2nnn[nH]2)c1,"InChI=1S/C9H7N5O3/c15-8(9(16)17)10-6-3-1-2-5(4-6)7-11-13-14-12-7/h1-4H,(H,10,15)(H,16,17)(H,11,12,13,14)",O=C(O)C(=O)Nc1cccc(-c2nnn[nH]2)c1,acitazanolast,Acitazanolast,"NCGC00188429-03, NCGC00188429-01",LOW,INACTIVE,-0.22,-3.27,0
1384.0,NNc1nncc2ccccc12,"InChI=1S/C8H8N4/c9-11-8-7-4-2-1-3-6(7)5-10-12-8/h1-5H,9H2,(H,11,12)",NNc1nncc2ccccc12,hydralazine,Apresoline,"NCGC00015501-05, NCGC00015501-07",MODERATE,LOW,0.67,-1.78,1
3207.0,CCOc1ccc2c3c1OC1C(O)C=CC4C(C2)N(C)CCC341,"InChI=1S/C19H23NO3/c1-3-22-15-7-4-11-10-13-12-5-6-14(21)18-19(12,8-9-20(13)2)16(11)17(15)23-18/h4-7,12-14,18,21H,3,8-10H2,1-2H3/t12-,13+,14-,18-,19-/m0/s1",CCOc1ccc2c3c1O[C@H]1[C@@H](O)C=C[C@H]4[C@@H](C2)N(C)CC[C@]314,ethylmorphine,Ethylmorphine,,LOW,INACTIVE,1.72,-2.58,0
1751.0,CN(Cc1cnc2nc(N)nc(N)c2n1)c1ccc(C(=O)NC(CCC(=O)O)C(=O)O)cc1,"InChI=1S/C20H22N8O5/c1-28(9-11-8-23-17-15(24-11)16(21)26-20(22)27-17)12-4-2-10(3-5-12)18(31)25-13(19(32)33)6-7-14(29)30/h2-5,8,13H,6-7,9H2,1H3,(H,25,31)(H,29,30)(H,32,33)(H4,21,22,23,26,27)/t13-/m0/s1",CN(Cc1cnc2nc(N)nc(N)c2n1)c1ccc(C(=O)N[C@@H](CCC(=O)O)C(=O)O)cc1,methotrexate,Methotrexate,"NCGC00025060-22, NCGC00260705-01, NCGC00025060-16",HIGH,MODERATE,-0.91,-3.42,1
,CC1CCC(C(C)C)C(=O)C1,"InChI=1S/C10H18O/c1-7(2)9-5-4-8(3)6-10(9)11/h7-9H,4-6H2,1-3H3/t8-,9+/m1/s1",CC(C)[C@@H]1CC[C@@H](C)CC1=O,,"(2S,5R)-5-Methyl-2-(propan-2-yl)cyclohexanone",,LOW,INACTIVE,2.65,-2.77,0
,CC1CCC2C(C)C3C(CC4C5CC=C6CC(OC7OC(CO)C(O)C(OC8OC(CO)C(O)C(O)C8O)C7OC7OC(C)C(O)C(O)C7O)CCC6(C)C5CCC43C)N2C1,"InChI=1S/C45H73NO15/c1-19-6-9-27-20(2)31-28(46(27)16-19)15-26-24-8-7-22-14-23(10-12-44(22,4)25(24)11-13-45(26,31)5)57-43-40(61-41-37(54)35(52)32(49)21(3)56-41)39(34(51)30(18-48)59-43)60-42-38(55)36(53)33(50)29(17-47)58-42/h7,19-21,23-43,47-55H,6,8-18H2,1-5H3/t19-,20+,21-,23-,24+,25-,26-,27+,28-,29+,30+,31-,32-,33+,34-,35+,36-,37+,38+,39-,40+,41-,42-,43+,44-,45-/m0/s1",C[C@H]1CC[C@@H]2[C@@H](C)[C@H]3[C@H](C[C@H]4[C@@H]5CC=C6C[C@@H](O[C@@H]7O[C@H](CO)[C@H](O)[C@H](O[C@@H]8O[C@H](CO)[C@@H](O)[C@H](O)[C@H]8O)[C@H]7O[C@@H]7O[C@@H](C)[C@H](O)[C@@H](O)[C@H]7O)CC[C@]6(C)[C@H]5CC[C@@]43C)N2C1,,Solanine alpha,,HIGH,MODERATE,,-3.15,1
3523.0,CC12CCC(O)CC1CCC1C2CCC2(C)C(c3ccc(=O)oc3)CC3OC312,"InChI=1S/C24H32O4/c1-22-9-7-16(25)11-15(22)4-5-18-17(22)8-10-23(2)19(12-20-24(18,23)28-20)14-3-6-21(26)27-13-14/h3,6,13,15-20,25H,4-5,7-12H2,1-2H3/t15-,16+,17+,18-,19-,20-,22+,23-,24-/m1/s1",C[C@]12CC[C@H](O)C[C@H]1CC[C@@H]1[C@@H]2CC[C@]2(C)[C@@H](c3ccc(=O)oc3)C[C@H]3O[C@@]312,bufogenin,Bufogenin,,MODERATE,LOW,3.86,-5.08,1
981.0,CC(C)c1cc2c(cc1S(=O)(=O)O)C1(C)CCCC(C)(C(=O)O)C1CC2,"InChI=1S/C20H28O5S/c1-12(2)14-10-13-6-7-17-19(3,8-5-9-20(17,4)18(21)22)15(13)11-16(14)26(23,24)25/h10-12,17H,5-9H2,1-4H3,(H,21,22)(H,23,24,25)/t17-,19-,20-/m1/s1",CC(C)c1cc2c(cc1S(=O)(=O)O)[C@@]1(C)CCC[C@@](C)(C(=O)O)[C@@H]1CC2,ecabet,Ecabet,,LOW,INACTIVE,1.5,-4.95,0
4334.0,Cc1c(-c2ccc(O)cc2)n(Cc2ccc(OCCN3CCCCCC3)cc2)c2ccc(O)cc12,"InChI=1S/C30H34N2O3/c1-22-28-20-26(34)12-15-29(28)32(30(22)24-8-10-25(33)11-9-24)21-23-6-13-27(14-7-23)35-19-18-31-16-4-2-3-5-17-31/h6-15,20,33-34H,2-5,16-19,21H2,1H3",Cc1c(-c2ccc(O)cc2)n(Cc2ccc(OCCN3CCCCCC3)cc2)c2ccc(O)cc12,bazedoxifene,Bazedoxifene,"NCGC00182055-09, NCGC00182055-02",LOW,INACTIVE,6.04,-5.92,0
1073.0,CCC(CO)NCCNC(CC)CO,"InChI=1S/C10H24N2O2/c1-3-9(7-13)11-5-6-12-10(4-2)8-14/h9-14H,3-8H2,1-2H3/t9-,10-/m0/s1",CC[C@@H](CO)NCCN[C@@H](CC)CO,ethambutol,Ethambutol dihydrochloride|Ethambutol HCl,,LOW,INACTIVE,-0.12,-1.43,0
1020.0,CCOC(=O)c1ccc(NC(=O)CN2CCCCC2)cc1,"InChI=1S/C16H22N2O3/c1-2-21-16(20)13-6-8-14(9-7-13)17-15(19)12-18-10-4-3-5-11-18/h6-9H,2-5,10-12H2,1H3,(H,17,19)",CCOC(=O)c1ccc(NC(=O)CN2CCCCC2)cc1,sulcaine,Sulcaine,,LOW,INACTIVE,2.72,-2.87,0
4188.0,Cc1c(O)c(=O)ccn1C,"InChI=1S/C7H9NO2/c1-5-7(10)6(9)3-4-8(5)2/h3-4,10H,1-2H3",Cc1c(O)c(=O)ccn1C,deferiprone,Deferiprone,,LOW,INACTIVE,-0.6,0.29,0
,CCCCCCCCCCCC(=O)OCC(O)CO,"InChI=1S/C15H30O4/c1-2-3-4-5-6-7-8-9-10-11-15(18)19-13-14(17)12-16/h14,16-17H,2-13H2,1H3",CCCCCCCCCCCC(=O)OCC(O)CO,,GLYCERYL LAURATE,,LOW,INACTIVE,3.84,-3.49,0
786.0,COc1cccc2c1C(=O)c1c(O)c3c(c(O)c1C2=O)CC(O)(C(C)=O)CC3OC1CC(N)C(O)C(C)O1,"InChI=1S/C27H29NO10/c1-10-22(30)14(28)7-17(37-10)38-16-9-27(35,11(2)29)8-13-19(16)26(34)21-20(24(13)32)23(31)12-5-4-6-15(36-3)18(12)25(21)33/h4-6,10,14,16-17,22,30,32,34-35H,7-9,28H2,1-3H3/t10-,14-,16-,17-,22+,27-/m0/s1",COc1cccc2c1C(=O)c1c(O)c3c(c(O)c1C2=O)C[C@@](O)(C(C)=O)C[C@@H]3O[C@H]1C[C@H](N)[C@H](O)[C@H](C)O1,daunorubicin,Daunorubicin,"NCGC00024246-16, NCGC00024246-13",MODERATE,LOW,1.68,-2.93,1
282.0,NCC(CC(=O)O)c1ccc(Cl)cc1,"InChI=1S/C10H12ClNO2/c11-9-3-1-7(2-4-9)8(6-12)5-10(13)14/h1-4,8H,5-6,12H2,(H,13,14)",NCC(CC(=O)O)c1ccc(Cl)cc1,baclofen,Baclofen,NCGC00015156-12,LOW,INACTIVE,-0.8,-2.48,0
,CN(C)C(=S)SC(=S)N(C)C,InChI=1S/C6H12N2S3/c1-7(2)5(9)11-6(10)8(3)4/h1-4H3,CN(C)C(=S)SC(=S)N(C)C,,Tetramethylthiuram monosulfide,,HIGH,HIGH,1.32,-3.48,1
971.0,NC(C(=O)O)C(O)c1ccc(O)c(O)c1,"InChI=1S/C9H11NO5/c10-7(9(14)15)8(13)4-1-2-5(11)6(12)3-4/h1-3,7-8,11-13H,10H2,(H,14,15)/t7-,8+/m0/s1",N[C@H](C(=O)O)[C@H](O)c1ccc(O)c(O)c1,droxidopa,Droxidopa,,LOW,INACTIVE,-2.42,-1.14,0
1364.0,Oc1c(Cl)cc(Cl)c(Cl)c1Cc1c(O)c(Cl)cc(Cl)c1Cl,"InChI=1S/C13H6Cl6O2/c14-6-2-8(16)12(20)4(10(6)18)1-5-11(19)7(15)3-9(17)13(5)21/h2-3,20-21H,1H2",Oc1c(Cl)cc(Cl)c(Cl)c1Cc1c(O)c(Cl)cc(Cl)c1Cl,hexachlorophene,Hexachlorophene,,HIGH,HIGH,6.77,-5.97,1
,CC1CCCCN1CCCOC(=O)c1ccccc1,"InChI=1S/C16H23NO2/c1-14-8-5-6-11-17(14)12-7-13-19-16(18)15-9-3-2-4-10-15/h2-4,9-10,14H,5-8,11-13H2,1H3",CC1CCCCN1CCCOC(=O)c1ccccc1,,Piperocaine hydrochloride,,LOW,INACTIVE,3.35,-3.1,0
758.0,O=P1(N(CCCl)CCCl)NCCCO1,"InChI=1S/C7H15Cl2N2O2P/c8-2-5-11(6-3-9)14(12)10-4-1-7-13-14/h1-7H2,(H,10,12)",O=P1(N(CCCl)CCCl)NCCCO1,cyclophosphamide,Cyclophosphamide,"NCGC00260923-01, NCGC00015209-16, NCGC00015209-12",LOW,INACTIVE,0.76,-1.24,0
4484.0,O=C(OC1C[N+]2(CCCOc3ccccc3)CCC1CC2)C(O)(c1cccs1)c1cccs1,"InChI=1S/C26H30NO4S2/c28-25(26(29,23-9-4-17-32-23)24-10-5-18-33-24)31-22-19-27(14-11-20(22)12-15-27)13-6-16-30-21-7-2-1-3-8-21/h1-5,7-10,17-18,20,22,29H,6,11-16,19H2/q+1/t20?,22-,27?/m0/s1",O=C(O[C@H]1C[N+]2(CCCOc3ccccc3)CCC1CC2)C(O)(c1cccs1)c1cccs1,aclidinium bromide,Aclidinium (Bromide),,LOW,INACTIVE,3.07,-5.56,0
3051.0,CCCCOC(=O)c1ccc(N)cc1,"InChI=1S/C11H15NO2/c1-2-3-8-14-11(13)9-4-6-10(12)7-5-9/h4-7H,2-3,8,12H2,1H3",CCCCOC(=O)c1ccc(N)cc1,butamben,Butyl 4-aminobenzoate,,LOW,INACTIVE,2.88,-2.76,0
2167.0,Cc1cccc(C)c1NC(=O)CC12CCCN1CCC2,"InChI=1S/C17H24N2O/c1-13-6-3-7-14(2)16(13)18-15(20)12-17-8-4-10-19(17)11-5-9-17/h3,6-7H,4-5,8-12H2,1-2H3,(H,18,20)",Cc1cccc(C)c1NC(=O)CC12CCCN1CCC2,pilsicainide,Pilsicainide,,LOW,INACTIVE,2.36,-2.85,0
1282.0,COc1cc2ncnc(Nc3ccc(F)c(Cl)c3)c2cc1OCCCN1CCOCC1,"InChI=1S/C22H24ClFN4O3/c1-29-20-13-19-16(12-21(20)31-8-2-5-28-6-9-30-10-7-28)22(26-14-25-19)27-15-3-4-18(24)17(23)11-15/h3-4,11-14H,2,5-10H2,1H3,(H,25,26,27)",COc1cc2ncnc(Nc3ccc(F)c(Cl)c3)c2cc1OCCCN1CCOCC1,gefitinib,Gefitinib,"NCGC00159455-14, NCGC00159455-27, NCGC00159455-04",MODERATE,LOW,4.02,-4.22,1
1548.0,CS(=O)(=O)CCNCc1ccc(-c2ccc3ncnc(Nc4ccc(OCc5cccc(F)c5)c(Cl)c4)c3c2)o1,"InChI=1S/C29H26ClFN4O4S/c1-40(36,37)12-11-32-16-23-7-10-27(39-23)20-5-8-26-24(14-20)29(34-18-33-26)35-22-6-9-28(25(30)15-22)38-17-19-3-2-4-21(31)13-19/h2-10,13-15,18,32H,11-12,16-17H2,1H3,(H,33,34,35)",CS(=O)(=O)CCNCc1ccc(-c2ccc3ncnc(Nc4ccc(OCc5cccc(F)c5)c(Cl)c4)c3c2)o1,lapatinib,Lapatinib,"NCGC00167507-09, NCGC00167507-13, NCGC00167507-03",LOW,INACTIVE,5.18,-4.42,0
2332.0,CCc1nc(N)nc(N)c1-c1ccc(Cl)cc1,"InChI=1S/C12H13ClN4/c1-2-9-10(11(14)17-12(15)16-9)7-3-5-8(13)6-4-7/h3-6H,2H2,1H3,(H4,14,15,16,17)",CCc1nc(N)nc(N)c1-c1ccc(Cl)cc1,pyrimethamine,Pyrimethamine,"NCGC00016256-20, NCGC00016256-16",MODERATE,LOW,2.61,-3.14,1
493.0,CC1(C(=O)O)CCC2(C)CCC3(C)C(=CC(=O)C4C5(C)CCC(OC(=O)CCC(=O)O)C(C)(C)C5CCC43C)C2C1,"InChI=1S/C34H50O7/c1-29(2)23-10-13-34(7)27(32(23,5)12-11-24(29)41-26(38)9-8-25(36)37)22(35)18-20-21-19-31(4,28(39)40)15-14-30(21,3)16-17-33(20,34)6/h18,21,23-24,27H,8-17,19H2,1-7H3,(H,36,37)(H,39,40)/t21-,23-,24-,27+,30+,31-,32-,33+,34+/m0/s1",CC1(C)[C@@H](OC(=O)CCC(=O)O)CC[C@@]2(C)[C@H]1CC[C@]1(C)[C@@H]2C(=O)C=C2[C@@H]3C[C@@](C)(C(=O)O)CC[C@]3(C)CC[C@]21C,carbenoxolone,Carbenoxolone sodium,,LOW,INACTIVE,5.46,-5.92,0
1665.0,OC(c1cc(C(F)(F)F)nc2c(C(F)(F)F)cccc12)C1CCCCN1,"InChI=1S/C17H16F6N2O/c18-16(19,20)11-5-3-4-9-10(15(26)12-6-1-2-7-24-12)8-13(17(21,22)23)25-14(9)11/h3-5,8,12,15,24,26H,1-2,6-7H2/t12-,15+/m1/s1",O[C@@H](c1cc(C(F)(F)F)nc2c(C(F)(F)F)cccc12)[C@H]1CCCCN1,mefloquine,Mefloquine hydrochloride,"NCGC00094994-10, NCGC00094994-06",HIGH,LOW,3.1,-4.01,1
1556.0,N#Cc1ccc(C(c2ccc(C#N)cc2)n2cncn2)cc1,"InChI=1S/C17H11N5/c18-9-13-1-5-15(6-2-13)17(22-12-20-11-21-22)16-7-3-14(10-19)4-8-16/h1-8,11-12,17H",N#Cc1ccc(C(c2ccc(C#N)cc2)n2cncn2)cc1,letrozole,Letrozole,"NCGC00016973-08, NCGC00016973-03",LOW,INACTIVE,1.87,-3.55,0
3557.0,S=C1SCN(Cc2ccccc2)CN1Cc1ccccc1,"InChI=1S/C17H18N2S2/c20-17-19(12-16-9-5-2-6-10-16)13-18(14-21-17)11-15-7-3-1-4-8-15/h1-10H,11-14H2",S=C1SCN(Cc2ccccc2)CN1Cc1ccccc1,sulbentine,Sulbentine,,HIGH,LOW,3.4,-4.63,1
89.0,Nc1ncnc2nc[nH]c12,"InChI=1S/C5H5N5/c6-4-3-5(9-1-7-3)10-2-8-4/h1-2H,(H3,6,7,8,9,10)",Nc1ncnc2nc[nH]c12,adenine,Adenine,,LOW,INACTIVE,-0.25,-1.07,0
2107.0,N#Cc1ccc2c(c1)N(CCCN1CCC(O)CC1)c1ccccc1S2,"InChI=1S/C21H23N3OS/c22-15-16-6-7-21-19(14-16)24(18-4-1-2-5-20(18)26-21)11-3-10-23-12-8-17(25)9-13-23/h1-2,4-7,14,17,25H,3,8-13H2",N#Cc1ccc2c(c1)N(CCCN1CCC(O)CC1)c1ccccc1S2,periciazine,PERICIAZINE,,LOW,INACTIVE,3.78,-3.79,0
,O=C([O-])CC(O)CC(O)C=Cc1c(C2CC2)nc2ccccc2c1-c1ccc(F)cc1,"InChI=1S/C25H24FNO4/c26-17-9-7-15(8-10-17)24-20-3-1-2-4-22(20)27-25(16-5-6-16)21(24)12-11-18(28)13-19(29)14-23(30)31/h1-4,7-12,16,18-19,28-29H,5-6,13-14H2,(H,30,31)/p-1/b12-11+",O=C([O-])CC(O)CC(O)/C=C/c1c(C2CC2)nc2ccccc2c1-c1ccc(F)cc1,,,NCGC00381753-02,HIGH,MODERATE,3.75,-5.04,1
258.0,O=C1C(O)=C(C2CCC(c3ccc(Cl)cc3)CC2)C(=O)c2ccccc21,"InChI=1S/C22H19ClO3/c23-16-11-9-14(10-12-16)13-5-7-15(8-6-13)19-20(24)17-3-1-2-4-18(17)21(25)22(19)26/h1-4,9-13,15,26H,5-8H2/t13-,15-",O=C1C(O)=C([C@H]2CC[C@H](c3ccc(Cl)cc3)CC2)C(=O)c2ccccc21,atovaquone,Atovaquone|ATOVAQUONE,,HIGH,MODERATE,4.72,-5.66,1
1933.0,CC1(C)NC(=O)N(c2ccc([N+](=O)[O-])c(C(F)(F)F)c2)C1=O,"InChI=1S/C12H10F3N3O4/c1-11(2)9(19)17(10(20)16-11)6-3-4-8(18(21)22)7(5-6)12(13,14)15/h3-5H,1-2H3,(H,16,20)",CC1(C)NC(=O)N(c2ccc([N+](=O)[O-])c(C(F)(F)F)c2)C1=O,nilutamide,Nilutamide,"NCGC00015754-17, NCGC00015754-11, NCGC00015754-15",MODERATE,LOW,1.74,-4.88,1
,O=C1C(=C2Nc3ccccc3C2=O)Nc2ccccc21,"InChI=1S/C16H10N2O2/c19-15-9-5-1-3-7-11(9)17-13(15)14-16(20)10-6-2-4-8-12(10)18-14/h1-8,17-18H/b14-13+",O=C1/C(=C2\Nc3ccccc3C2=O)Nc2ccccc21,,Indigo,,LOW,INACTIVE,2.76,-3.81,0
928.0,CCN(CC)C(=S)SSC(=S)N(CC)CC,"InChI=1S/C10H20N2S4/c1-5-11(6-2)9(13)15-16-10(14)12(7-3)8-4/h5-8H2,1-4H3",CCN(CC)C(=S)SSC(=S)N(CC)CC,disulfiram,Disulfiram,"NCGC00016000-21, NCGC00016000-09, NCGC00016000-13, NCGC00016000-10",MODERATE,MODERATE,3.88,-4.37,1
2313.0,CC1OC(OC2C=C3CCC4C(CCC5(C)C(c6ccc(=O)oc6)CCC45O)C3(C)CC2)C(O)C(O)C1O,"InChI=1S/C30H42O8/c1-16-24(32)25(33)26(34)27(37-16)38-19-8-11-28(2)18(14-19)5-6-22-21(28)9-12-29(3)20(10-13-30(22,29)35)17-4-7-23(31)36-15-17/h4,7,14-16,19-22,24-27,32-35H,5-6,8-13H2,1-3H3/t16-,19-,20+,21-,22+,24-,25+,26+,27-,28-,29+,30-/m0/s1",C[C@@H]1O[C@@H](O[C@@H]2C=C3CC[C@@H]4[C@H](CC[C@]5(C)[C@@H](c6ccc(=O)oc6)CC[C@]45O)[C@@]3(C)CC2)[C@H](O)[C@H](O)[C@H]1O,proscillaridin,Proscillaridin,"NCGC00016447-01, NCGC00016447-02",MODERATE,MODERATE,2.37,-4.09,1
1030.0,COc1cccc2c1C(=O)c1c(O)c3c(c(O)c1C2=O)CC(O)(C(=O)CO)CC3OC1CC(N)C(O)C(C)O1,"InChI=1S/C27H29NO11/c1-10-22(31)13(28)6-17(38-10)39-15-8-27(36,16(30)9-29)7-12-19(15)26(35)21-20(24(12)33)23(32)11-4-3-5-14(37-2)18(11)25(21)34/h3-5,10,13,15,17,22,29,31,33,35-36H,6-9,28H2,1-2H3/t10-,13-,15-,17-,22-,27-/m0/s1",COc1cccc2c1C(=O)c1c(O)c3c(c(O)c1C2=O)C[C@@](O)(C(=O)CO)C[C@@H]3O[C@H]1C[C@H](N)[C@@H](O)[C@H](C)O1,epirubicin,Epirubicin hydrochloride,"NCGC00263918-05, NCGC00263918-04",MODERATE,LOW,1.41,-2.67,1
3078.0,CCCCCCCCCCCCCCCC[N+](C)(C)Cc1ccccc1,"InChI=1S/C25H46N/c1-4-5-6-7-8-9-10-11-12-13-14-15-16-20-23-26(2,3)24-25-21-18-17-19-22-25/h17-19,21-22H,4-16,20,23-24H2,1-3H3/q+1",CCCCCCCCCCCCCCCC[N+](C)(C)Cc1ccccc1,cetalkonium chloride,Benzylhexadecyldimethylammonium chloride,,MODERATE,LOW,4.67,-8.07,1
,CC12C(=O)OC(=O)C1(C)C1CCC2O1,"InChI=1S/C10H12O4/c1-9-5-3-4-6(13-5)10(9,2)8(12)14-7(9)11/h5-6H,3-4H2,1-2H3/t5?,6?,9-,10+",C[C@]12C(=O)OC(=O)[C@@]1(C)C1CCC2O1,,Cantharidin,,MODERATE,LOW,1.1,-1.07,1
,O=C(O)COc1ccccc1,"InChI=1S/C8H8O3/c9-8(10)6-11-7-4-2-1-3-5-7/h1-5H,6H2,(H,9,10)",O=C(O)COc1ccccc1,,Phenoxyacetic acid,,LOW,INACTIVE,1.48,-1.46,0
,CCc1cccc(CC)c1NC(=O)CN(CC(=O)O)CC(=O)O,"InChI=1S/C16H22N2O5/c1-3-11-6-5-7-12(4-2)16(11)17-13(19)8-18(9-14(20)21)10-15(22)23/h5-7H,3-4,8-10H2,1-2H3,(H,17,19)(H,20,21)(H,22,23)",CCc1cccc(CC)c1NC(=O)CN(CC(=O)O)CC(=O)O,,Etifenin,,LOW,INACTIVE,-0.28,-3.41,0
,O=C1C2CC=CCC2C(=O)N1SC(Cl)(Cl)Cl,"InChI=1S/C9H8Cl3NO2S/c10-9(11,12)16-13-7(14)5-3-1-2-4-6(5)8(13)15/h1-2,5-6H,3-4H2",O=C1C2CC=CCC2C(=O)N1SC(Cl)(Cl)Cl,,Captan,,HIGH,HIGH,3.0,-3.87,1
2393.0,CN(C)CCc1c[nH]c2ccc(Cn3cncn3)cc12,"InChI=1S/C15H19N5/c1-19(2)6-5-13-8-17-15-4-3-12(7-14(13)15)9-20-11-16-10-18-20/h3-4,7-8,10-11,17H,5-6,9H2,1-2H3",CN(C)CCc1c[nH]c2ccc(Cn3cncn3)cc12,rizatriptan,Rizatriptan Benzoate,NCGC00095899-04,LOW,INACTIVE,1.67,-2.9,0
,Oc1cc(O)c2c(c1)OC(c1ccc(O)c(O)c1)C(O)C2,"InChI=1S/C15H14O6/c16-8-4-11(18)9-6-13(20)15(21-14(9)5-8)7-1-2-10(17)12(19)3-7/h1-5,13,15-20H,6H2/t13-,15-/m1/s1",Oc1cc(O)c2c(c1)O[C@H](c1ccc(O)c(O)c1)[C@H](O)C2,,(-)-Epicatechin,,LOW,INACTIVE,1.02,-2.65,0
4876.0,O=C(C=Cc1cccc(S(=O)(=O)Nc2ccccc2)c1)NO,"InChI=1S/C15H14N2O4S/c18-15(16-19)10-9-12-5-4-8-14(11-12)22(20,21)17-13-6-2-1-3-7-13/h1-11,17,19H,(H,16,18)/b10-9+",O=C(C=Cc1cccc(S(=O)(=O)Nc2ccccc2)c1)NO,belinostat,Belinostat,"NCGC00263155-05, NCGC00263155-01",HIGH,MODERATE,1.73,-4.05,1
4878.0,CCC(Nc1ncnc2nc[nH]c12)c1nc2cccc(F)c2c(=O)n1-c1ccccc1,"InChI=1S/C22H18FN7O/c1-2-15(28-20-18-19(25-11-24-18)26-12-27-20)21-29-16-10-6-9-14(23)17(16)22(31)30(21)13-7-4-3-5-8-13/h3-12,15H,2H2,1H3,(H2,24,25,26,27,28)/t15-/m0/s1",CC[C@H](Nc1ncnc2nc[nH]c12)c1nc2cccc(F)c2c(=O)n1-c1ccccc1,idelalisib,Idelalisib,"NCGC00262603-12, NCGC00262603-02, NCGC00387819-03, NCGC00262603-01",LOW,INACTIVE,3.0,-4.22,0
4637.0,O=C([O-])c1c(Cl)c(Cl)c(Cl)c(Cl)c1-c1c2cc(I)c(=O)c(I)c-2oc2c(I)c([O-])c(I)cc12,"InChI=1S/C20H4Cl4I4O5/c21-10-8(9(20(31)32)11(22)13(24)12(10)23)7-3-1-5(25)16(29)14(27)18(3)33-19-4(7)2-6(26)17(30)15(19)28/h1-2,29H,(H,31,32)/p-2",O=C([O-])c1c(Cl)c(Cl)c(Cl)c(Cl)c1-c1c2cc(I)c(=O)c(I)c-2oc2c(I)c([O-])c(I)cc12,rose bengal,Rose Bengal disodium,NCGC00159508-05,MODERATE,LOW,6.02,-6.16,1
,CCC1=CC2CN(C1)Cc1c([nH]c3ccccc13)C(C(=O)OC)(c1cc3c(cc1OC)N(C)C1C(O)(C(=O)OC)C(OC(C)=O)C4(CC)C=CCN5CCC31C54)C2,"InChI=1S/C45H54N4O8.2C4H6O6/c1-8-27-19-28-22-44(40(51)55-6,36-30(25-48(23-27)24-28)29-13-10-11-14-33(29)46-36)32-20-31-34(21-35(32)54-5)47(4)38-43(31)16-18-49-17-12-15-42(9-2,37(43)49)39(57-26(3)50)45(38,53)41(52)56-7;2*5-1(3(7)8)2(6)4(9)10/h10-15,19-21,28,37-39,46,53H,8-9,16-18,22-25H2,1-7H3;2*1-2,5-6H,(H,7,8)(H,9,10)/t28-,37-,38+,39+,42+,43+,44-,45-;;/m0../s1",O=C(OC)[C@@]1(C[C@@H]2C=C(CC)CN(Cc3c4ccccc4[nH]c13)C2)c1cc2c(cc1OC)N(C)[C@@H]1[C@@]32CCN2CC=C[C@@](CC)([C@@H](OC(=O)C)[C@]1(O)C(=O)OC)[C@@H]32,,,"NCGC00263568-01, NCGC00165966-02",MODERATE,MODERATE,4.39,-4.84,1
4634.0,CC(O)=C(C#N)C(=O)Nc1ccc(C(F)(F)F)cc1,"InChI=1S/C12H9F3N2O2/c1-7(18)10(6-16)11(19)17-9-4-2-8(3-5-9)12(13,14)15/h2-5,18H,1H3,(H,17,19)/b10-7-",C/C(O)=C(\C#N)C(=O)Nc1ccc(C(F)(F)F)cc1,teriflunomide,Teriflunomide,"NCGC00263218-08, NCGC00263218-02",MODERATE,MODERATE,2.3,-4.34,1
,CC(=O)[O-].[Hg+]c1ccccc1,"InChI=1S/C6H5.C2H4O2.Hg/c1-2-4-6-5-3-1;1-2(3)4;/h1-5H;1H3,(H,3,4);/q;;+1/p-1",CC(=O)O[Hg]c1ccccc1,,Phenylmercuric acetate,,HIGH,HIGH,1.11,-1.02,1
1125.0,O=C1C(CCC(O)c2ccc(F)cc2)C(c2ccc(O)cc2)N1c1ccc(F)cc1,"InChI=1S/C24H21F2NO3/c25-17-5-1-15(2-6-17)22(29)14-13-21-23(16-3-11-20(28)12-4-16)27(24(21)30)19-9-7-18(26)8-10-19/h1-12,21-23,28-29H,13-14H2/t21-,22+,23-/m1/s1",O=C1[C@H](CC[C@H](O)c2ccc(F)cc2)[C@@H](c2ccc(O)cc2)N1c1ccc(F)cc1,ezetimibe,Ezetimibe,"NCGC00263575-10, NCGC00263575-07, NCGC00095134-03",LOW,INACTIVE,4.14,-4.69,0
2277.0,Nc1ccc2cc3ccc(N)cc3nc2c1,"InChI=1S/C13H11N3/c14-10-3-1-8-5-9-2-4-11(15)7-13(9)16-12(8)6-10/h1-7H,14-15H2",Nc1ccc2cc3ccc(N)cc3nc2c1,proflavine,Proflavin hemisulfate,,MODERATE,LOW,2.1,-3.3,1
4659.0,Cc1c(N(C)CS(=O)(=O)O)c(=O)n(-c2ccccc2)n1C,"InChI=1S/C13H17N3O4S/c1-10-12(14(2)9-21(18,19)20)13(17)16(15(10)3)11-7-5-4-6-8-11/h4-8H,9H2,1-3H3,(H,18,19,20)",Cc1c(N(C)CS(=O)(=O)O)c(=O)n(-c2ccccc2)n1C,metamizole,Dipyrone,,LOW,INACTIVE,-0.4,-2.09,0
574.0,CC(=O)OCC1=C(C(=O)O)N2C(=O)C(NC(=O)Cc3cccs3)C2SC1,"InChI=1S/C16H16N2O6S2/c1-8(19)24-6-9-7-26-15-12(14(21)18(15)13(9)16(22)23)17-11(20)5-10-3-2-4-25-10/h2-4,12,15H,5-7H2,1H3,(H,17,20)(H,22,23)/t12-,15-/m1/s1",CC(=O)OCC1=C(C(=O)O)N2C(=O)[C@@H](NC(=O)Cc3cccs3)[C@H]2SC1,cefalotin,Cephalothin,,LOW,INACTIVE,0.63,-3.88,0
,COC(C[Hg+])CNC(=O)c1ccccc1OCC(=O)O.[OH-],"InChI=1S/C13H16NO5.Hg.H2O/c1-9(18-2)7-14-13(17)10-5-3-4-6-11(10)19-8-12(15)16;;/h3-6,9H,1,7-8H2,2H3,(H,14,17)(H,15,16);;1H2/q;+1;/p-1",COC(CNC(=O)c1ccccc1OCC(=O)O)C[Hg]O,,Mersalyl acid,,HIGH,HIGH,-0.07,-1.69,1
2635.0,CN1CCN(CCCN2c3ccccc3Sc3ccc(S(=O)(=O)N(C)C)cc32)CC1,"InChI=1S/C22H30N4O2S2/c1-23(2)30(27,28)18-9-10-22-20(17-18)26(19-7-4-5-8-21(19)29-22)12-6-11-25-15-13-24(3)14-16-25/h4-5,7-10,17H,6,11-16H2,1-3H3",CN1CCN(CCCN2c3ccccc3Sc3ccc(S(=O)(=O)N(C)C)cc32)CC1,thioproperazine,Thioproperazine dimethanesulfonate,,MODERATE,LOW,3.09,-3.89,1
,CCC1(O)C(=O)OCc2c1cc1n(c2=O)Cc2c-1nc1ccccc1c2C=NOC(C)(C)C,"InChI=1S/C25H25N3O5/c1-5-25(31)18-10-20-21-16(12-28(20)22(29)17(18)13-32-23(25)30)15(11-26-33-24(2,3)4)14-8-6-7-9-19(14)27-21/h6-11,31H,5,12-13H2,1-4H3/b26-11+/t25-/m0/s1",CC[C@@]1(O)C(=O)OCc2c1cc1n(c2=O)Cc2c-1nc1ccccc1c2/C=N/OC(C)(C)C,,Gimatecan,,MODERATE,MODERATE,2.91,-4.02,1
1095.0,C#CC1(OC(C)=O)CCC2C3CCC4=CC(OC(C)=O)CCC4C3CCC21C,"InChI=1S/C24H32O4/c1-5-24(28-16(3)26)13-11-22-21-8-6-17-14-18(27-15(2)25)7-9-19(17)20(21)10-12-23(22,24)4/h1,14,18-22H,6-13H2,2-4H3/t18-,19-,20+,21+,22-,23-,24-/m0/s1",C#C[C@]1(OC(C)=O)CC[C@H]2[C@@H]3CCC4=C[C@@H](OC(C)=O)CC[C@@H]4[C@H]3CC[C@@]21C,etynodiol,Ethynodiol diacetate,NCGC00166138-05,LOW,INACTIVE,3.99,-4.99,0
3741.0,CCC(CN)=C(c1ccccc1)c1ccccc1,"InChI=1S/C17H19N/c1-2-14(13-18)17(15-9-5-3-6-10-15)16-11-7-4-8-12-16/h3-12H,2,13,18H2,1H3",CCC(CN)=C(c1ccccc1)c1ccccc1,etifelmine,Etifelmine hydrochloride,,LOW,INACTIVE,4.31,-4.16,0
272.0,CC1=C(C(=O)OC(C)C)C(c2cccc([N+](=O)[O-])c2)C(C(=O)OC2CN(C(c3ccccc3)c3ccccc3)C2)=C(N)N1,"InChI=1S/C33H34N4O6/c1-20(2)42-32(38)27-21(3)35-31(34)29(28(27)24-15-10-16-25(17-24)37(40)41)33(39)43-26-18-36(19-26)30(22-11-6-4-7-12-22)23-13-8-5-9-14-23/h4-17,20,26,28,30,35H,18-19,34H2,1-3H3",CC1=C(C(=O)OC(C)C)C(c2cccc([N+](=O)[O-])c2)C(C(=O)OC2CN(C(c3ccccc3)c3ccccc3)C2)=C(N)N1,azelnidipine,Azelnidipine,,MODERATE,LOW,5.12,-5.86,1
,NC(CCC(=O)NC(CSSCC(NC(=O)CCC(N)C(=O)O)C(=O)NCC(=O)[O-])C(=O)NCC(=O)O)C(=O)[O-],"InChI=1S/C20H32N6O12S2/c21-9(19(35)36)1-3-13(27)25-11(17(33)23-5-15(29)30)7-39-40-8-12(18(34)24-6-16(31)32)26-14(28)4-2-10(22)20(37)38/h9-12H,1-8,21-22H2,(H,23,33)(H,24,34)(H,25,27)(H,26,28)(H,29,30)(H,31,32)(H,35,36)(H,37,38)/p-2/t9-,10-,11-,12-/m0/s1",N[C@@H](CCC(=O)N[C@@H](CSSC[C@H](NC(=O)CC[C@H](N)C(=O)O)C(=O)NCC(=O)[O-])C(=O)NCC(=O)O)C(=O)[O-],,L-Glutathione oxidized disodium salt,,LOW,INACTIVE,-3.61,-3.18,0
5062.0,C=CC(=O)Nc1cc(Nc2nccc(-c3cn(C)c4ccccc34)n2)c(OC)cc1N(C)CCN(C)C,"InChI=1S/C28H33N7O2/c1-7-27(36)30-22-16-23(26(37-6)17-25(22)34(4)15-14-33(2)3)32-28-29-13-12-21(31-28)20-18-35(5)24-11-9-8-10-19(20)24/h7-13,16-18H,1,14-15H2,2-6H3,(H,30,36)(H,29,31,32)",C=CC(=O)Nc1cc(Nc2nccc(-c3cn(C)c4ccccc34)n2)c(OC)cc1N(C)CCN(C)C,osimertinib,Osimertinib mesylate,NCGC00378622-10,HIGH,LOW,4.45,-4.35,1
,CCC12C=CCN3CCC4(c5cc(C6(C(=O)OC)CC7CC(C(C)(F)F)CN(Cc8c6[nH]c6ccccc86)C7)c(OC)cc5N(C)C4C(O)(C(=O)OC)C1OC(C)=O)C32,"InChI=1S/C45H54F2N4O8/c1-8-42-14-11-16-51-17-15-43(36(42)51)30-19-31(34(56-5)20-33(30)49(4)37(43)45(55,40(54)58-7)38(42)59-25(2)52)44(39(53)57-6)21-26-18-27(41(3,46)47)23-50(22-26)24-29-28-12-9-10-13-32(28)48-35(29)44/h9-14,19-20,26-27,36-38,48,55H,8,15-18,21-24H2,1-7H3/t26?,27-,36+,37-,38-,42-,43-,44+,45+/m1/s1",CC[C@]12C=CCN3CC[C@@]4(c5cc([C@@]6(C(=O)OC)CC7C[C@@H](C(C)(F)F)CN(Cc8c6[nH]c6ccccc86)C7)c(OC)cc5N(C)[C@H]4[C@@](O)(C(=O)OC)[C@@H]1OC(C)=O)[C@@H]32,,,"NCGC00390520-01, NCGC00390520-02",MODERATE,LOW,,,1
182.0,CC(C)c1ccc2oc3nc(N)c(C(=O)O)cc3c(=O)c2c1,"InChI=1S/C16H14N2O4/c1-7(2)8-3-4-12-9(5-8)13(19)10-6-11(16(20)21)14(17)18-15(10)22-12/h3-7H,1-2H3,(H2,17,18)(H,20,21)",CC(C)c1ccc2oc3nc(N)c(C(=O)O)cc3c(=O)c2c1,amlexanox,Amlexanox,"NCGC00167472-10, NCGC00167472-02",HIGH,HIGH,2.76,-3.31,1
2707.0,CCC1(O)C(=O)OCc2c1cc1n(c2=O)Cc2cc3c(CN(C)C)c(O)ccc3nc2-1,"InChI=1S/C23H23N3O5/c1-4-23(30)16-8-18-20-12(9-26(18)21(28)15(16)11-31-22(23)29)7-13-14(10-25(2)3)19(27)6-5-17(13)24-20/h5-8,27,30H,4,9-11H2,1-3H3/t23-/m0/s1",CC[C@@]1(O)C(=O)OCc2c1cc1n(c2=O)Cc2cc3c(CN(C)C)c(O)ccc3nc2-1,topotecan,Topotecan hydrochloride,"NCGC00014925-10, NCGC00261590-01, NCGC00014925-07",LOW,INACTIVE,1.83,-2.69,0
5251.0,CC(C)(O)CNc1nc(Nc2ccnc(C(F)(F)F)c2)nc(-c2cccc(C(F)(F)F)n2)n1,"InChI=1S/C19H17F6N7O/c1-17(2,33)9-27-15-30-14(11-4-3-5-12(29-11)18(20,21)22)31-16(32-15)28-10-6-7-26-13(8-10)19(23,24)25/h3-8,33H,9H2,1-2H3,(H2,26,27,28,30,31,32)",CC(C)(O)CNc1nc(Nc2ccnc(C(F)(F)F)c2)nc(-c2cccc(C(F)(F)F)n2)n1,enasidenib,Enasidenib,,LOW,INACTIVE,4.25,-4.14,0
1229.0,CC(C)n1c(C=CC(O)CC(O)CC(=O)O)c(-c2ccc(F)cc2)c2ccccc21,"InChI=1S/C24H26FNO4/c1-15(2)26-21-6-4-3-5-20(21)24(16-7-9-17(25)10-8-16)22(26)12-11-18(27)13-19(28)14-23(29)30/h3-12,15,18-19,27-28H,13-14H2,1-2H3,(H,29,30)/b12-11+/t18-,19-/m0/s1",CC(C)n1c(/C=C/[C@H](O)C[C@H](O)CC(=O)O)c(-c2ccc(F)cc2)c2ccccc21,fluvastatin,Fluvastatin Na,"NCGC00164604-06, NCGC00164604-03",HIGH,HIGH,3.69,-4.97,1
1527.0,CC(=O)N1CCN(c2ccc(OCC3COC(Cn4ccnc4)(c4ccc(Cl)cc4Cl)O3)cc2)CC1,"InChI=1S/C26H28Cl2N4O4/c1-19(33)31-10-12-32(13-11-31)21-3-5-22(6-4-21)34-15-23-16-35-26(36-23,17-30-9-8-29-18-30)24-7-2-20(27)14-25(24)28/h2-9,14,18,23H,10-13,15-17H2,1H3",CC(=O)N1CCN(c2ccc(OCC3COC(Cn4ccnc4)(c4ccc(Cl)cc4Cl)O3)cc2)CC1,ketoconazole,Ketoconazole,NCGC00025000-22,MODERATE,LOW,4.3,-4.75,1
5029.0,CC(=O)OC1OC(n2ccc(=O)[nH]c2=O)C(OC(C)=O)C1OC(C)=O,"InChI=1S/C14H16N2O9/c1-6(17)22-10-11(23-7(2)18)13(24-8(3)19)25-12(10)16-5-4-9(20)15-14(16)21/h4-5,10-13H,1-3H3,(H,15,20,21)/t10-,11+,12-,13+/m1/s1",CC(=O)O[C@@H]1[C@@H](OC(C)=O)O[C@@H](n2ccc(=O)[nH]c2=O)[C@@H]1OC(C)=O,uridine triacetate,Uridine triacetate,,LOW,INACTIVE,0.22,-1.26,0
2113.0,OCCN1CCN(CCCN2c3ccccc3Sc3ccc(Cl)cc32)CC1,"InChI=1S/C21H26ClN3OS/c22-17-6-7-21-19(16-17)25(18-4-1-2-5-20(18)27-21)9-3-8-23-10-12-24(13-11-23)14-15-26/h1-2,4-7,16,26H,3,8-15H2",OCCN1CCN(CCCN2c3ccccc3Sc3ccc(Cl)cc32)CC1,perphenazine,Perphenazine,NCGC00015826-10,LOW,INACTIVE,4.15,-4.23,0
1213.0,CCCCCCCCCC(=O)OCCN1CCN(CCCN2c3ccccc3Sc3ccc(C(F)(F)F)cc32)CC1,"InChI=1S/C32H44F3N3O2S/c1-2-3-4-5-6-7-8-14-31(39)40-24-23-37-21-19-36(20-22-37)17-11-18-38-27-12-9-10-13-29(27)41-30-16-15-26(25-28(30)38)32(33,34)35/h9-10,12-13,15-16,25H,2-8,11,14,17-24H2,1H3",CCCCCCCCCC(=O)OCCN1CCN(CCCN2c3ccccc3Sc3ccc(C(F)(F)F)cc32)CC1,fluphenazine decanoate,Fluphenazine decanoate dihydrochloride,,LOW,INACTIVE,7.24,-6.38,0
1614.0,CCCCCN(CCCOC)C(=O)C(CCC(=O)O)NC(=O)c1ccc(Cl)c(Cl)c1,"InChI=1S/C21H30Cl2N2O5/c1-3-4-5-11-25(12-6-13-30-2)21(29)18(9-10-19(26)27)24-20(28)15-7-8-16(22)17(23)14-15/h7-8,14,18H,3-6,9-13H2,1-2H3,(H,24,28)(H,26,27)",CCCCCN(CCCOC)C(=O)C(CCC(=O)O)NC(=O)c1ccc(Cl)c(Cl)c1,loxiglumide,Loxiglumide,,LOW,INACTIVE,3.23,-4.92,0
4174.0,Cc1cc(C=CC#N)cc(C)c1Nc1ccnc(Nc2ccc(C#N)cc2)n1,"InChI=1S/C22H18N6/c1-15-12-18(4-3-10-23)13-16(2)21(15)27-20-9-11-25-22(28-20)26-19-7-5-17(14-24)6-8-19/h3-9,11-13H,1-2H3,(H2,25,26,27,28)/b4-3+",Cc1cc(/C=C/C#N)cc(C)c1Nc1ccnc(Nc2ccc(C#N)cc2)n1,rilpivirine,Rilpivirine,,MODERATE,LOW,3.8,-4.5,1
2302.0,CC(C)c1cccc(C(C)C)c1O,"InChI=1S/C12H18O/c1-8(2)10-6-5-7-11(9(3)4)12(10)13/h5-9,13H,1-4H3",CC(C)c1cccc(C(C)C)c1O,propofol,Propofol,"NCGC00015389-09, NCGC00015389-07, NCGC00015389-08",LOW,INACTIVE,3.81,-3.05,0
4167.0,CCCCCCCCc1ccc(CCC(N)(CO)CO)cc1,"InChI=1S/C19H33NO2/c1-2-3-4-5-6-7-8-17-9-11-18(12-10-17)13-14-19(20,15-21)16-22/h9-12,21-22H,2-8,13-16,20H2,1H3",CCCCCCCCc1ccc(CCC(N)(CO)CO)cc1,fingolimod,Fingolimod hydrochloride,"NCGC00188399-16, NCGC00188399-03",HIGH,LOW,4.0,-4.67,1
4138.0,CN(C)c1ccc(C(=C2C=CC(=[N+](C)C)C=C2)c2ccc(N(C)C)cc2)cc1,"InChI=1S/C25H30N3/c1-26(2)22-13-7-19(8-14-22)25(20-9-15-23(16-10-20)27(3)4)21-11-17-24(18-12-21)28(5)6/h7-18H,1-6H3/q+1",CN(C)c1ccc(C(=C2C=CC(=[N+](C)C)C=C2)c2ccc(N(C)C)cc2)cc1,gentian violet,Methylrosaniline chloride,"NCGC00091112-15, NCGC00091112-08",HIGH,MODERATE,0.87,-5.33,1
4813.0,N#CC(=C1SCC(c2ccc(Cl)cc2Cl)S1)n1ccnc1,"InChI=1S/C14H9Cl2N3S2/c15-9-1-2-10(11(16)5-9)13-7-20-14(21-13)12(6-17)19-4-3-18-8-19/h1-5,8,13H,7H2/b14-12+/t13-/m0/s1",N#C/C(=C1/SC[C@@H](c2ccc(Cl)cc2Cl)S1)n1ccnc1,luliconazole,Luliconazole,,LOW,INACTIVE,4.25,-3.73,0
4233.0,O=C(O)CCSCC1OC2OC3C(CSCCC(=O)O)OC(OC4C(CSCCC(=O)O)OC(OC5C(CSCCC(=O)O)OC(OC6C(CSCCC(=O)O)OC(OC7C(CSCCC(=O)O)OC(OC8C(CSCCC(=O)O)OC(OC9C(CSCCC(=O)O)OC(OC1C(O)C2O)C(O)C9O)C(O)C8O)C(O)C7O)C(O)C6O)C(O)C5O)C(O)C4O)C(O)C3O,"InChI=1S/C72H112O48S8/c73-33(74)1-9-121-17-25-57-41(89)49(97)65(105-25)114-58-26(18-122-10-2-34(75)76)107-67(51(99)43(58)91)116-60-28(20-124-12-4-36(79)80)109-69(53(101)45(60)93)118-62-30(22-126-14-6-38(83)84)111-71(55(103)47(62)95)120-64-32(24-128-16-8-40(87)88)112-72(56(104)48(64)96)119-63-31(23-127-15-7-39(85)86)110-70(54(102)46(63)94)117-61-29(21-125-13-5-37(81)82)108-68(52(100)44(61)92)115-59-27(19-123-11-3-35(77)78)106-66(113-57)50(98)42(59)90/h25-32,41-72,89-104H,1-24H2,(H,73,74)(H,75,76)(H,77,78)(H,79,80)(H,81,82)(H,83,84)(H,85,86)(H,87,88)/t25-,26-,27-,28-,29-,30-,31-,32-,41-,42-,43-,44-,45-,46-,47-,48-,49-,50-,51-,52-,53-,54-,55-,56-,57-,58-,59-,60-,61-,62-,63-,64-,65-,66-,67-,68-,69-,70-,71-,72-/m1/s1",O=C(O)CCSC[C@H]1O[C@@H]2O[C@@H]3[C@@H](CSCCC(=O)O)O[C@H](O[C@@H]4[C@@H](CSCCC(=O)O)O[C@H](O[C@@H]5[C@@H](CSCCC(=O)O)O[C@H](O[C@@H]6[C@@H](CSCCC(=O)O)O[C@H](O[C@@H]7[C@@H](CSCCC(=O)O)O[C@H](O[C@@H]8[C@@H](CSCCC(=O)O)O[C@H](O[C@@H]9[C@@H](CSCCC(=O)O)O[C@H](O[C@H]1[C@H](O)[C@H]2O)[C@H](O)[C@H]9O)[C@H](O)[C@H]8O)[C@H](O)[C@H]7O)[C@H](O)[C@H]6O)[C@H](O)[C@H]5O)[C@H](O)[C@H]4O)[C@H](O)[C@H]3O,sugammadex,Sugammadex,,LOW,INACTIVE,,,0
549.0,CC(OC(=O)OC1CCCCC1)OC(=O)C1=C(CSc2nnnn2CCN(C)C)CSC2C(NC(=O)Cc3csc(N)n3)C(=O)N12,"InChI=1S/C27H37N9O7S3/c1-15(42-27(40)43-18-7-5-4-6-8-18)41-24(39)21-16(13-46-26-31-32-33-35(26)10-9-34(2)3)12-44-23-20(22(38)36(21)23)30-19(37)11-17-14-45-25(28)29-17/h14-15,18,20,23H,4-13H2,1-3H3,(H2,28,29)(H,30,37)/t15?,20-,23-/m1/s1",CC(OC(=O)OC1CCCCC1)OC(=O)C1=C(CSc2nnnn2CCN(C)C)CS[C@@H]2[C@H](NC(=O)Cc3csc(N)n3)C(=O)N12,cefotiam hexetil,SCE 2174,,LOW,INACTIVE,2.1,-3.79,0
1336.0,COc1ccccc1OCC(O)CO,"InChI=1S/C10H14O4/c1-13-9-4-2-3-5-10(9)14-7-8(12)6-11/h2-5,8,11-12H,6-7H2,1H3",COc1ccccc1OCC(O)CO,guaifenesin,Guaifenesin,,LOW,INACTIVE,0.76,-1.12,0
464.0,C=C1CCC(O)CC1=CC=C1CCCC2(C)C1CCC2C(C)CCCC(C)(C)O,"InChI=1S/C27H44O2/c1-19-10-13-23(28)18-22(19)12-11-21-9-7-17-27(5)24(14-15-25(21)27)20(2)8-6-16-26(3,4)29/h11-12,20,23-25,28-29H,1,6-10,13-18H2,2-5H3/b21-11+,22-12-/t20-,23+,24-,25+,27-/m1/s1",C=C1CC[C@H](O)C/C1=C/C=C1\CCC[C@@]2(C)[C@H]1CC[C@@H]2[C@H](C)CCCC(C)(C)O,calcifediol,Calcifediol (monohydrate),,LOW,INACTIVE,6.71,-5.27,0
,CC(C)CN(CC(O)C(Cc1ccccc1)NC(=O)OC1COC2OCCC12)S(=O)(=O)c1ccc(N)cc1,"InChI=1S/C27H37N3O7S/c1-18(2)15-30(38(33,34)21-10-8-20(28)9-11-21)16-24(31)23(14-19-6-4-3-5-7-19)29-27(32)37-25-17-36-26-22(25)12-13-35-26/h3-11,18,22-26,31H,12-17H2,1-2H3,(H3-,28,29,32,33,34)/t22-,23-,24+,25-,26+/m0/s1",CC(C)CN(C[C@@H](O)[C@H](Cc1ccccc1)NC(=O)O[C@H]1CO[C@H]2OCC[C@@H]12)[S+](=O)([O-])c1ccc(N)cc1,,Darunavir (Ethanolate),,LOW,INACTIVE,1.7,-3.91,0
1991.0,CC(=C(OCCOc1ccc(Cl)cc1)c1ccc(Cl)cc1Cl)n1ccnc1,"InChI=1S/C20H17Cl3N2O2/c1-14(25-9-8-24-13-25)20(18-7-4-16(22)12-19(18)23)27-11-10-26-17-5-2-15(21)3-6-17/h2-9,12-13H,10-11H2,1H3/b20-14-",C/C(=C(/OCCOc1ccc(Cl)cc1)c1ccc(Cl)cc1Cl)n1ccnc1,omoconazole,Omoconazole,,LOW,INACTIVE,5.86,-5.66,0
2056.0,COc1ccc(Cc2nccc3cc(OC)c(OC)cc23)cc1OC,"InChI=1S/C20H21NO4/c1-22-17-6-5-13(10-18(17)23-2)9-16-15-12-20(25-4)19(24-3)11-14(15)7-8-21-16/h5-8,10-12H,9H2,1-4H3",COc1ccc(Cc2nccc3cc(OC)c(OC)cc23)cc1OC,papaverine,Papaverine hydrochloride,"NCGC00015810-26, NCGC00015810-09, NCGC00015810-13",MODERATE,LOW,4.19,-4.42,1
1662.0,CC(=O)C1CCC2C3CC(C)C4=CC(=O)CCC4(C)C3C(O)CC12C,"InChI=1S/C22H32O3/c1-12-9-15-17-6-5-16(13(2)23)22(17,4)11-19(25)20(15)21(3)8-7-14(24)10-18(12)21/h10,12,15-17,19-20,25H,5-9,11H2,1-4H3/t12-,15-,16+,17-,19-,20+,21-,22+/m0/s1",CC(=O)[C@H]1CC[C@H]2[C@@H]3C[C@H](C)C4=CC(=O)CC[C@]4(C)[C@H]3[C@@H](O)C[C@]12C,medrysone,Medrysone,,LOW,INACTIVE,3.08,-4.02,0
1943.0,CC(=O)Oc1ccccc1C(=O)Nc1ncc([N+](=O)[O-])s1,"InChI=1S/C12H9N3O5S/c1-7(16)20-9-5-3-2-4-8(9)11(17)14-12-13-6-10(21-12)15(18)19/h2-6H,1H3,(H,13,14,17)",CC(=O)Oc1ccccc1C(=O)Nc1ncc([N+](=O)[O-])s1,nitazoxanide,Nitazoxanide,"NCGC00090774-12, NCGC00090774-03",HIGH,HIGH,2.15,-4.61,1
1223.0,CC(C)C(=O)Nc1ccc([N+](=O)[O-])c(C(F)(F)F)c1,"InChI=1S/C11H11F3N2O3/c1-6(2)10(17)15-7-3-4-9(16(18)19)8(5-7)11(12,13)14/h3-6H,1-2H3,(H,15,17)",CC(C)C(=O)Nc1ccc([N+](=O)[O-])c(C(F)(F)F)c1,flutamide,Flutamide,"NCGC00015452-23, NCGC00015452-12, NCGC00015452-19",MODERATE,LOW,2.55,-4.69,1
3032.0,Oc1c(Cl)cc(Cl)cc1Sc1cc(Cl)cc(Cl)c1O,"InChI=1S/C12H6Cl4O2S/c13-5-1-7(15)11(17)9(3-5)19-10-4-6(14)2-8(16)12(10)18/h1-4,17-18H",Oc1c(Cl)cc(Cl)cc1Sc1cc(Cl)cc(Cl)c1O,bithionol,Bithionol,,MODERATE,LOW,6.12,-5.33,1
,CCC(C)C(C(CC(=O)N1CCCC1C(OC)C(C)C(=O)NCCc1ccccc1)OC)N(C)C(=O)C(NC(=O)C(C(C)C)N(C)C)C(C)C,"InChI=1S/C39H67N5O6/c1-13-27(6)35(43(10)39(48)33(25(2)3)41-38(47)34(26(4)5)42(8)9)31(49-11)24-32(45)44-23-17-20-30(44)36(50-12)28(7)37(46)40-22-21-29-18-15-14-16-19-29/h14-16,18-19,25-28,30-31,33-36H,13,17,20-24H2,1-12H3,(H,40,46)(H,41,47)/t27-,28+,30-,31+,33-,34-,35-,36+/m0/s1",CC[C@H](C)[C@@H]([C@@H](CC(=O)N1CCC[C@H]1[C@H](OC)[C@@H](C)C(=O)NCCc1ccccc1)OC)N(C)C(=O)[C@@H](NC(=O)[C@H](C(C)C)N(C)C)C(C)C,,Auristatin PE,,MODERATE,MODERATE,,-4.93,1
2495.0,Clc1ccc(CSC(Cn2ccnc2)c2ccc(Cl)cc2Cl)cc1,"InChI=1S/C18H15Cl3N2S/c19-14-3-1-13(2-4-14)11-24-18(10-23-8-7-22-12-23)16-6-5-15(20)9-17(16)21/h1-9,12,18H,10-11H2/t18-/m0/s1",Clc1ccc(CS[C@@H](Cn2ccnc2)c2ccc(Cl)cc2Cl)cc1,sulconazole,Sulconazole nitrate,,MODERATE,LOW,5.78,-5.49,1
