DC.ID,SMILES_stand,InChI,SMILES,DC.NAME,NCATS.SYNONYMS,NCGC.ID,MERS-PPE_cs.ACTIVITY,MERS-PPE_cs.SIGNIFICANCE,logPow {predicted by ochem.eu/model/535 in Log unit},Aqueous Solubility {predicted by ochem.eu/model/536 in log(mol/L)},Label
1821.0,O=C1c2c(O)ccc(O)c2C(=O)c2c(NCCNCCO)ccc(NCCNCCO)c21,"InChI=1S/C22H28N4O6/c27-11-9-23-5-7-25-13-1-2-14(26-8-6-24-10-12-28)18-17(13)21(31)19-15(29)3-4-16(30)20(19)22(18)32/h1-4,23-30H,5-12H2",O=C1c2c(O)ccc(O)c2C(=O)c2c(NCCNCCO)ccc(NCCNCCO)c21,mitoxantrone,Mitoxantrone,"NCGC00015693-04, NCGC00015693-19, NCGC00015693-08",HIGH,HIGH,0.91,-2.78,1
1892.0,COc1nc(N)nc2c1ncn2C1OC(CO)C(O)C1O,"InChI=1S/C11H15N5O5/c1-20-9-5-8(14-11(12)15-9)16(3-13-5)10-7(19)6(18)4(2-17)21-10/h3-4,6-7,10,17-19H,2H2,1H3,(H2,12,14,15)/t4-,6-,7+,10-/m1/s1",COc1nc(N)nc2c1ncn2[C@@H]1O[C@H](CO)[C@@H](O)[C@@H]1O,nelarabine,Nelarabine,"NCGC00181098-02, NCGC00181098-01",LOW,INACTIVE,-0.81,-1.33,0
720.0,Cc1onc(-c2ccccc2Cl)c1C(=O)NC1C(=O)N2C1SC(C)(C)C2C(=O)O,"InChI=1S/C19H18ClN3O5S/c1-8-11(12(22-28-8)9-6-4-5-7-10(9)20)15(24)21-13-16(25)23-14(18(26)27)19(2,3)29-17(13)23/h4-7,13-14,17H,1-3H3,(H,21,24)(H,26,27)/t13-,14+,17-/m1/s1",Cc1onc(-c2ccccc2Cl)c1C(=O)N[C@@H]1C(=O)N2[C@@H](C(=O)O)C(C)(C)S[C@H]12,cloxacillin,Cloxacillin sodium,,LOW,INACTIVE,2.61,-3.91,0
2351.0,O=C(c1ccc(OCCN2CCCCC2)cc1)c1c(-c2ccc(O)cc2)sc2cc(O)ccc12,"InChI=1S/C28H27NO4S/c30-21-8-4-20(5-9-21)28-26(24-13-10-22(31)18-25(24)34-28)27(32)19-6-11-23(12-7-19)33-17-16-29-14-2-1-3-15-29/h4-13,18,30-31H,1-3,14-17H2",O=C(c1ccc(OCCN2CCCCC2)cc1)c1c(-c2ccc(O)cc2)sc2cc(O)ccc12,raloxifene,Raloxifene hydrochloride,"NCGC00015889-07, NCGC00015889-21, NCGC00015889-10",MODERATE,LOW,5.44,-5.97,1
431.0,CC(C)(C)NCC(O)COc1cccc2c1CCCC2=O,"InChI=1S/C17H25NO3/c1-17(2,3)18-10-12(19)11-21-16-9-5-6-13-14(16)7-4-8-15(13)20/h5-6,9,12,18-19H,4,7-8,10-11H2,1-3H3/t12-/m0/s1",CC(C)(C)NC[C@H](O)COc1cccc2c1CCCC2=O,levobunolol,Levobunolol hydrochloride,,LOW,INACTIVE,2.06,-3.07,0
1291.0,C#CC1(O)C=CC2C3CCC4=CC(=O)CCC4C3CCC21CC,"InChI=1S/C21H26O2/c1-3-20-11-9-17-16-8-6-15(22)13-14(16)5-7-18(17)19(20)10-12-21(20,23)4-2/h2,10,12-13,16-19,23H,3,5-9,11H2,1H3/t16-,17+,18+,19-,20-,21-/m0/s1",C#C[C@]1(O)C=C[C@H]2[C@@H]3CCC4=CC(=O)CC[C@@H]4[C@H]3CC[C@@]21CC,gestodene,Gestodene,"NCGC00263565-06, NCGC00263565-02",LOW,INACTIVE,3.17,-4.73,0
414.0,CC(C)(S)C(=O)NC(CS)C(=O)O,"InChI=1S/C7H13NO3S2/c1-7(2,13)6(11)8-4(3-12)5(9)10/h4,12-13H,3H2,1-2H3,(H,8,11)(H,9,10)/t4-/m0/s1",CC(C)(S)C(=O)N[C@@H](CS)C(=O)O,bucillamine,Bucillamine,,LOW,INACTIVE,0.86,-2.54,0
,C(=Cc1ccncc1)c1ccccc1,InChI=1S/C13H11N/c1-2-4-12(5-3-1)6-7-13-8-10-14-11-9-13/h1-11H/b7-6+,C(=Cc1ccncc1)c1ccccc1,,4-Styrylpyridine,,MODERATE,MODERATE,3.03,-3.07,1
4673.0,CN(C(=O)C=Cc1ccoc1)C1CCC2(O)C3Cc4ccc(O)c5c4C2(CCN3CC2CC2)C1O5,"InChI=1S/C28H32N2O5/c1-29(23(32)7-4-18-9-13-34-16-18)20-8-10-28(33)22-14-19-5-6-21(31)25-24(19)27(28,26(20)35-25)11-12-30(22)15-17-2-3-17/h4-7,9,13,16-17,20,22,26,31,33H,2-3,8,10-12,14-15H2,1H3/b7-4+/t20-,22-,26+,27+,28-/m1/s1",CN(C(=O)/C=C/c1ccoc1)[C@@H]1CC[C@@]2(O)[C@H]3Cc4ccc(O)c5c4[C@@]2(CCN3CC2CC2)[C@H]1O5,nalfurafine,Nalfurafine hydrochloride,,MODERATE,MODERATE,3.29,-3.47,1
1381.0,CN1CCCN(C(c2ccccc2)c2ccc(Cl)cc2)CC1,"InChI=1S/C19H23ClN2/c1-21-12-5-13-22(15-14-21)19(16-6-3-2-4-7-16)17-8-10-18(20)11-9-17/h2-4,6-11,19H,5,12-15H2,1H3",CN1CCCN(C(c2ccccc2)c2ccc(Cl)cc2)CC1,homochlorcyclizine,Homochlorcyclizine,,HIGH,LOW,4.54,-4.22,1
,CC1CCCC(C)N1C(=S)Nc1cccc(C(F)(F)F)c1,"InChI=1S/C15H19F3N2S/c1-10-5-3-6-11(2)20(10)14(21)19-13-8-4-7-12(9-13)15(16,17)18/h4,7-11H,3,5-6H2,1-2H3,(H,19,21)",CC1CCCC(C)N1C(=S)Nc1cccc(C(F)(F)F)c1,,,NCGC00538144-01,LOW,INACTIVE,4.51,-4.58,0
3294.0,COc1cc(C(C)=O)ccc1OCCCN1CCC(c2noc3cc(F)ccc23)CC1,"InChI=1S/C24H27FN2O4/c1-16(28)18-4-7-21(23(14-18)29-2)30-13-3-10-27-11-8-17(9-12-27)24-20-6-5-19(25)15-22(20)31-26-24/h4-7,14-15,17H,3,8-13H2,1-2H3",COc1cc(C(C)=O)ccc1OCCCN1CCC(c2noc3cc(F)ccc23)CC1,iloperidone,Iloperidone,NCGC00188864-01,MODERATE,LOW,4.26,-4.15,1
1195.0,CCOC(=O)c1ncn2c1CN(C)C(=O)c1cc(F)ccc1-2,"InChI=1S/C15H14FN3O3/c1-3-22-15(21)13-12-7-18(2)14(20)10-6-9(16)4-5-11(10)19(12)8-17-13/h4-6,8H,3,7H2,1-2H3",CCOC(=O)c1ncn2c1CN(C)C(=O)c1cc(F)ccc1-2,flumazenil,Flumazenil,"NCGC00015439-07, NCGC00015439-20, NCGC00015439-06",LOW,INACTIVE,1.52,-2.47,0
1461.0,CC(=O)N(CC(O)CO)c1c(I)c(C(=O)NCC(O)CO)c(I)c(C(=O)NCC(O)CO)c1I,"InChI=1S/C19H26I3N3O9/c1-8(29)25(4-11(32)7-28)17-15(21)12(18(33)23-2-9(30)5-26)14(20)13(16(17)22)19(34)24-3-10(31)6-27/h9-11,26-28,30-32H,2-7H2,1H3,(H,23,33)(H,24,34)",CC(=O)N(CC(O)CO)c1c(I)c(C(=O)NCC(O)CO)c(I)c(C(=O)NCC(O)CO)c1I,iohexol,Iohexol,,LOW,INACTIVE,-2.81,-3.01,0
343.0,CC#CCC(C)C(O)C=CC1C(O)CC2Oc3c(CCCC(=O)O)cccc3C21,"InChI=1S/C24H30O5/c1-3-4-7-15(2)19(25)13-12-17-20(26)14-21-23(17)18-10-5-8-16(24(18)29-21)9-6-11-22(27)28/h5,8,10,12-13,15,17,19-21,23,25-26H,6-7,9,11,14H2,1-2H3,(H,27,28)/b13-12+/t15?,17-,19+,20+,21-,23-/m0/s1",CC#CCC(C)[C@H](O)/C=C/[C@@H]1[C@H]2c3cccc(CCCC(=O)O)c3O[C@H]2C[C@H]1O,beraprost,Beraprost sodium,,LOW,INACTIVE,3.44,-4.6,0
,Cc1ccc(NC(=O)c2ccc(CN3CCN(C)CC3)cc2)cc1Nc1nc(-c2cccnc2)cs1,"InChI=1S/C28H30N6OS/c1-20-5-10-24(16-25(20)31-28-32-26(19-36-28)23-4-3-11-29-17-23)30-27(35)22-8-6-21(7-9-22)18-34-14-12-33(2)13-15-34/h3-11,16-17,19H,12-15,18H2,1-2H3,(H,30,35)(H,31,32)",Cc1ccc(NC(=O)c2ccc(CN3CCN(C)CC3)cc2)cc1Nc1nc(-c2cccnc2)cs1,,Masitinib,"NCGC00241103-11, NCGC00241103-04",MODERATE,HIGH,4.19,-5.24,1
,O=S(=O)(O)c1ccc(O)cc1,"InChI=1S/C6H6O4S/c7-5-1-3-6(4-2-5)11(8,9)10/h1-4,7H,(H,8,9,10)",O=S(=O)(O)c1ccc(O)cc1,,4-Phenolsulfonic acid,,LOW,INACTIVE,-1.13,-1.09,0
,CNS(=O)(=O)CC1CCC(N(C)c2ncnc3[nH]ccc23)CC1,"InChI=1S/C15H23N5O2S/c1-16-23(21,22)9-11-3-5-12(6-4-11)20(2)15-13-7-8-17-14(13)18-10-19-15/h7-8,10-12H,3-6,9H2,1-2H3,(H2-,16,17,18,19,21,22)/t11-,12-",CN[S+](=O)([O-])C[C@H]1CC[C@H](N(C)c2ncnc3[nH]ccc23)CC1,,Oclacitinib,NCGC00390707-03,LOW,INACTIVE,1.19,-3.26,0
3465.0,O=P(O)(O)OC1C(OP(=O)(O)O)C(OP(=O)(O)O)C(OP(=O)(O)O)C(OP(=O)(O)O)C1OP(=O)(O)O,"InChI=1S/C6H18O24P6/c7-31(8,9)25-1-2(26-32(10,11)12)4(28-34(16,17)18)6(30-36(22,23)24)5(29-35(19,20)21)3(1)27-33(13,14)15/h1-6H,(H2,7,8,9)(H2,10,11,12)(H2,13,14,15)(H2,16,17,18)(H2,19,20,21)(H2,22,23,24)/t1-,2-,3-,4+,5-,6-",O=P(O)(O)O[C@H]1[C@H](OP(=O)(O)O)[C@@H](OP(=O)(O)O)[C@H](OP(=O)(O)O)[C@@H](OP(=O)(O)O)[C@H]1OP(=O)(O)O,fytic acid,Phytic acid,,LOW,INACTIVE,0.11,-1.69,0
3407.0,CN(C(=O)CN(CCO)CC(=O)N(C)C(C)(C)Cc1ccccc1)C(C)(C)Cc1ccccc1,"InChI=1S/C28H41N3O3/c1-27(2,19-23-13-9-7-10-14-23)29(5)25(33)21-31(17-18-32)22-26(34)30(6)28(3,4)20-24-15-11-8-12-16-24/h7-16,32H,17-22H2,1-6H3",CN(C(=O)CN(CCO)CC(=O)N(C)C(C)(C)Cc1ccccc1)C(C)(C)Cc1ccccc1,oxetacaine,Oxethazaine,,MODERATE,LOW,3.73,-4.66,1
4225.0,CNC(=O)c1ccccc1Sc1ccc2c(C=Cc3ccccn3)n[nH]c2c1,"InChI=1S/C22H18N4OS/c1-23-22(27)18-7-2-3-8-21(18)28-16-10-11-17-19(25-26-20(17)14-16)12-9-15-6-4-5-13-24-15/h2-14H,1H3,(H,23,27)(H,25,26)/b12-9+",CNC(=O)c1ccccc1Sc1ccc2c(/C=C/c3ccccn3)n[nH]c2c1,axitinib,Axitinib,"NCGC00241108-06, NCGC00241108-15, NCGC00241108-03",MODERATE,HIGH,4.17,-5.84,1
,[H]C([H])([H])C(O)(C(C)C=CC(C)C1CCC2C(=CC=C3CC(O)CC(O)C3)CCCC21C)C([H])([H])[H],"InChI=1S/C27H44O3/c1-18(8-9-19(2)26(3,4)30)24-12-13-25-21(7-6-14-27(24,25)5)11-10-20-15-22(28)17-23(29)16-20/h8-11,18-19,22-25,28-30H,6-7,12-17H2,1-5H3/b9-8+,21-11+/t18-,19+,22-,23-,24-,25+,27-/m1/s1/i3D3,4D3",[2H]C([2H])([2H])C(O)([C@@H](C)/C=C/[C@@H](C)[C@H]1CC[C@H]2/C(=C/C=C3C[C@@H](O)C[C@H](O)C3)CCC[C@@]21C)C([2H])([2H])[2H],,Paricalcitol-D6 (ABT-358),NCGC00379044-02,LOW,INACTIVE,5.27,-4.82,0
3523.0,CC12CCC(O)CC1CCC1C2CCC2(C)C(c3ccc(=O)oc3)CC3OC312,"InChI=1S/C24H32O4/c1-22-9-7-16(25)11-15(22)4-5-18-17(22)8-10-23(2)19(12-20-24(18,23)28-20)14-3-6-21(26)27-13-14/h3,6,13,15-20,25H,4-5,7-12H2,1-2H3/t15-,16+,17+,18-,19-,20-,22+,23-,24-/m1/s1",C[C@]12CC[C@H](O)C[C@H]1CC[C@@H]1[C@@H]2CC[C@]2(C)[C@@H](c3ccc(=O)oc3)C[C@H]3O[C@@]312,bufogenin,Bufogenin,,MODERATE,LOW,3.86,-5.08,1
,CCC1=CC2CN(C1)Cc1c([nH]c3ccccc13)C(C(=O)OC)(c1cc3c(cc1OC)N(C)C1C(O)(C(=O)OC)C(OC(C)=O)C4(CC)C=CCN5CCC31C54)C2,"InChI=1S/C45H54N4O8.2C4H6O6/c1-8-27-19-28-22-44(40(51)55-6,36-30(25-48(23-27)24-28)29-13-10-11-14-33(29)46-36)32-20-31-34(21-35(32)54-5)47(4)38-43(31)16-18-49-17-12-15-42(9-2,37(43)49)39(57-26(3)50)45(38,53)41(52)56-7;2*5-1(3(7)8)2(6)4(9)10/h10-15,19-21,28,37-39,46,53H,8-9,16-18,22-25H2,1-7H3;2*1-2,5-6H,(H,7,8)(H,9,10)/t28-,37-,38+,39+,42+,43+,44-,45-;;/m0../s1",O=C(OC)[C@@]1(C[C@@H]2C=C(CC)CN(Cc3c4ccccc4[nH]c13)C2)c1cc2c(cc1OC)N(C)[C@@H]1[C@@]32CCN2CC=C[C@@](CC)([C@@H](OC(=O)C)[C@]1(O)C(=O)OC)[C@@H]32,,,"NCGC00263568-01, NCGC00165966-02",MODERATE,MODERATE,4.39,-4.84,1
813.0,CC1OC(OC2CCC3(C)C(CCC4C3CC(O)C3(C)C(C5=CC(=O)OC5)CCC43O)C2)CC(O)C1OC1CC(O)C(OC2CC(O)C(OC3OC(CO)C(O)C(O)C3O)C(C)O2)C(C)O1,"InChI=1S/C47H74O19/c1-20-41(64-36-16-30(50)42(21(2)60-36)65-37-17-31(51)43(22(3)61-37)66-44-40(56)39(55)38(54)32(18-48)63-44)29(49)15-35(59-20)62-25-8-10-45(4)24(13-25)6-7-27-28(45)14-33(52)46(5)26(9-11-47(27,46)57)23-12-34(53)58-19-23/h12,20-22,24-33,35-44,48-52,54-57H,6-11,13-19H2,1-5H3/t20-,21-,22-,24-,25+,26-,27-,28+,29+,30+,31+,32-,33-,35+,36+,37+,38-,39+,40-,41-,42-,43-,44+,45+,46+,47+/m1/s1",C[C@H]1O[C@@H](O[C@H]2[C@@H](O)C[C@H](O[C@H]3CC[C@]4(C)[C@H]5C[C@@H](O)[C@]6(C)[C@@H](C7=CC(=O)OC7)CC[C@]6(O)[C@@H]5CC[C@@H]4C3)O[C@@H]2C)C[C@H](O)[C@@H]1O[C@H]1C[C@H](O)[C@H](O[C@@H]2O[C@H](CO)[C@@H](O)[C@H](O)[C@H]2O)[C@@H](C)O1,deslanoside,Deslanoside,,HIGH,HIGH,-0.49,-3.3,1
1471.0,O=C(NCC(O)CO)c1c(I)c(C(=O)NCC(O)CO)c(I)c(N(CCO)C(=O)CO)c1I,"InChI=1S/C18H24I3N3O9/c19-13-11(17(32)22-3-8(29)5-26)14(20)16(24(1-2-25)10(31)7-28)15(21)12(13)18(33)23-4-9(30)6-27/h8-9,25-30H,1-7H2,(H,22,32)(H,23,33)",O=C(NCC(O)CO)c1c(I)c(C(=O)NCC(O)CO)c(I)c(N(CCO)C(=O)CO)c1I,ioversol,Ioversol,,LOW,INACTIVE,-2.97,-2.89,0
1959.0,C#CC1(O)CCC2C3CCC4=CC(=NO)CCC4C3CCC21CC,"InChI=1S/C21H29NO2/c1-3-20-11-9-17-16-8-6-15(22-24)13-14(16)5-7-18(17)19(20)10-12-21(20,23)4-2/h2,13,16-19,23-24H,3,5-12H2,1H3/b22-15-/t16-,17+,18+,19-,20-,21-/m0/s1",C#C[C@]1(O)CC[C@H]2[C@@H]3CCC4=CC(=NO)CC[C@@H]4[C@H]3CC[C@@]21CC,norelgestromin,Norgestimate metabolite Norelgestromin,,LOW,INACTIVE,3.18,-4.73,0
681.0,Oc1c(I)cc(Cl)c2cccnc12,"InChI=1S/C9H5ClINO/c10-6-4-7(11)9(13)8-5(6)2-1-3-12-8/h1-4,13H",Oc1c(I)cc(Cl)c2cccnc12,clioquinol,Clioquinol,,MODERATE,LOW,3.67,-3.06,1
,CCC(C(=O)[O-])C1CCC(C)C(C(C)C(O)C(C)C(=O)C(CC)C2OC3(C=CC(O)C4(CCC(C)(C5CCC(O)(CC)C(C)O5)O4)O3)C(C)CC2C)O1,"InChI=1S/C42H70O11/c1-11-29(38(46)47)31-15-14-23(4)36(50-31)27(8)34(44)26(7)35(45)30(12-2)37-24(5)22-25(6)41(51-37)19-16-32(43)42(53-41)21-20-39(10,52-42)33-17-18-40(48,13-3)28(9)49-33/h16,19,23-34,36-37,43-44,48H,11-15,17-18,20-22H2,1-10H3,(H,46,47)/p-1/t23-,24-,25+,26-,27-,28-,29?,30-,31+,32+,33+,34+,36+,37-,39-,40+,41?,42-/m0/s1",CCC(C(=O)[O-])[C@H]1CC[C@H](C)[C@H]([C@@H](C)[C@H](O)[C@H](C)C(=O)[C@H](CC)[C@H]2OC3(C=C[C@@H](O)[C@]4(CC[C@@](C)([C@H]5CC[C@](O)(CC)[C@H](C)O5)O4)O3)[C@H](C)C[C@@H]2C)O1,,,NCGC00389735-01,MODERATE,HIGH,,,1
,O=C(Oc1cccc2cccnc12)c1ccccc1,InChI=1S/C16H11NO2/c18-16(13-6-2-1-3-7-13)19-14-10-4-8-12-9-5-11-17-15(12)14/h1-11H,O=C(Oc1cccc2cccnc12)c1ccccc1,,Benzoxiquine,,MODERATE,HIGH,3.48,-3.94,1
2321.0,CCC(c1ccccc1)c1noc(CCN(CC)CC)n1,"InChI=1S/C17H25N3O/c1-4-15(14-10-8-7-9-11-14)17-18-16(21-19-17)12-13-20(5-2)6-3/h7-11,15H,4-6,12-13H2,1-3H3",CCC(c1ccccc1)c1noc(CCN(CC)CC)n1,proxazole,Proxazole citrate,,LOW,INACTIVE,3.78,-3.51,0
,Cc1ccc2c(n1)Oc1ccc(C(C)C(=O)OCC(=O)N(C)C)cc1C2,"InChI=1S/C20H22N2O4/c1-12-5-6-15-10-16-9-14(7-8-17(16)26-19(15)21-12)13(2)20(24)25-11-18(23)22(3)4/h5-9,13H,10-11H2,1-4H3",Cc1ccc2c(n1)Oc1ccc(C(C)C(=O)OCC(=O)N(C)C)cc1C2,,Mepranoprofen arbamel,NCGC00181915-02,LOW,INACTIVE,2.84,-3.04,0
2277.0,Nc1ccc2cc3ccc(N)cc3nc2c1,"InChI=1S/C13H11N3/c14-10-3-1-8-5-9-2-4-11(15)7-13(9)16-12(8)6-10/h1-7H,14-15H2",Nc1ccc2cc3ccc(N)cc3nc2c1,proflavine,Proflavin hemisulfate,,MODERATE,LOW,2.1,-3.3,1
,NC(CCC(=O)NC(CSSCC(NC(=O)CCC(N)C(=O)O)C(=O)NCC(=O)[O-])C(=O)NCC(=O)O)C(=O)[O-],"InChI=1S/C20H32N6O12S2/c21-9(19(35)36)1-3-13(27)25-11(17(33)23-5-15(29)30)7-39-40-8-12(18(34)24-6-16(31)32)26-14(28)4-2-10(22)20(37)38/h9-12H,1-8,21-22H2,(H,23,33)(H,24,34)(H,25,27)(H,26,28)(H,29,30)(H,31,32)(H,35,36)(H,37,38)/p-2/t9-,10-,11-,12-/m0/s1",N[C@@H](CCC(=O)N[C@@H](CSSC[C@H](NC(=O)CC[C@H](N)C(=O)O)C(=O)NCC(=O)[O-])C(=O)NCC(=O)O)C(=O)[O-],,L-Glutathione oxidized disodium salt,,LOW,INACTIVE,-3.61,-3.18,0
1752.0,COc1ccc2c(c1)N(CC(C)CN(C)C)c1ccccc1S2,"InChI=1S/C19H24N2OS/c1-14(12-20(2)3)13-21-16-7-5-6-8-18(16)23-19-10-9-15(22-4)11-17(19)21/h5-11,14H,12-13H2,1-4H3/t14-/m1/s1",COc1ccc2c(c1)N(C[C@H](C)CN(C)C)c1ccccc1S2,levomepromazine,Methotrimeprazine maleat salt,,LOW,MODERATE,4.97,-4.8,0
4228.0,CC(C)(C)c1cc(C(C)(C)C)c(NC(=O)c2c[nH]c3ccccc3c2=O)cc1O,"InChI=1S/C24H28N2O3/c1-23(2,3)16-11-17(24(4,5)6)20(27)12-19(16)26-22(29)15-13-25-18-10-8-7-9-14(18)21(15)28/h7-13,27H,1-6H3,(H,25,28)(H,26,29)",CC(C)(C)c1cc(C(C)(C)C)c(NC(=O)c2c[nH]c3ccccc3c2=O)cc1O,ivacaftor,Ivacaftor,"NCGC00242480-02, NCGC00242480-01",LOW,INACTIVE,5.0,-5.29,0
4788.0,O=C1OC2(c3cc(Br)c([O-])cc3Oc3c2cc(Br)c([O-])c3[Hg+])c2ccccc21.[OH-],"InChI=1S/C20H9Br2O5.Hg.H2O/c21-13-5-11-17(7-15(13)23)26-18-8-16(24)14(22)6-12(18)20(11)10-4-2-1-3-9(10)19(25)27-20;;/h1-7,23-24H;;1H2/q;+1;/p-3",O=C1OC2(c3cc(Br)c([O-])cc3Oc3c2cc(Br)c([O-])c3[Hg]O)c2ccccc21,mercurochrome,Merbromin,,MODERATE,LOW,4.03,-3.66,1
1129.0,N=C(N)Nc1nc(CSCCC(=N)NS(N)(=O)=O)cs1,"InChI=1S/C8H15N7O2S3/c9-6(15-20(12,16)17)1-2-18-3-5-4-19-8(13-5)14-7(10)11/h4H,1-3H2,(H2,9,15)(H2,12,16,17)(H4,10,11,13,14)",N=C(N)Nc1nc(CSCCC(=N)NS(N)(=O)=O)cs1,famotidine,Famotidine,NCGC00018276-03,LOW,INACTIVE,-0.24,-3.48,0
231.0,CCN(CC)CCCN(c1ccccc1)C1Cc2ccccc2C1,"InChI=1S/C22H30N2/c1-3-23(4-2)15-10-16-24(21-13-6-5-7-14-21)22-17-19-11-8-9-12-20(19)18-22/h5-9,11-14,22H,3-4,10,15-18H2,1-2H3",CCN(CC)CCCN(c1ccccc1)C1Cc2ccccc2C1,aprindine,Aprindine hydrochloride,NCGC00186042-01,MODERATE,MODERATE,5.61,-4.61,1
2668.0,O=C(CCCN1CCC(n2c(=S)[nH]c3ccccc32)CC1)c1ccc(F)cc1,"InChI=1S/C22H24FN3OS/c23-17-9-7-16(8-10-17)21(27)6-3-13-25-14-11-18(12-15-25)26-20-5-2-1-4-19(20)24-22(26)28/h1-2,4-5,7-10,18H,3,6,11-15H2,(H,24,28)",O=C(CCCN1CCC(n2c(=S)[nH]c3ccccc32)CC1)c1ccc(F)cc1,timiperone,Timiperone,,MODERATE,MODERATE,4.02,-4.74,1
533.0,C=CC1=C(C(=O)O)N2C(=O)C(NC(=O)C(=NO)c3csc(N)n3)C2SC1,"InChI=1S/C14H13N5O5S2/c1-2-5-3-25-12-8(11(21)19(12)9(5)13(22)23)17-10(20)7(18-24)6-4-26-14(15)16-6/h2,4,8,12,24H,1,3H2,(H2,15,16)(H,17,20)(H,22,23)/b18-7-/t8-,12-/m1/s1",C=CC1=C(C(=O)O)N2C(=O)[C@@H](NC(=O)/C(=N\O)c3csc(N)n3)[C@H]2SC1,cefdinir,Cefdinir,NCGC00178499-03,LOW,INACTIVE,0.04,-3.65,0
1573.0,CCC(=O)OC(Cc1ccccc1)(c1ccccc1)C(C)CN(C)C,"InChI=1S/C22H29NO2/c1-5-21(24)25-22(18(2)17-23(3)4,20-14-10-7-11-15-20)16-19-12-8-6-9-13-19/h6-15,18H,5,16-17H2,1-4H3/t18-,22+/m0/s1",CCC(=O)O[C@@](Cc1ccccc1)(c1ccccc1)[C@@H](C)CN(C)C,levopropoxyphene,Levopropoxyphene napsylate,,LOW,INACTIVE,4.06,-4.91,0
570.0,COc1ccc2c(c1)OC(C)(C)C(c1ccccc1)C2c1ccc(OCCN2CCCC2)cc1,"InChI=1S/C30H35NO3/c1-30(2)29(23-9-5-4-6-10-23)28(26-16-15-25(32-3)21-27(26)34-30)22-11-13-24(14-12-22)33-20-19-31-17-7-8-18-31/h4-6,9-16,21,28-29H,7-8,17-20H2,1-3H3",COc1ccc2c(c1)OC(C)(C)C(c1ccccc1)C2c1ccc(OCCN2CCCC2)cc1,ormeloxifene,Ormeloxifene,,MODERATE,LOW,6.73,-6.65,1
671.0,CN1CCCC1CCOC(C)(c1ccccc1)c1ccc(Cl)cc1,"InChI=1S/C21H26ClNO/c1-21(17-7-4-3-5-8-17,18-10-12-19(22)13-11-18)24-16-14-20-9-6-15-23(20)2/h3-5,7-8,10-13,20H,6,9,14-16H2,1-2H3/t20-,21-/m1/s1",CN1CCC[C@@H]1CCO[C@](C)(c1ccccc1)c1ccc(Cl)cc1,clemastine,Clemastine fumarate,NCGC00016710-04,MODERATE,HIGH,5.32,-5.93,1
,C[n+]1cc2c3c(ccc2c2ccc4cc5c(cc4c21)OCO5)OCO3,"InChI=1S/C20H14NO4/c1-21-8-15-12(4-5-16-20(15)25-10-22-16)13-3-2-11-6-17-18(24-9-23-17)7-14(11)19(13)21/h2-8H,9-10H2,1H3/q+1",C[n+]1cc2c3c(ccc2c2ccc4cc5c(cc4c21)OCO5)OCO3,,Sanguinarine,NCGC00015959-05,HIGH,HIGH,-0.51,-6.28,1
4180.0,CCc1c(Cl)c(O)c(Cl)c(O)c1C(=O)OC1C(C)OC(OCC2=CC=CCC(O)C(C)=CC(CC)C(OC3OC(C)(C)C(OC(=O)C(C)C)C(O)C3O)C(C)=CC(C)=CCC(C(C)O)OC2=O)C(OC)C1O,"InChI=1S/C52H74Cl2O18/c1-13-30-22-26(6)33(56)18-16-15-17-31(23-66-51-45(65-12)42(61)44(29(9)67-51)69-49(64)35-32(14-2)36(53)39(58)37(54)38(35)57)48(63)68-34(28(8)55)20-19-25(5)21-27(7)43(30)70-50-41(60)40(59)46(52(10,11)72-50)71-47(62)24(3)4/h15-17,19,21-22,24,28-30,33-34,40-46,50-51,55-61H,13-14,18,20,23H2,1-12H3/b16-15-,25-19-,26-22-,27-21-,31-17-/t28-,29-,30+,33+,34+,40-,41+,42+,43+,44-,45+,46+,50-,51-/m1/s1",CCc1c(Cl)c(O)c(Cl)c(O)c1C(=O)O[C@H]1[C@H](O)[C@H](OC)[C@H](OC/C2=C\C=C\C[C@H](O)/C(C)=C/[C@H](CC)[C@@H](O[C@@H]3OC(C)(C)[C@@H](OC(=O)C(C)C)[C@H](O)[C@@H]3O)/C(C)=C/C(C)=C/C[C@@H]([C@@H](C)O)OC2=O)O[C@@H]1C,fidaxomicin,Fidaxomicin,NCGC00386281-01,LOW,INACTIVE,5.6,-4.94,0
,C=C1C(=O)OC2C1CCC(C)=CCCC1(C)OC21,"InChI=1S/C15H20O3/c1-9-5-4-8-15(3)13(18-15)12-11(7-6-9)10(2)14(16)17-12/h5,11-13H,2,4,6-8H2,1,3H3/b9-5-/t11-,12-,13+,15+/m0/s1",C=C1C(=O)O[C@H]2[C@H]1CC/C(C)=C/CC[C@@]1(C)O[C@H]21,,,"NCGC00163415-04, NCGC00163415-03",HIGH,LOW,3.03,-3.1,1
2332.0,CCc1nc(N)nc(N)c1-c1ccc(Cl)cc1,"InChI=1S/C12H13ClN4/c1-2-9-10(11(14)17-12(15)16-9)7-3-5-8(13)6-4-7/h3-6H,2H2,1H3,(H4,14,15,16,17)",CCc1nc(N)nc(N)c1-c1ccc(Cl)cc1,pyrimethamine,Pyrimethamine,"NCGC00016256-20, NCGC00016256-16",HIGH,LOW,2.61,-3.14,1
930.0,CCN1C(=CC=CC=Cc2sc3ccccc3[n+]2CC)Sc2ccccc21,"InChI=1S/C23H23N2S2/c1-3-24-18-12-8-10-14-20(18)26-22(24)16-6-5-7-17-23-25(4-2)19-13-9-11-15-21(19)27-23/h5-17H,3-4H2,1-2H3/q+1",CCN1/C(=C\C=C\C=C\c2sc3ccccc3[n+]2CC)Sc2ccccc21,dithiazanine,Dithiazanine chloride,,MODERATE,MODERATE,2.42,-6.2,1
281.0,CCC(C)C(N)C1=NC(C(=O)NC(CC(C)C)C(=O)NC(CCC(=O)O)C(=O)NC(C(=O)NC2CCCCNC(=O)C(CC(N)=O)NC(=O)C(CC(=O)O)NC(=O)C(Cc3cnc[nH]3)NC(=O)C(Cc3ccccc3)NC(=O)C(C(C)CC)NC(=O)C(CCCN)NC2=O)C(C)CC)CS1,"InChI=1S/C66H103N17O16S/c1-9-35(6)52(69)66-81-48(32-100-66)63(97)76-43(26-34(4)5)59(93)74-42(22-23-50(85)86)58(92)83-53(36(7)10-2)64(98)75-40-20-15-16-25-71-55(89)46(29-49(68)84)78-62(96)47(30-51(87)88)79-61(95)45(28-39-31-70-33-72-39)77-60(94)44(27-38-18-13-12-14-19-38)80-65(99)54(37(8)11-3)82-57(91)41(21-17-24-67)73-56(40)90/h12-14,18-19,31,33-37,40-48,52-54H,9-11,15-17,20-30,32,67,69H2,1-8H3,(H2,68,84)(H,70,72)(H,71,89)(H,73,90)(H,74,93)(H,75,98)(H,76,97)(H,77,94)(H,78,96)(H,79,95)(H,80,99)(H,82,91)(H,83,92)(H,85,86)(H,87,88)/t35?,36-,37-,40-,41+,42+,43-,44+,45-,46-,47+,48?,52?,53-,54-/m0/s1",CCC(C)C(N)C1=NC(C(=O)N[C@@H](CC(C)C)C(=O)N[C@H](CCC(=O)O)C(=O)N[C@H](C(=O)N[C@H]2CCCCNC(=O)[C@H](CC(N)=O)NC(=O)[C@@H](CC(=O)O)NC(=O)[C@H](Cc3cnc[nH]3)NC(=O)[C@@H](Cc3ccccc3)NC(=O)[C@H]([C@@H](C)CC)NC(=O)[C@@H](CCCN)NC2=O)[C@@H](C)CC)CS1,bacitracin,Bacitracin,"NCGC00094594-14, NCGC00094594-17, NCGC00094594-12",LOW,INACTIVE,,,0
3083.0,CCCCCCCCCCCCCCCC[n+]1ccccc1,"InChI=1S/C21H38N/c1-2-3-4-5-6-7-8-9-10-11-12-13-14-16-19-22-20-17-15-18-21-22/h15,17-18,20-21H,2-14,16,19H2,1H3/q+1",CCCCCCCCCCCCCCCC[n+]1ccccc1,cetylpyridinium,Cetylpyridinium bromide|CETYLPYRIDINIUM CHLORIDE,,HIGH,HIGH,3.19,-7.72,1
,CCCCCc1ccc(C)cc1O,"InChI=1S/C12H18O/c1-3-4-5-6-11-8-7-10(2)9-12(11)13/h7-9,13H,3-6H2,1-2H3",CCCCCc1ccc(C)cc1O,,Amylmetacresol,,LOW,INACTIVE,4.33,-3.42,0
4183.0,CCc1cc2c(cc1CC)CC(NCC(O)c1ccc(O)c3[nH]c(=O)ccc13)C2,"InChI=1S/C24H28N2O3/c1-3-14-9-16-11-18(12-17(16)10-15(14)4-2)25-13-22(28)19-5-7-21(27)24-20(19)6-8-23(29)26-24/h5-10,18,22,25,27-28H,3-4,11-13H2,1-2H3,(H,26,29)/t22-/m0/s1",CCc1cc2c(cc1CC)CC(NC[C@H](O)c1ccc(O)c3[nH]c(=O)ccc13)C2,indacaterol,Indacaterol (maleate),,MODERATE,LOW,3.32,-4.69,1
785.0,Cc1nc(Nc2ncc(C(=O)Nc3c(C)cccc3Cl)s2)cc(N2CCN(CCO)CC2)n1,"InChI=1S/C22H26ClN7O2S/c1-14-4-3-5-16(23)20(14)28-21(32)17-13-24-22(33-17)27-18-12-19(26-15(2)25-18)30-8-6-29(7-9-30)10-11-31/h3-5,12-13,31H,6-11H2,1-2H3,(H,28,32)(H,24,25,26,27)",Cc1nc(Nc2ncc(C(=O)Nc3c(C)cccc3Cl)s2)cc(N2CCN(CCO)CC2)n1,dasatinib,Dasatinib,"NCGC00181129-12, NCGC00181129-08, NCGC00181129-05, NCGC00181129-06",LOW,INACTIVE,2.75,-4.58,0
2435.0,O=C1NCCN1CCN1CCC(c2cn(-c3ccc(F)cc3)c3ccc(Cl)cc23)CC1,"InChI=1S/C24H26ClFN4O/c25-18-1-6-23-21(15-18)22(16-30(23)20-4-2-19(26)3-5-20)17-7-10-28(11-8-17)13-14-29-12-9-27-24(29)31/h1-6,15-17H,7-14H2,(H,27,31)",O=C1NCCN1CCN1CCC(c2cn(-c3ccc(F)cc3)c3ccc(Cl)cc23)CC1,sertindole,Sertindole,,MODERATE,HIGH,4.3,-4.66,1
2740.0,CN1CCN(CCCN2c3ccccc3Sc3ccc(C(F)(F)F)cc32)CC1,"InChI=1S/C21H24F3N3S/c1-25-11-13-26(14-12-25)9-4-10-27-17-5-2-3-6-19(17)28-20-8-7-16(15-18(20)27)21(22,23)24/h2-3,5-8,15H,4,9-14H2,1H3",CN1CCN(CCCN2c3ccccc3Sc3ccc(C(F)(F)F)cc32)CC1,trifluoperazine,Trifluoperazine hydrochloride,"NCGC00186653-01, NCGC00261917-01, NCGC00013226-32, NCGC00013226-15",MODERATE,LOW,4.88,-4.67,1
226.0,O=C1c2c(O)cccc2Cc2cccc(O)c21,"InChI=1S/C14H10O3/c15-10-5-1-3-8-7-9-4-2-6-11(16)13(9)14(17)12(8)10/h1-6,15-16H,7H2",O=C1c2c(O)cccc2Cc2cccc(O)c21,dithranol,Anthralin,,LOW,INACTIVE,2.73,-3.09,0
3302.0,CC(=O)N(CC(O)CN(C(C)=O)c1c(I)c(C(=O)NCC(O)CO)c(I)c(C(=O)NCC(O)CO)c1I)c1c(I)c(C(=O)NCC(O)CO)c(I)c(C(=O)NCC(O)CO)c1I,"InChI=1S/C35H44I6N6O15/c1-13(52)46(30-26(38)20(32(59)42-3-15(54)9-48)24(36)21(27(30)39)33(60)43-4-16(55)10-49)7-19(58)8-47(14(2)53)31-28(40)22(34(61)44-5-17(56)11-50)25(37)23(29(31)41)35(62)45-6-18(57)12-51/h15-19,48-51,54-58H,3-12H2,1-2H3,(H,42,59)(H,43,60)(H,44,61)(H,45,62)",CC(=O)N(CC(O)CN(C(C)=O)c1c(I)c(C(=O)NCC(O)CO)c(I)c(C(=O)NCC(O)CO)c1I)c1c(I)c(C(=O)NCC(O)CO)c(I)c(C(=O)NCC(O)CO)c1I,iodixanol,Iodixanol,,LOW,INACTIVE,-2.9,-3.92,0
,CC[N+](CC)(CC)CCOC(=O)C(C1CCCC1)C1CCCC1,"InChI=1S/C20H38NO2/c1-4-21(5-2,6-3)15-16-23-20(22)19(17-11-7-8-12-17)18-13-9-10-14-18/h17-19H,4-16H2,1-3H3/q+1",CC[N+](CC)(CC)CCOC(=O)C(C1CCCC1)C1CCCC1,,Diponium bromide,,LOW,INACTIVE,3.0,-7.32,0
203.0,COc1cc(NS(C)(=O)=O)ccc1Nc1c2ccccc2nc2ccccc12,"InChI=1S/C21H19N3O3S/c1-27-20-13-14(24-28(2,25)26)11-12-19(20)23-21-15-7-3-5-9-17(15)22-18-10-6-4-8-16(18)21/h3-13,24H,1-2H3,(H,22,23)",COc1cc(NS(C)(=O)=O)ccc1Nc1c2ccccc2nc2ccccc12,amsacrine,Amsacrine,NCGC00093644-09,HIGH,LOW,4.67,-5.09,1
2691.0,CCOC(=O)NNc1nncc2ccccc12,"InChI=1S/C11H12N4O2/c1-2-17-11(16)15-14-10-9-6-4-3-5-8(9)7-12-13-10/h3-7H,2H2,1H3,(H,13,14)(H,15,16)",CCOC(=O)NNc1nncc2ccccc12,todralazine,Todralazine hydrochloride,,LOW,INACTIVE,1.35,-3.48,0
1943.0,CC(=O)Oc1ccccc1C(=O)Nc1ncc([N+](=O)[O-])s1,"InChI=1S/C12H9N3O5S/c1-7(16)20-9-5-3-2-4-8(9)11(17)14-12-13-6-10(21-12)15(18)19/h2-6H,1H3,(H,13,14,17)",CC(=O)Oc1ccccc1C(=O)Nc1ncc([N+](=O)[O-])s1,nitazoxanide,Nitazoxanide,"NCGC00090774-12, NCGC00090774-03",MODERATE,LOW,2.15,-4.61,1
,CC1(C)OC2CC(=O)OCC23C1CC(=O)C1(C)C3CCC2(C)C(c3ccoc3)OC(=O)C3OC321,"InChI=1S/C26H30O8/c1-22(2)15-9-16(27)24(4)14(25(15)12-31-18(28)10-17(25)33-22)5-7-23(3)19(13-6-8-30-11-13)32-21(29)20-26(23,24)34-20/h6,8,11,14-15,17,19-20H,5,7,9-10,12H2,1-4H3/t14-,15-,17-,19-,20+,23-,24-,25+,26+/m0/s1",CC1(C)O[C@H]2CC(=O)OC[C@@]23[C@H]1CC(=O)[C@]1(C)[C@@H]3CC[C@@]2(C)[C@H](c3ccoc3)OC(=O)[C@H]3O[C@]321,,Limonin,"NCGC00178483-05, NCGC00263659-01, NCGC00178483-04",LOW,INACTIVE,3.47,-3.77,0
1540.0,Nc1nnc(-c2cccc(Cl)c2Cl)c(N)n1,"InChI=1S/C9H7Cl2N5/c10-5-3-1-2-4(6(5)11)7-8(12)14-9(13)16-15-7/h1-3H,(H4,12,13,14,16)",Nc1nnc(-c2cccc(Cl)c2Cl)c(N)n1,lamotrigine,Lamotrigine,"NCGC00015605-08, NCGC00015605-13, NCGC00015605-10",LOW,INACTIVE,1.87,-2.72,0
5067.0,CC(C)CC(NC(=O)CNC(=O)c1cc(Cl)ccc1Cl)B(O)O,"InChI=1S/C14H19BCl2N2O4/c1-8(2)5-12(15(22)23)19-13(20)7-18-14(21)10-6-9(16)3-4-11(10)17/h3-4,6,8,12,22-23H,5,7H2,1-2H3,(H,18,21)(H,19,20)/t12-/m0/s1",CC(C)C[C@H](NC(=O)CNC(=O)c1cc(Cl)ccc1Cl)B(O)O,ixazomib,Ixazomib|MLN9708|IXAZOMIB CITRATE,NCGC00249611-03,MODERATE,HIGH,2.06,-4.47,1
1768.0,CC1CC2C(C(O)CC3(C)C2CCC3(O)C(=O)CO)C2(C)C=CC(=O)C=C12,"InChI=1S/C22H30O5/c1-12-8-14-15-5-7-22(27,18(26)11-23)21(15,3)10-17(25)19(14)20(2)6-4-13(24)9-16(12)20/h4,6,9,12,14-15,17,19,23,25,27H,5,7-8,10-11H2,1-3H3/t12-,14-,15-,17-,19+,20-,21-,22-/m0/s1",C[C@H]1C[C@H]2[C@@H]3CC[C@](O)(C(=O)CO)[C@@]3(C)C[C@H](O)[C@@H]2[C@@]2(C)C=CC(=O)C=C12,methylprednisolone,Methylprednisolone,"NCGC00022735-16, NCGC00022735-07",LOW,INACTIVE,1.99,-3.54,0
3282.0,Oc1ccc(O)cc1,"InChI=1S/C6H6O2/c7-5-1-2-6(8)4-3-5/h1-4,7-8H",Oc1ccc(O)cc1,hydroquinone,Hydroquinone,NCGC00015523-07,MODERATE,LOW,0.71,-0.06,1
1374.0,CCCCCCc1ccc(O)cc1O,"InChI=1S/C12H18O2/c1-2-3-4-5-6-10-7-8-11(13)9-12(10)14/h7-9,13-14H,2-6H2,1H3",CCCCCCc1ccc(O)cc1O,hexylresorcinol,4-Hexylresorcinol|HEXYLRESORCINOL,,HIGH,LOW,3.77,-2.63,1
2291.0,CCCNCC(O)COc1ccccc1C(=O)CCc1ccccc1,"InChI=1S/C21H27NO3/c1-2-14-22-15-18(23)16-25-21-11-7-6-10-19(21)20(24)13-12-17-8-4-3-5-9-17/h3-11,18,22-23H,2,12-16H2,1H3",CCCNCC(O)COc1ccccc1C(=O)CCc1ccccc1,propafenone,Propafenone hydrochloride,"NCGC00015819-17, NCGC00015819-10, NCGC00015819-11",MODERATE,LOW,3.1,-4.65,1
,OCC1OC(n2cnc3c(S)ncnc32)C(O)C1O,"InChI=1S/C10H12N4O4S/c15-1-4-6(16)7(17)10(18-4)14-3-13-5-8(14)11-2-12-9(5)19/h2-4,6-7,10,15-17H,1H2,(H,11,12,19)/t4-,6-,7-,10-/m1/s1",OC[C@H]1O[C@@H](n2cnc3c(S)ncnc32)[C@H](O)[C@@H]1O,,Thioinosine,,MODERATE,MODERATE,-1.15,-1.77,1
2558.0,C=CCN1CCc2nc(N)sc2CC1,"InChI=1S/C10H15N3S/c1-2-5-13-6-3-8-9(4-7-13)14-10(11)12-8/h2H,1,3-7H2,(H2,11,12)",C=CCN1CCc2nc(N)sc2CC1,talipexole,Talipexole,,LOW,INACTIVE,1.72,-2.5,0
1511.0,COC(=O)C1=C(C)NC(C)=C(C(=O)OC(C)C)C1c1cccc2nonc12,"InChI=1S/C19H21N3O5/c1-9(2)26-19(24)15-11(4)20-10(3)14(18(23)25-5)16(15)12-7-6-8-13-17(12)22-27-21-13/h6-9,16,20H,1-5H3",COC(=O)C1=C(C)NC(C)=C(C(=O)OC(C)C)C1c1cccc2nonc12,isradipine,Isradipine,NCGC00025341-01,LOW,INACTIVE,3.01,-3.21,0
1782.0,CCN(CC)CCNC(=O)c1cc(Cl)c(N)cc1OC,"InChI=1S/C14H22ClN3O2/c1-4-18(5-2)7-6-17-14(19)10-8-11(15)12(16)9-13(10)20-3/h8-9H,4-7,16H2,1-3H3,(H,17,19)",CCN(CC)CCNC(=O)c1cc(Cl)c(N)cc1OC,metoclopramide,Metoclopramide,"NCGC00015643-08, NCGC00015643-13",LOW,INACTIVE,2.18,-2.99,0
4809.0,CCCNS(=O)(=O)Nc1ncnc(OCCOc2ncc(Br)cn2)c1-c1ccc(Br)cc1,"InChI=1S/C19H20Br2N6O4S/c1-2-7-26-32(28,29)27-17-16(13-3-5-14(20)6-4-13)18(25-12-24-17)30-8-9-31-19-22-10-15(21)11-23-19/h3-6,10-12,26H,2,7-9H2,1H3,(H,24,25,27)",CCCNS(=O)(=O)Nc1ncnc(OCCOc2ncc(Br)cn2)c1-c1ccc(Br)cc1,macitentan,Macitentan,"NCGC00346456-07, NCGC00346456-01",LOW,INACTIVE,3.02,-4.94,0
,CC(C)CC(N)C(=O)O,"InChI=1S/C6H13NO2/c1-4(2)3-5(7)6(8)9/h4-5H,3,7H2,1-2H3,(H,8,9)/t5-/m1/s1",CC(C)C[C@@H](N)C(=O)O,,D-Leucine,,LOW,INACTIVE,-1.78,-0.27,0
5064.0,CC(C)(C)C(=O)C(Oc1ccc(Cl)cc1)n1ccnc1,"InChI=1S/C15H17ClN2O2/c1-15(2,3)13(19)14(18-9-8-17-10-18)20-12-6-4-11(16)5-7-12/h4-10,14H,1-3H3",CC(C)(C)C(=O)C(Oc1ccc(Cl)cc1)n1ccnc1,climbazole,Climbazole,NCGC00166153-03,LOW,INACTIVE,3.33,-3.69,0
4634.0,CC(O)=C(C#N)C(=O)Nc1ccc(C(F)(F)F)cc1,"InChI=1S/C12H9F3N2O2/c1-7(18)10(6-16)11(19)17-9-4-2-8(3-5-9)12(13,14)15/h2-5,18H,1H3,(H,17,19)/b10-7-",C/C(O)=C(\C#N)C(=O)Nc1ccc(C(F)(F)F)cc1,teriflunomide,Teriflunomide,"NCGC00263218-08, NCGC00263218-02",MODERATE,LOW,2.3,-4.34,1
1082.0,C#CC1(O)CCC2C3CCc4cc(O)ccc4C3CCC21C,"InChI=1S/C20H24O2/c1-3-20(22)11-9-18-17-6-4-13-12-14(21)5-7-15(13)16(17)8-10-19(18,20)2/h1,5,7,12,16-18,21-22H,4,6,8-11H2,2H3/t16-,17-,18+,19+,20+/m1/s1",C#C[C@]1(O)CC[C@H]2[C@@H]3CCc4cc(O)ccc4[C@H]3CC[C@@]21C,ethinylestradiol,Ethinylestradiol,"NCGC00091533-17, NCGC00091533-11",MODERATE,MODERATE,3.63,-4.64,1
3543.0,Cc1ccccc1N=Nc1ccc(N=Nc2c(O)ccc3ccccc23)c(C)c1,"InChI=1S/C24H20N4O/c1-16-7-3-6-10-21(16)26-25-19-12-13-22(17(2)15-19)27-28-24-20-9-5-4-8-18(20)11-14-23(24)29/h3-15,29H,1-2H3/b26-25+,28-27+",Cc1ccccc1/N=N/c1ccc(/N=N/c2c(O)ccc3ccccc23)c(C)c1,scarlet red,C.I. Solvent Red 24,,LOW,INACTIVE,6.7,-5.32,0
,CCC(=O)Oc1ccc2c(c1)CCC1C2CCC2(C)C1CC(OC(=O)CC)C2OC(=O)CC,"InChI=1S/C27H36O6/c1-5-23(28)31-17-9-11-18-16(14-17)8-10-20-19(18)12-13-27(4)21(20)15-22(32-24(29)6-2)26(27)33-25(30)7-3/h9,11,14,19-22,26H,5-8,10,12-13,15H2,1-4H3/t19-,20-,21+,22-,26+,27+/m1/s1",CCC(=O)Oc1ccc2c(c1)CC[C@@H]1[C@@H]2CC[C@@]2(C)[C@H]1C[C@@H](OC(=O)CC)[C@@H]2OC(=O)CC,,Estriol tripropionate,,LOW,INACTIVE,5.52,-6.02,0
1847.0,O=C1NC2CCCCN2C12CCN(CCCN1c3ccccc3CCc3ccc(Cl)cc31)CC2,"InChI=1S/C28H35ClN4O/c29-23-12-11-22-10-9-21-6-1-2-7-24(21)32(25(22)20-23)16-5-15-31-18-13-28(14-19-31)27(34)30-26-8-3-4-17-33(26)28/h1-2,6-7,11-12,20,26H,3-5,8-10,13-19H2,(H,30,34)",O=C1NC2CCCCN2C12CCN(CCCN1c3ccccc3CCc3ccc(Cl)cc31)CC2,mosapramine,Mosapramine,,MODERATE,LOW,4.68,-4.43,1
,CN(C)CC=CC(=O)Nc1cc2c(Nc3ccc(F)c(Cl)c3)ncnc2cc1OC1CCOC1,"InChI=1S/C24H25ClFN5O3/c1-31(2)8-3-4-23(32)30-21-11-17-20(12-22(21)34-16-7-9-33-13-16)27-14-28-24(17)29-15-5-6-19(26)18(25)10-15/h3-6,10-12,14,16H,7-9,13H2,1-2H3,(H,30,32)(H,27,28,29)/b4-3+",CN(C)C/C=C/C(=O)Nc1cc2c(Nc3ccc(F)c(Cl)c3)ncnc2cc1OC1CCOC1,,,"NCGC00387813-02, NCGC00387813-03",HIGH,LOW,3.79,-4.58,1
2742.0,CN(C)CCCN1c2ccccc2Sc2ccc(C(F)(F)F)cc21,"InChI=1S/C18H19F3N2S/c1-22(2)10-5-11-23-14-6-3-4-7-16(14)24-17-9-8-13(12-15(17)23)18(19,20)21/h3-4,6-9,12H,5,10-11H2,1-2H3",CN(C)CCCN1c2ccccc2Sc2ccc(C(F)(F)F)cc21,triflupromazine,Triflupromazine hydrochloride,NCGC00016012-09,HIGH,LOW,4.95,-5.29,1
,O=C(Nc1ccc(Br)cc1)c1cc(Br)cc(Br)c1O,"InChI=1S/C13H8Br3NO2/c14-7-1-3-9(4-2-7)17-13(19)10-5-8(15)6-11(16)12(10)18/h1-6,18H,(H,17,19)",O=C(Nc1ccc(Br)cc1)c1cc(Br)cc(Br)c1O,,Tribromsalan,,MODERATE,LOW,5.48,-5.29,1
1552.0,Cc1oncc1C(=O)Nc1ccc(C(F)(F)F)cc1,"InChI=1S/C12H9F3N2O2/c1-7-10(6-16-19-7)11(18)17-9-4-2-8(3-5-9)12(13,14)15/h2-6H,1H3,(H,17,18)",Cc1oncc1C(=O)Nc1ccc(C(F)(F)F)cc1,leflunomide,Leflunomide,"NCGC00015610-12, NCGC00015610-29, NCGC00015610-18",MODERATE,HIGH,2.52,-3.5,1
,c1ccc2c(c1)sc1ccccc12,InChI=1S/C12H8S/c1-3-7-11-9(5-1)10-6-2-4-8-12(10)13-11/h1-8H,c1ccc2c(c1)sc1ccccc12,,Dibenzothiophene,,LOW,INACTIVE,4.38,-4.07,0
4112.0,CCCCc1oc2ccc(NS(C)(=O)=O)cc2c1C(=O)c1ccc(OCCCN(CCCC)CCCC)cc1,"InChI=1S/C31H44N2O5S/c1-5-8-12-29-30(27-23-25(32-39(4,35)36)15-18-28(27)38-29)31(34)24-13-16-26(17-14-24)37-22-11-21-33(19-9-6-2)20-10-7-3/h13-18,23,32H,5-12,19-22H2,1-4H3",CCCCc1oc2ccc(NS(C)(=O)=O)cc2c1C(=O)c1ccc(OCCCN(CCCC)CCCC)cc1,dronedarone,Dronedarone hydrochloride,NCGC00188863-01,HIGH,LOW,6.46,-5.44,1
67.0,CC(=O)OC1CC(OC2C(O)CC(OC3C(O)CC(OC4CCC5(C)C(CCC6C5CCC5(C)C(C7=CC(=O)OC7)CCC65O)C4)OC3C)OC2C)OC(C)C1O,"InChI=1S/C43H66O14/c1-21-38(48)33(54-24(4)44)19-37(51-21)57-40-23(3)53-36(18-32(40)46)56-39-22(2)52-35(17-31(39)45)55-27-9-12-41(5)26(16-27)7-8-30-29(41)10-13-42(6)28(11-14-43(30,42)49)25-15-34(47)50-20-25/h15,21-23,26-33,35-40,45-46,48-49H,7-14,16-20H2,1-6H3/t21-,22-,23-,26-,27+,28-,29+,30-,31+,32+,33+,35+,36+,37+,38-,39-,40-,41+,42-,43+/m1/s1",CC(=O)O[C@H]1C[C@H](O[C@H]2[C@@H](O)C[C@H](O[C@H]3[C@@H](O)C[C@H](O[C@H]4CC[C@]5(C)[C@H]6CC[C@]7(C)[C@@H](C8=CC(=O)OC8)CC[C@]7(O)[C@@H]6CC[C@@H]5C4)O[C@@H]3C)O[C@@H]2C)O[C@H](C)[C@H]1O,acetyldigitoxin,Digitoxin 3'''-Acetate,,HIGH,MODERATE,2.87,-4.82,1
2544.0,CCN(CC)CCNC(=O)c1c(C)[nH]c(C=C2C(=O)Nc3ccc(F)cc32)c1C,"InChI=1S/C22H27FN4O2/c1-5-27(6-2)10-9-24-22(29)20-13(3)19(25-14(20)4)12-17-16-11-15(23)7-8-18(16)26-21(17)28/h7-8,11-12,25H,5-6,9-10H2,1-4H3,(H,24,29)(H,26,28)/b17-12-",CCN(CC)CCNC(=O)c1c(C)[nH]c(/C=C2\C(=O)Nc3ccc(F)cc32)c1C,sunitinib,Sunitinib malate,"NCGC00164631-19, NCGC00261199-01, NCGC00164631-03",HIGH,HIGH,3.24,-4.11,1
1912.0,O=C(Nc1ccc([N+](=O)[O-])cc1Cl)c1cc(Cl)ccc1O,"InChI=1S/C13H8Cl2N2O4/c14-7-1-4-12(18)9(5-7)13(19)16-11-3-2-8(17(20)21)6-10(11)15/h1-6,18H,(H,16,19)",O=C(Nc1ccc([N+](=O)[O-])cc1Cl)c1cc(Cl)ccc1O,niclosamide,Niclosamide,"NCGC00015735-08, NCGC00015735-18, NCGC00015735-12",MODERATE,MODERATE,4.49,-4.63,1
5142.0,CC(C)COc1ccc(CNC(=O)N(Cc2ccc(F)cc2)C2CCN(C)CC2)cc1,"InChI=1S/C25H34FN3O2/c1-19(2)18-31-24-10-6-20(7-11-24)16-27-25(30)29(23-12-14-28(3)15-13-23)17-21-4-8-22(26)9-5-21/h4-11,19,23H,12-18H2,1-3H3,(H,27,30)",CC(C)COc1ccc(CNC(=O)N(Cc2ccc(F)cc2)C2CCN(C)CC2)cc1,pimavanserin,Pimavanserin,NCGC00390656-01,HIGH,LOW,4.18,-4.76,1
,CC1CC2C3CCC4=CC(=O)C=CC4(C)C3(F)C(O)CC2(C)C1(O)C(=O)COC(=O)c1cccc(S(=O)(=O)[O-])c1,"InChI=1S/C29H33FO9S/c1-16-11-22-21-8-7-18-13-19(31)9-10-26(18,2)28(21,30)23(32)14-27(22,3)29(16,35)24(33)15-39-25(34)17-5-4-6-20(12-17)40(36,37)38/h4-6,9-10,12-13,16,21-23,32,35H,7-8,11,14-15H2,1-3H3,(H,36,37,38)/p-1",CC1CC2C3CCC4=CC(=O)C=CC4(C)C3(F)C(O)CC2(C)C1(O)C(=O)COC(=O)c1cccc(S(=O)(=O)[O-])c1,,,NCGC00167502-01,LOW,INACTIVE,1.87,-4.11,0
3050.0,CCCCN(CCCC)CCCOC(=O)c1ccc(N)cc1,"InChI=1S/C18H30N2O2/c1-3-5-12-20(13-6-4-2)14-7-15-22-18(21)16-8-10-17(19)11-9-16/h8-11H,3-7,12-15,19H2,1-2H3",CCCCN(CCCC)CCCOC(=O)c1ccc(N)cc1,butacaine,Butacaine,,MODERATE,LOW,4.46,-3.86,1
160.0,Nc1c2ccccc2nc2ccccc12,"InChI=1S/C13H10N2/c14-13-9-5-1-3-7-11(9)15-12-8-4-2-6-10(12)13/h1-8H,(H2,14,15)",Nc1c2ccccc2nc2ccccc12,aminoacridine,"9-Aminoacridine, monohydrochloride, monohydrate|AMINACRINE",,HIGH,LOW,2.75,-3.41,1
1549.0,N=C(N)NCCCC(N)C(=O)O,"InChI=1S/C6H14N4O2/c7-4(5(11)12)2-1-3-10-6(8)9/h4H,1-3,7H2,(H,11,12)(H4,8,9,10)/t4-/m0/s1",N=C(N)NCCC[C@H](N)C(=O)O,arginine hydrochloride,L-Arginine,NCGC00024715-04,LOW,INACTIVE,-3.49,-1.88,0
760.0,CC=CCC(C)C(O)C1C(=O)NC(CC)C(=O)N(C)CC(=O)N(C)C(CC(C)C)C(=O)NC(C(C)C)C(=O)N(C)C(CC(C)C)C(=O)NC(C)C(=O)NC(C)C(=O)N(C)C(CC(C)C)C(=O)N(C)C(CC(C)C)C(=O)N(C)C(C(C)C)C(=O)N1C,"InChI=1S/C62H111N11O12/c1-25-27-28-40(15)52(75)51-56(79)65-43(26-2)58(81)67(18)33-48(74)68(19)44(29-34(3)4)55(78)66-49(38(11)12)61(84)69(20)45(30-35(5)6)54(77)63-41(16)53(76)64-42(17)57(80)70(21)46(31-36(7)8)59(82)71(22)47(32-37(9)10)60(83)72(23)50(39(13)14)62(85)73(51)24/h25,27,34-47,49-52,75H,26,28-33H2,1-24H3,(H,63,77)(H,64,76)(H,65,79)(H,66,78)/b27-25+/t40-,41+,42-,43+,44+,45+,46+,47+,49+,50+,51+,52-/m1/s1",C/C=C/C[C@@H](C)[C@@H](O)[C@H]1C(=O)N[C@@H](CC)C(=O)N(C)CC(=O)N(C)[C@@H](CC(C)C)C(=O)N[C@@H](C(C)C)C(=O)N(C)[C@@H](CC(C)C)C(=O)N[C@@H](C)C(=O)N[C@H](C)C(=O)N(C)[C@@H](CC(C)C)C(=O)N(C)[C@@H](CC(C)C)C(=O)N(C)[C@@H](C(C)C)C(=O)N1C,ciclosporin,Cyclosporine A|Cyclosporin A,"NCGC00093704-19, NCGC00386167-01",LOW,INACTIVE,4.12,-5.09,0
,C[S+](C)CCC(N)C(=O)O,"InChI=1S/C6H13NO2S/c1-10(2)4-3-5(7)6(8)9/h5H,3-4,7H2,1-2H3/p+1",C[S+](C)CCC(N)C(=O)O,,DL-Methionine methylsulfonium chloride,,LOW,INACTIVE,-1.23,-1.39,0
,CC(=O)C1(O)CCC2C3CCC4=CC(=O)CCC4(C)C3(F)C(O)CC21C,"InChI=1S/C21H29FO4/c1-12(23)20(26)9-7-15-16-5-4-13-10-14(24)6-8-18(13,2)21(16,22)17(25)11-19(15,20)3/h10,15-17,25-26H,4-9,11H2,1-3H3/t15-,16-,17-,18-,19-,20-,21?/m0/s1",CC(=O)[C@@]1(O)CC[C@H]2[C@@H]3CCC4=CC(=O)CC[C@]4(C)C3(F)[C@@H](O)C[C@@]21C,,Flugestone,,LOW,INACTIVE,2.05,-3.77,0
2590.0,COc1cc(C2c3cc4c(cc3C(OC3OC5COC(c6cccs6)OC5C(O)C3O)C3COC(=O)C23)OCO4)cc(OC)c1O,"InChI=1S/C32H32O13S/c1-37-19-6-13(7-20(38-2)25(19)33)23-14-8-17-18(42-12-41-17)9-15(14)28(16-10-39-30(36)24(16)23)44-32-27(35)26(34)29-21(43-32)11-40-31(45-29)22-4-3-5-46-22/h3-9,16,21,23-24,26-29,31-35H,10-12H2,1-2H3/t16-,21+,23+,24-,26+,27+,28+,29+,31+,32-/m0/s1",COc1cc([C@@H]2c3cc4c(cc3[C@@H](O[C@@H]3O[C@@H]5CO[C@@H](c6cccs6)O[C@H]5[C@H](O)[C@H]3O)[C@H]3COC(=O)[C@H]23)OCO4)cc(OC)c1O,teniposide,TENIPOSIDE,"NCGC00346563-03, NCGC00346563-01",MODERATE,MODERATE,1.67,-4.04,1
,CCC(=O)c1ccc2c(c1)N(CCCN(C)C)c1ccccc1S2,"InChI=1S/C20H24N2OS/c1-4-18(23)15-10-11-20-17(14-15)22(13-7-12-21(2)3)16-8-5-6-9-19(16)24-20/h5-6,8-11,14H,4,7,12-13H2,1-3H3",CCC(=O)c1ccc2c(c1)N(CCCN(C)C)c1ccccc1S2,,Propionylpromazine hydrochloride,NCGC00015838-04,MODERATE,MODERATE,4.75,-4.8,1
4280.0,Cc1c(C)c2c(c(C)c1O)CCC(C)(CCCC(C)CCCC(C)CCCC(C)C)O2,"InChI=1S/C29H50O2/c1-20(2)12-9-13-21(3)14-10-15-22(4)16-11-18-29(8)19-17-26-25(7)27(30)23(5)24(6)28(26)31-29/h20-22,30H,9-19H2,1-8H3/t21-,22-,29-/m1/s1",Cc1c(C)c2c(c(C)c1O)CC[C@@](C)(CCC[C@H](C)CCC[C@H](C)CCCC(C)C)O2,tocofersolan,Tocophersolan,,LOW,INACTIVE,8.84,-7.79,0
2630.0,CCSc1ccc2c(c1)N(CCCN1CCN(C)CC1)c1ccccc1S2,"InChI=1S/C22H29N3S2/c1-3-26-18-9-10-22-20(17-18)25(19-7-4-5-8-21(19)27-22)12-6-11-24-15-13-23(2)14-16-24/h4-5,7-10,17H,3,6,11-16H2,1-2H3",CCSc1ccc2c(c1)N(CCCN1CCN(C)CC1)c1ccccc1S2,thiethylperazine,Thiethylperazine dimalate|Thiethylperazine Malate,,MODERATE,LOW,5.12,-4.91,1
896.0,CN(C(=O)C(Cl)Cl)c1ccc(OC(=O)c2ccco2)cc1,"InChI=1S/C14H11Cl2NO4/c1-17(13(18)12(15)16)9-4-6-10(7-5-9)21-14(19)11-3-2-8-20-11/h2-8,12H,1H3",CN(C(=O)C(Cl)Cl)c1ccc(OC(=O)c2ccco2)cc1,diloxanide furoate,Diloxanide furoate,,LOW,INACTIVE,3.4,-3.93,0
4548.0,CC1CC2C3CC(F)C4=CC(=O)C=CC4(C)C3(F)C(O)CC2(C)C1(O)C(=O)CO,"InChI=1S/C22H28F2O5/c1-11-6-13-14-8-16(23)15-7-12(26)4-5-19(15,2)21(14,24)17(27)9-20(13,3)22(11,29)18(28)10-25/h4-5,7,11,13-14,16-17,25,27,29H,6,8-10H2,1-3H3/t11-,13+,14+,16+,17+,19+,20+,21+,22+/m1/s1",C[C@@H]1C[C@H]2[C@@H]3C[C@H](F)C4=CC(=O)C=C[C@]4(C)[C@@]3(F)[C@@H](O)C[C@]2(C)[C@@]1(O)C(=O)CO,flumetasone,Flumethasone,NCGC00021761-06,LOW,INACTIVE,1.91,-3.7,0
342.0,CC(C)COCC(CN(Cc1ccccc1)c1ccccc1)N1CCCC1,"InChI=1S/C24H34N2O/c1-21(2)19-27-20-24(25-15-9-10-16-25)18-26(23-13-7-4-8-14-23)17-22-11-5-3-6-12-22/h3-8,11-14,21,24H,9-10,15-20H2,1-2H3",CC(C)COCC(CN(Cc1ccccc1)c1ccccc1)N1CCCC1,bepridil,Bepridil,"NCGC00015155-14, NCGC00260907-01",HIGH,MODERATE,5.33,-4.75,1
859.0,CCCCOc1cc(C(=O)NCCN(CC)CC)c2ccccc2n1,"InChI=1S/C20H29N3O2/c1-4-7-14-25-19-15-17(16-10-8-9-11-18(16)22-19)20(24)21-12-13-23(5-2)6-3/h8-11,15H,4-7,12-14H2,1-3H3,(H,21,24)",CCCCOc1cc(C(=O)NCCN(CC)CC)c2ccccc2n1,cinchocaine,Dibucaine,,MODERATE,MODERATE,3.79,-3.96,1
721.0,O=C1CN2CCOC2(c2ccccc2Cl)c2cc(Cl)ccc2N1,"InChI=1S/C17H14Cl2N2O2/c18-11-5-6-15-13(9-11)17(12-3-1-2-4-14(12)19)21(7-8-23-17)10-16(22)20-15/h1-6,9H,7-8,10H2,(H,20,22)",O=C1CN2CCOC2(c2ccccc2Cl)c2cc(Cl)ccc2N1,cloxazolam,Cloxazolam,,LOW,INACTIVE,3.55,-4.12,0
1165.0,O=C(O)Cc1sc(-c2ccccc2)nc1-c1ccc(Cl)cc1,"InChI=1S/C17H12ClNO2S/c18-13-8-6-11(7-9-13)16-14(10-15(20)21)22-17(19-16)12-4-2-1-3-5-12/h1-9H,10H2,(H,20,21)",O=C(O)Cc1sc(-c2ccccc2)nc1-c1ccc(Cl)cc1,fentiazac,Fentiazac,,LOW,INACTIVE,4.79,-5.38,0
,S=C(SSC(=S)N1CCCCC1)N1CCCCC1,InChI=1S/C12H20N2S4/c15-11(13-7-3-1-4-8-13)17-18-12(16)14-9-5-2-6-10-14/h1-10H2,S=C(SSC(=S)N1CCCCC1)N1CCCCC1,,Dicyclopentamethylenethiuram disulfide,,HIGH,MODERATE,3.78,-4.67,1
549.0,CC(OC(=O)OC1CCCCC1)OC(=O)C1=C(CSc2nnnn2CCN(C)C)CSC2C(NC(=O)Cc3csc(N)n3)C(=O)N12,"InChI=1S/C27H37N9O7S3/c1-15(42-27(40)43-18-7-5-4-6-8-18)41-24(39)21-16(13-46-26-31-32-33-35(26)10-9-34(2)3)12-44-23-20(22(38)36(21)23)30-19(37)11-17-14-45-25(28)29-17/h14-15,18,20,23H,4-13H2,1-3H3,(H2,28,29)(H,30,37)/t15?,20-,23-/m1/s1",CC(OC(=O)OC1CCCCC1)OC(=O)C1=C(CSc2nnnn2CCN(C)C)CS[C@@H]2[C@H](NC(=O)Cc3csc(N)n3)C(=O)N12,cefotiam hexetil,SCE 2174,,LOW,INACTIVE,2.1,-3.79,0
524.0,CC(=O)OCC1=C(C(=O)O)N2C(=O)C(NC(=O)CC#N)C2SC1,"InChI=1S/C13H13N3O6S/c1-6(17)22-4-7-5-23-12-9(15-8(18)2-3-14)11(19)16(12)10(7)13(20)21/h9,12H,2,4-5H2,1H3,(H,15,18)(H,20,21)/t9-,12-/m1/s1",CC(=O)OCC1=C(C(=O)O)N2C(=O)[C@@H](NC(=O)CC#N)[C@H]2SC1,cefacetrile,Cefacetrile,,LOW,INACTIVE,-0.52,-2.14,0
4125.0,O=C(O)C1CCCN1,"InChI=1S/C5H9NO2/c7-5(8)4-2-1-3-6-4/h4,6H,1-3H2,(H,7,8)/t4-/m0/s1",O=C(O)[C@@H]1CCCN1,proline,L-Proline,,LOW,INACTIVE,-2.73,0.5,0
,COC(C[Hg+])CNC(=O)c1ccccc1OCC(=O)O.[OH-],"InChI=1S/C13H16NO5.Hg.H2O/c1-9(18-2)7-14-13(17)10-5-3-4-6-11(10)19-8-12(15)16;;/h3-6,9H,1,7-8H2,2H3,(H,14,17)(H,15,16);;1H2/q;+1;/p-1",COC(CNC(=O)c1ccccc1OCC(=O)O)C[Hg]O,,Mersalyl acid,,HIGH,MODERATE,-0.07,-1.69,1
,O=C([O-])CC(O)C(=O)[O-],"InChI=1S/C4H6O5/c5-2(4(8)9)1-3(6)7/h2,5H,1H2,(H,6,7)(H,8,9)/p-2",O=C([O-])CC(O)C(=O)[O-],,Disodium 2-hydroxybutanedioate,,LOW,INACTIVE,-1.0,0.21,0
1859.0,COc1c(C)c2c(c(O)c1CC=C(C)CCC(=O)OCCN1CCOCC1)C(=O)OC2,"InChI=1S/C23H31NO7/c1-15(5-7-19(25)30-13-10-24-8-11-29-12-9-24)4-6-17-21(26)20-18(14-31-23(20)27)16(2)22(17)28-3/h4,26H,5-14H2,1-3H3/b15-4+",COc1c(C)c2c(c(O)c1C/C=C(\C)CCC(=O)OCCN1CCOCC1)C(=O)OC2,mycophenolate mofetil,Mycophenolate mofetil,"NCGC00159459-08, NCGC00159459-02",MODERATE,HIGH,2.17,-3.66,1
484.0,CC(CS)C(=O)N1CCCC1C(=O)O,"InChI=1S/C9H15NO3S/c1-6(5-14)8(11)10-4-2-3-7(10)9(12)13/h6-7,14H,2-5H2,1H3,(H,12,13)/t6-,7+/m1/s1",C[C@H](CS)C(=O)N1CCC[C@H]1C(=O)O,captopril,Captopril,NCGC00023654-10,LOW,INACTIVE,1.02,-1.68,0
3479.0,Cc1cc(CC(C)CC(C)(C)C)n(O)c(=O)c1,"InChI=1S/C14H23NO2/c1-10-6-12(15(17)13(16)8-10)7-11(2)9-14(3,4)5/h6,8,11,17H,7,9H2,1-5H3",Cc1cc(CC(C)CC(C)(C)C)n(O)c(=O)c1,piroctone,Piroctone Olamine,,MODERATE,LOW,3.77,-2.83,1
4359.0,COc1cc(Nc2c(C#N)cnc3cc(OCCCN4CCN(C)CC4)c(OC)cc23)c(Cl)cc1Cl,"InChI=1S/C26H29Cl2N5O3/c1-32-6-8-33(9-7-32)5-4-10-36-25-13-21-18(11-24(25)35-3)26(17(15-29)16-30-21)31-22-14-23(34-2)20(28)12-19(22)27/h11-14,16H,4-10H2,1-3H3,(H,30,31)",COc1cc(Nc2c(C#N)cnc3cc(OCCCN4CCN(C)CC4)c(OC)cc23)c(Cl)cc1Cl,bosutinib,Bosutinib,"NCGC00241107-05, NCGC00241107-12, NCGC00390366-01, NCGC00241107-03",HIGH,HIGH,4.81,-4.74,1
3301.0,O=c1[nH]cnc2c1ncn2C1OC(CO)C(O)C1O,"InChI=1S/C10H12N4O5/c15-1-4-6(16)7(17)10(19-4)14-3-13-5-8(14)11-2-12-9(5)18/h2-4,6-7,10,15-17H,1H2,(H,11,12,18)/t4-,6-,7-,10-/m1/s1",O=c1[nH]cnc2c1ncn2[C@@H]1O[C@H](CO)[C@@H](O)[C@H]1O,inosine,(-)-Inosine,"NCGC00096119-03, NCGC00096119-02",LOW,INACTIVE,-1.86,-1.29,0
,O=S(=O)([O-])CCCS(=O)(=O)[O-],"InChI=1S/C3H8O6S2/c4-10(5,6)2-1-3-11(7,8)9/h1-3H2,(H,4,5,6)(H,7,8,9)/p-2",O=S(=O)([O-])CCCS(=O)(=O)[O-],,"1,3-Propanedisulfonic acid disodium salt",,LOW,INACTIVE,-2.57,-1.16,0
,CC(=O)C1CCC2C3CC=C4CC(O)CCC4(C)C3CCC12C,"InChI=1S/C21H32O2/c1-13(22)17-6-7-18-16-5-4-14-12-15(23)8-10-20(14,2)19(16)9-11-21(17,18)3/h4,15-19,23H,5-12H2,1-3H3/t15-,16-,17+,18-,19-,20-,21+/m0/s1",CC(=O)[C@H]1CC[C@H]2[C@@H]3CC=C4C[C@@H](O)CC[C@]4(C)[C@H]3CC[C@]12C,,Pregnenolone,"NCGC00163125-13, NCGC00163125-07",LOW,INACTIVE,4.06,-4.38,0
1806.0,OCCN1CC(O)C(O)C(O)C1CO,"InChI=1S/C8H17NO5/c10-2-1-9-3-6(12)8(14)7(13)5(9)4-11/h5-8,10-14H,1-4H2/t5-,6+,7-,8-/m1/s1",OCCN1C[C@H](O)[C@@H](O)[C@H](O)[C@H]1CO,miglitol,Miglitol,"NCGC00270540-05, NCGC00270540-03",LOW,INACTIVE,-2.3,0.47,0
,CC(=O)Oc1cc(C)c(OC(C)=O)c2ccccc12,"InChI=1S/C15H14O4/c1-9-8-14(18-10(2)16)12-6-4-5-7-13(12)15(9)19-11(3)17/h4-8H,1-3H3",CC(=O)Oc1cc(C)c(OC(C)=O)c2ccccc12,,Acetomenaphthone,,HIGH,LOW,3.0,-4.27,1
1678.0,NC(Cc1ccc(N(CCCl)CCCl)cc1)C(=O)O,"InChI=1S/C13H18Cl2N2O2/c14-5-7-17(8-6-15)11-3-1-10(2-4-11)9-12(16)13(18)19/h1-4,12H,5-9,16H2,(H,18,19)/t12-/m0/s1",N[C@@H](Cc1ccc(N(CCCl)CCCl)cc1)C(=O)O,melphalan,Melphalan,"NCGC00090757-12, NCGC00090757-05",LOW,INACTIVE,-0.2,-2.93,0
974.0,CCCCOc1ccc(C(=O)CCN2CCCCC2)cc1,"InChI=1S/C18H27NO2/c1-2-3-15-21-17-9-7-16(8-10-17)18(20)11-14-19-12-5-4-6-13-19/h7-10H,2-6,11-15H2,1H3",CCCCOc1ccc(C(=O)CCN2CCCCC2)cc1,dyclonine,Dyclonine hydrochloride,,MODERATE,MODERATE,4.11,-3.8,1
1120.0,CCC1(O)C(=O)OCc2c1cc1n(c2=O)Cc2c-1nc1cc(F)c(C)c3c1c2C(N)CC3,"InChI=1S/C24H22FN3O4/c1-3-24(31)14-6-18-21-12(8-28(18)22(29)13(14)9-32-23(24)30)19-16(26)5-4-11-10(2)15(25)7-17(27-21)20(11)19/h6-7,16,31H,3-5,8-9,26H2,1-2H3/t16-,24-/m0/s1",CC[C@@]1(O)C(=O)OCc2c1cc1n(c2=O)Cc2c-1nc1cc(F)c(C)c3c1c2[C@@H](N)CC3,exatecan,Exatecan,,MODERATE,INACTIVE,1.67,-3.29,1
1212.0,OCCN1CCN(CCCN2c3ccccc3Sc3ccc(C(F)(F)F)cc32)CC1,"InChI=1S/C22H26F3N3OS/c23-22(24,25)17-6-7-21-19(16-17)28(18-4-1-2-5-20(18)30-21)9-3-8-26-10-12-27(13-11-26)14-15-29/h1-2,4-7,16,29H,3,8-15H2",OCCN1CCN(CCCN2c3ccccc3Sc3ccc(C(F)(F)F)cc32)CC1,fluphenazine,Fluphenazine hydrochloride,"NCGC00015436-14, NCGC00261240-01",MODERATE,LOW,4.4,-4.36,1
2860.0,CC1CCCC(O)CCCCCc2cc(O)cc(O)c2C(=O)O1,"InChI=1S/C18H26O5/c1-12-6-5-9-14(19)8-4-2-3-7-13-10-15(20)11-16(21)17(13)18(22)23-12/h10-12,14,19-21H,2-9H2,1H3/t12-,14+/m0/s1",C[C@H]1CCC[C@H](O)CCCCCc2cc(O)cc(O)c2C(=O)O1,zeranol,,NCGC00184708-02,LOW,INACTIVE,3.23,-3.29,0
407.0,O=C(CCCN1CCC(O)(c2ccc(Br)cc2)CC1)c1ccc(F)cc1,"InChI=1S/C21H23BrFNO2/c22-18-7-5-17(6-8-18)21(26)11-14-24(15-12-21)13-1-2-20(25)16-3-9-19(23)10-4-16/h3-10,26H,1-2,11-15H2",O=C(CCCN1CCC(O)(c2ccc(Br)cc2)CC1)c1ccc(F)cc1,bromperidol,Bromperidol,,MODERATE,LOW,4.02,-4.77,1
927.0,CN(CCCCCCN(C)C(=O)Oc1ccc[n+](C)c1)C(=O)Oc1ccc[n+](C)c1,"InChI=1S/C22H32N4O4/c1-23-13-9-11-19(17-23)29-21(27)25(3)15-7-5-6-8-16-26(4)22(28)30-20-12-10-14-24(2)18-20/h9-14,17-18H,5-8,15-16H2,1-4H3/q+2",CN(CCCCCCN(C)C(=O)Oc1ccc[n+](C)c1)C(=O)Oc1ccc[n+](C)c1,distigmine,Distigmine Bromide,,LOW,INACTIVE,-2.72,-6.02,0
972.0,CNCCC(Oc1cccc2ccccc12)c1cccs1,"InChI=1S/C18H19NOS/c1-19-12-11-17(18-10-5-13-21-18)20-16-9-4-7-14-6-2-3-8-15(14)16/h2-10,13,17,19H,11-12H2,1H3/t17-/m0/s1",CNCC[C@H](Oc1cccc2ccccc12)c1cccs1,duloxetine,Duloxetine hydrochloride,NCGC00164559-04,HIGH,LOW,4.72,-5.01,1
1209.0,CNCCC(Oc1ccc(C(F)(F)F)cc1)c1ccccc1,"InChI=1S/C17H18F3NO/c1-21-12-11-16(13-5-3-2-4-6-13)22-15-9-7-14(8-10-15)17(18,19)20/h2-10,16,21H,11-12H2,1H3",CNCCC(Oc1ccc(C(F)(F)F)cc1)c1ccccc1,fluoxetine,(+/-) -Fluoxetine,NCGC00015428-10,MODERATE,LOW,4.1,-5.26,1
3619.0,CCN(CC)CC(=O)Nc1c(C)cccc1C(=O)OC,"InChI=1S/C15H22N2O3/c1-5-17(6-2)10-13(18)16-14-11(3)8-7-9-12(14)15(19)20-4/h7-9H,5-6,10H2,1-4H3,(H,16,18)",CCN(CC)CC(=O)Nc1c(C)cccc1C(=O)OC,tolycaine,Tolycaine,,LOW,INACTIVE,1.87,-2.89,0
1780.0,CN1CCCC(CC2c3ccccc3Sc3ccccc32)C1,"InChI=1S/C20H23NS/c1-21-12-6-7-15(14-21)13-18-16-8-2-4-10-19(16)22-20-11-5-3-9-17(18)20/h2-5,8-11,15,18H,6-7,12-14H2,1H3",CN1CCCC(CC2c3ccccc3Sc3ccccc32)C1,metixene,Metixene hydrochloride,,MODERATE,LOW,5.51,-6.48,1
1665.0,OC(c1cc(C(F)(F)F)nc2c(C(F)(F)F)cccc12)C1CCCCN1,"InChI=1S/C17H16F6N2O/c18-16(19,20)11-5-3-4-9-10(15(26)12-6-1-2-7-24-12)8-13(17(21,22)23)25-14(9)11/h3-5,8,12,15,24,26H,1-2,6-7H2/t12-,15+/m1/s1",O[C@@H](c1cc(C(F)(F)F)nc2c(C(F)(F)F)cccc12)[C@H]1CCCCN1,mefloquine,Mefloquine hydrochloride,"NCGC00094994-10, NCGC00094994-06",HIGH,LOW,3.1,-4.01,1
,CC(=O)[O-].[Hg+]c1ccccc1,"InChI=1S/C6H5.C2H4O2.Hg/c1-2-4-6-5-3-1;1-2(3)4;/h1-5H;1H3,(H,3,4);/q;;+1/p-1",CC(=O)O[Hg]c1ccccc1,,Phenylmercuric acetate,,HIGH,HIGH,1.11,-1.02,1
3189.0,CCN(C)C(C)C(O)c1ccccc1,"InChI=1S/C12H19NO/c1-4-13(3)10(2)12(14)11-8-6-5-7-9-11/h5-10,12,14H,4H2,1-3H3",CCN(C)C(C)C(O)c1ccccc1,etafedrine,Etafedrine hydrochloride,,LOW,INACTIVE,2.07,-1.31,0
647.0,CC(NCCCc1cccc(C(F)(F)F)c1)c1cccc2ccccc12,"InChI=1S/C22H22F3N/c1-16(20-13-5-10-18-9-2-3-12-21(18)20)26-14-6-8-17-7-4-11-19(15-17)22(23,24)25/h2-5,7,9-13,15-16,26H,6,8,14H2,1H3/t16-/m1/s1",C[C@@H](NCCCc1cccc(C(F)(F)F)c1)c1cccc2ccccc12,cinacalcet,Cinacalcet hydrochloride,"NCGC00181002-10, NCGC00389308-02, NCGC00181002-02",HIGH,MODERATE,5.49,-6.8,1
1020.0,CCOC(=O)c1ccc(NC(=O)CN2CCCCC2)cc1,"InChI=1S/C16H22N2O3/c1-2-21-16(20)13-6-8-14(9-7-13)17-15(19)12-18-10-4-3-5-11-18/h6-9H,2-5,10-12H2,1H3,(H,17,19)",CCOC(=O)c1ccc(NC(=O)CN2CCCCC2)cc1,sulcaine,Sulcaine,,LOW,INACTIVE,2.72,-2.87,0
,NCCS[As](SCCN)c1ccc(Nc2nc(N)nc(N)n2)cc1,"InChI=1S/C13H21AsN8S2/c15-5-7-23-14(24-8-6-16)9-1-3-10(4-2-9)19-13-21-11(17)20-12(18)22-13/h1-4H,5-8,15-16H2,(H5,17,18,19,20,21,22)",NCCS[As](SCCN)c1ccc(Nc2nc(N)nc(N)n2)cc1,,,NCGC00261972-01,LOW,INACTIVE,1.51,-3.36,0
2436.0,CNC1CCC(c2ccc(Cl)c(Cl)c2)c2ccccc21,"InChI=1S/C17H17Cl2N/c1-20-17-9-7-12(13-4-2-3-5-14(13)17)11-6-8-15(18)16(19)10-11/h2-6,8,10,12,17,20H,7,9H2,1H3/t12-,17-/m0/s1",CN[C@H]1CC[C@@H](c2ccc(Cl)c(Cl)c2)c2ccccc21,sertraline,Sertraline hydrochloride,"NCGC00092386-09, NCGC00092386-26",MODERATE,LOW,5.06,-6.33,1
,COc1ccc(-n2nc(CCC(=O)N(C)O)cc2-c2ccc(Cl)cc2)cc1,"InChI=1S/C20H20ClN3O3/c1-23(26)20(25)12-7-16-13-19(14-3-5-15(21)6-4-14)24(22-16)17-8-10-18(27-2)11-9-17/h3-6,8-11,13,26H,7,12H2,1-2H3",COc1ccc(-n2nc(CCC(=O)N(C)O)cc2-c2ccc(Cl)cc2)cc1,,Tepoxalin,,MODERATE,LOW,4.0,-5.01,1
5014.0,O=c1ccc2ccc(OCCCCN3CCN(c4cccc5sccc45)CC3)cc2[nH]1,"InChI=1S/C25H27N3O2S/c29-25-9-7-19-6-8-20(18-22(19)26-25)30-16-2-1-11-27-12-14-28(15-13-27)23-4-3-5-24-21(23)10-17-31-24/h3-10,17-18H,1-2,11-16H2,(H,26,29)",O=c1ccc2ccc(OCCCCN3CCN(c4cccc5sccc45)CC3)cc2[nH]1,brexpiprazole,Brexpiprazole,NCGC00378574-02,MODERATE,INACTIVE,5.38,-5.29,1
4872.0,O=C(O)c1cccc(-c2noc(-c3ccccc3F)n2)c1,"InChI=1S/C15H9FN2O3/c16-12-7-2-1-6-11(12)14-17-13(18-21-14)9-4-3-5-10(8-9)15(19)20/h1-8H,(H,19,20)",O=C(O)c1cccc(-c2noc(-c3ccccc3F)n2)c1,ataluren,PTC-124,"NCGC00168759-10, NCGC00168759-04",HIGH,MODERATE,2.98,-3.38,1
25.0,Nc1ncn(C2OC(CO)C(O)C2O)c(=O)n1,"InChI=1S/C8H12N4O5/c9-7-10-2-12(8(16)11-7)6-5(15)4(14)3(1-13)17-6/h2-6,13-15H,1H2,(H2,9,11,16)/t3-,4-,5-,6-/m1/s1",Nc1ncn([C@@H]2O[C@H](CO)[C@@H](O)[C@H]2O)c(=O)n1,azacitidine,5-Azacitidine,"NCGC00260720-01, NCGC00090851-17, NCGC00090851-09",LOW,INACTIVE,-2.45,-1.3,0
636.0,Cc1cc(C2CCCCC2)n(O)c(=O)c1,"InChI=1S/C12H17NO2/c1-9-7-11(13(15)12(14)8-9)10-5-3-2-4-6-10/h7-8,10,15H,2-6H2,1H3",Cc1cc(C2CCCCC2)n(O)c(=O)c1,ciclopirox,Ciclopirox,"NCGC00017112-14, NCGC00017112-11",MODERATE,HIGH,2.14,-2.17,1
2805.0,CCCCC(=O)OCC(=O)C1(O)Cc2c(O)c3c(c(O)c2C(OC2CC(NC(=O)C(F)(F)F)C(O)C(C)O2)C1)C(=O)c1c(OC)cccc1C3=O,"InChI=1S/C34H36F3NO13/c1-4-5-9-21(40)49-13-20(39)33(47)11-16-24(19(12-33)51-22-10-17(27(41)14(2)50-22)38-32(46)34(35,36)37)31(45)26-25(29(16)43)28(42)15-7-6-8-18(48-3)23(15)30(26)44/h6-8,14,17,19,22,27,41,43,45,47H,4-5,9-13H2,1-3H3,(H,38,46)/t14-,17-,19-,22-,27+,33-/m0/s1",CCCCC(=O)OCC(=O)[C@]1(O)Cc2c(O)c3c(c(O)c2[C@@H](O[C@H]2C[C@H](NC(=O)C(F)(F)F)[C@H](O)[C@H](C)O2)C1)C(=O)c1c(OC)cccc1C3=O,valrubicin,Valrubicin,NCGC00390545-02,MODERATE,LOW,2.67,-4.35,1
3557.0,S=C1SCN(Cc2ccccc2)CN1Cc1ccccc1,"InChI=1S/C17H18N2S2/c20-17-19(12-16-9-5-2-6-10-16)13-18(14-21-17)11-15-7-3-1-4-8-15/h1-10H,11-14H2",S=C1SCN(Cc2ccccc2)CN1Cc1ccccc1,sulbentine,Sulbentine,,HIGH,HIGH,3.4,-4.63,1
182.0,CC(C)c1ccc2oc3nc(N)c(C(=O)O)cc3c(=O)c2c1,"InChI=1S/C16H14N2O4/c1-7(2)8-3-4-12-9(5-8)13(19)10-6-11(16(20)21)14(17)18-15(10)22-12/h3-7H,1-2H3,(H2,17,18)(H,20,21)",CC(C)c1ccc2oc3nc(N)c(C(=O)O)cc3c(=O)c2c1,amlexanox,Amlexanox,"NCGC00167472-10, NCGC00167472-02",HIGH,HIGH,2.76,-3.31,1
2314.0,CCCc1cc(C(N)=S)ccn1,"InChI=1S/C9H12N2S/c1-2-3-8-6-7(9(10)12)4-5-11-8/h4-6H,2-3H2,1H3,(H2,10,12)",CCCc1cc(C(N)=S)ccn1,protionamide,Protionamide,"NCGC00095164-06, NCGC00095164-05",LOW,INACTIVE,2.26,-2.78,0
1513.0,CCC(C)n1ncn(-c2ccc(N3CCN(c4ccc(OCC5COC(Cn6cncn6)(c6ccc(Cl)cc6Cl)O5)cc4)CC3)cc2)c1=O,"InChI=1S/C35H38Cl2N8O4/c1-3-25(2)45-34(46)44(24-40-45)29-7-5-27(6-8-29)41-14-16-42(17-15-41)28-9-11-30(12-10-28)47-19-31-20-48-35(49-31,21-43-23-38-22-39-43)32-13-4-26(36)18-33(32)37/h4-13,18,22-25,31H,3,14-17,19-21H2,1-2H3",CCC(C)n1ncn(-c2ccc(N3CCN(c4ccc(OCC5COC(Cn6cncn6)(c6ccc(Cl)cc6Cl)O5)cc4)CC3)cc2)c1=O,itraconazole,Itraconazole,"NCGC00274068-01, NCGC00274068-07, NCGC00018268-14, NCGC00274068-02",MODERATE,MODERATE,5.49,-4.86,1
,CCCC(=O)Nc1c(I)cc(I)c(CC(CC)C(=O)[O-])c1I,"InChI=1S/C15H18I3NO3/c1-3-5-12(20)19-14-11(17)7-10(16)9(13(14)18)6-8(4-2)15(21)22/h7-8H,3-6H2,1-2H3,(H,19,20)(H,21,22)/p-1",CCCC(=O)Nc1c(I)cc(I)c(CC(CC)C(=O)[O-])c1I,,Sodium tyropanoate,,LOW,INACTIVE,4.14,-5.3,0
4354.0,C=CCC1=C(C)C(OC(=O)C2C(C=C(C)C)C2(C)C)CC1=O,"InChI=1S/C19H26O3/c1-7-8-13-12(4)16(10-15(13)20)22-18(21)17-14(9-11(2)3)19(17,5)6/h7,9,14,16-17H,1,8,10H2,2-6H3/t14-,16+,17+/m1/s1",C=CCC1=C(C)[C@@H](OC(=O)[C@@H]2[C@@H](C=C(C)C)C2(C)C)CC1=O,bioallethrin,Allethrin,,MODERATE,HIGH,3.58,-4.18,1
1763.0,CN(C)c1ccc2nc3ccc(N(C)C)cc3[s+]c2c1,"InChI=1S/C16H18N3S/c1-18(2)11-5-7-13-15(9-11)20-16-10-12(19(3)4)6-8-14(16)17-13/h5-10H,1-4H3/q+1",CN(C)c1ccc2nc3ccc(N(C)C)cc3[s+]c2c1,methylthioninium chloride,Methylene blue,"NCGC00167496-01, NCGC00167496-02",HIGH,MODERATE,2.8,-2.93,1
,O=C1C2CC=CCC2C(=O)N1SC(Cl)(Cl)Cl,"InChI=1S/C9H8Cl3NO2S/c10-9(11,12)16-13-7(14)5-3-1-2-4-6(5)8(13)15/h1-2,5-6H,3-4H2",O=C1C2CC=CCC2C(=O)N1SC(Cl)(Cl)Cl,,Captan,,MODERATE,LOW,3.0,-3.87,1
,COc1ccccc1OCCNCC(O)COc1cccc2[nH]c3ccccc3c12,"InChI=1S/C24H26N2O4.C4H6O6/c1-28-21-10-4-5-11-22(21)29-14-13-25-15-17(27)16-30-23-12-6-9-20-24(23)18-7-2-3-8-19(18)26-20;5-1(3(7)8)2(6)4(9)10/h2-12,17,25-27H,13-16H2,1H3;1-2,5-6H,(H,7,8)(H,9,10)",COc1ccccc1OCCNCC(O)COc1cccc2[nH]c3ccccc3c12,,Carvedilol tartrate,,LOW,INACTIVE,3.05,-4.97,0
687.0,NC(=O)C1(N2CCCCC2)CCN(CCCN2c3ccccc3CCc3ccc(Cl)cc32)CC1,"InChI=1S/C28H37ClN4O/c29-24-12-11-23-10-9-22-7-2-3-8-25(22)33(26(23)21-24)18-6-15-31-19-13-28(14-20-31,27(30)34)32-16-4-1-5-17-32/h2-3,7-8,11-12,21H,1,4-6,9-10,13-20H2,(H2,30,34)",NC(=O)C1(N2CCCCC2)CCN(CCCN2c3ccccc3CCc3ccc(Cl)cc32)CC1,clocapramine,Clocapramine,,HIGH,LOW,5.14,-4.75,1
,CCC1CN2CCc3cc(OC)c(OC)cc3C2CC1CC1NCCc2cc(OC)c(OC)cc21,"InChI=1S/C29H40N2O4/c1-6-18-17-31-10-8-20-14-27(33-3)29(35-5)16-23(20)25(31)12-21(18)11-24-22-15-28(34-4)26(32-2)13-19(22)7-9-30-24/h13-16,18,21,24-25,30H,6-12,17H2,1-5H3/t18-,21-,24?,25?/m0/s1",CC[C@H]1CN2CCc3cc(OC)c(OC)cc3C2C[C@@H]1CC1NCCc2cc(OC)c(OC)cc21,,,NCGC00178891-03,MODERATE,HIGH,4.18,-5.23,1
,CC(C)(S)C(N)C(=O)O,"InChI=1S/C5H11NO2S/c1-5(2,9)3(6)4(7)8/h3,9H,6H2,1-2H3,(H,7,8)/t3-/m1/s1",CC(C)(S)[C@H](N)C(=O)O,,L-Penicillamine,,LOW,INACTIVE,-1.7,-1.51,0
89.0,Nc1ncnc2nc[nH]c12,"InChI=1S/C5H5N5/c6-4-3-5(9-1-7-3)10-2-8-4/h1-2H,(H3,6,7,8,9,10)",Nc1ncnc2nc[nH]c12,adenine,Adenine,,LOW,INACTIVE,-0.25,-1.07,0
4605.0,CCCCCCCCCCCCCCCC[N+](C)(C)CCN(Cc1ccc(OC)cc1)c1ncccn1,"InChI=1S/C32H55N4O/c1-5-6-7-8-9-10-11-12-13-14-15-16-17-18-27-36(2,3)28-26-35(32-33-24-19-25-34-32)29-30-20-22-31(37-4)23-21-30/h19-25H,5-18,26-29H2,1-4H3/q+1",CCCCCCCCCCCCCCCC[N+](C)(C)CCN(Cc1ccc(OC)cc1)c1ncccn1,tonzonium,Thonzonium bromide,,MODERATE,MODERATE,4.07,-7.48,1
3513.0,O=[N+]([O-])c1c(Cl)cccc1-c1c[nH]cc1Cl,"InChI=1S/C10H6Cl2N2O2/c11-8-3-1-2-6(10(8)14(15)16)7-4-13-5-9(7)12/h1-5,13H",O=[N+]([O-])c1c(Cl)cccc1-c1c[nH]cc1Cl,pyrrolnitrin,Pyrrolnitrin,,LOW,INACTIVE,3.86,-3.55,0
4399.0,CC1=NN(c2ccc(C)c(C)c2)C(=O)C1=NNc1cccc(-c2cccc(C(=O)O)c2)c1O,"InChI=1S/C25H22N4O4/c1-14-10-11-19(12-15(14)2)29-24(31)22(16(3)28-29)27-26-21-9-5-8-20(23(21)30)17-6-4-7-18(13-17)25(32)33/h4-13,26,30H,1-3H3,(H,32,33)/b27-22-",CC1=NN(c2ccc(C)c(C)c2)C(=O)/C1=N\Nc1cccc(-c2cccc(C(=O)O)c2)c1O,eltrombopag,Eltrombopag olamine,,MODERATE,LOW,4.02,-4.64,1
2032.0,Cc1cc(C(C)(C)C)c(O)c(C)c1CC1=NCCN1,"InChI=1S/C16H24N2O/c1-10-8-13(16(3,4)5)15(19)11(2)12(10)9-14-17-6-7-18-14/h8,19H,6-7,9H2,1-5H3,(H,17,18)",Cc1cc(C(C)(C)C)c(O)c(C)c1CC1=NCCN1,oxymetazoline,Oxymetazoline hydrochloride,"NCGC00015766-10, NCGC00015766-16, NCGC00015766-08",LOW,INACTIVE,3.7,-3.71,0
,COC(C(=O)C(O)C(C)O)C1Cc2cc3cc(OC4CC(OC5CC(O)C(OC)C(C)O5)C(OC(C)=O)C(C)O4)c(C)c(O)c3c(O)c2C(=O)C1OC1CC(OC2CC(OC3CC(C)(O)C(OC(C)=O)C(C)O3)C(O)C(C)O2)C(O)C(C)O1,"InChI=1S/C57H82O26/c1-21-34(79-40-19-37(53(26(6)75-40)77-28(8)59)82-38-16-33(61)52(70-11)25(5)74-38)15-31-13-30-14-32(54(71-12)51(68)46(63)22(2)58)55(50(67)44(30)49(66)43(31)45(21)62)83-41-18-35(47(64)24(4)73-41)80-39-17-36(48(65)23(3)72-39)81-42-20-57(10,69)56(27(7)76-42)78-29(9)60/h13,15,22-27,32-33,35-42,46-48,52-56,58,61-66,69H,14,16-20H2,1-12H3/t22-,23-,24+,25-,26-,27-,32-,33-,35+,36-,37-,38?,39?,40?,41?,42?,46-,47+,48-,52+,53+,54+,55-,56-,57-/m0/s1",CO[C@H]1[C@@H](O)CC(O[C@H]2CC(Oc3cc4cc5c(c(O)c4c(O)c3C)C(=O)[C@@H](OC3C[C@@H](OC4C[C@H](OC6C[C@](C)(O)[C@@H](OC(C)=O)[C@H](C)O6)[C@@H](O)[C@H](C)O4)[C@H](O)[C@@H](C)O3)[C@H]([C@@H](OC)C(=O)[C@@H](O)[C@H](C)O)C5)O[C@@H](C)[C@H]2OC(C)=O)O[C@H]1C,,Chromomycin A<SUB>3</SUB> from Streptomyces griseus,,MODERATE,INACTIVE,,-3.57,1
4153.0,COC1C(=O)C2(C)C(OC)CC3OCC3(OC(C)=O)C2C(OC(=O)c2ccccc2)C2(O)CC(OC(=O)C(O)C(NC(=O)OC(C)(C)C)c3ccccc3)C(C)=C1C2(C)C,"InChI=1S/C45H57NO14/c1-24-28(57-39(51)33(48)32(26-17-13-11-14-18-26)46-40(52)60-41(3,4)5)22-45(53)37(58-38(50)27-19-15-12-16-20-27)35-43(8,36(49)34(55-10)31(24)42(45,6)7)29(54-9)21-30-44(35,23-56-30)59-25(2)47/h11-20,28-30,32-35,37,48,53H,21-23H2,1-10H3,(H,46,52)/t28-,29-,30+,32-,33+,34+,35-,37-,43+,44-,45+/m0/s1",CO[C@H]1C[C@H]2OC[C@@]2(OC(C)=O)[C@H]2[C@H](OC(=O)c3ccccc3)[C@]3(O)C[C@H](OC(=O)[C@H](O)[C@@H](NC(=O)OC(C)(C)C)c4ccccc4)C(C)=C([C@@H](OC)C(=O)[C@]12C)C3(C)C,cabazitaxel,Cabazitaxel,"NCGC00346704-07, NCGC00346704-01",LOW,INACTIVE,3.69,-5.31,0
1679.0,CC12CC3CC(C)(C1)CC(N)(C3)C2,"InChI=1S/C12H21N/c1-10-3-9-4-11(2,6-10)8-12(13,5-9)7-10/h9H,3-8,13H2,1-2H3",CC12CC3CC(C)(C1)CC(N)(C3)C2,memantine,Memantine hydrochloride,"NCGC00015705-05, NCGC00015705-13, NCGC00015705-04",LOW,INACTIVE,3.31,-3.6,0
,CCCCCCCCCCCC(=O)[O-].CCCCCCCCCCCC(=O)[O-].CCCC[Sn+2]CCCC,"InChI=1S/2C12H24O2.2C4H9.Sn/c2*1-2-3-4-5-6-7-8-9-10-11-12(13)14;2*1-3-4-2;/h2*2-11H2,1H3,(H,13,14);2*1,3-4H2,2H3;/q;;;;+2/p-2",CCCCCCCCCCCC(=O)O[Sn](CCCC)(CCCC)OC(=O)CCCCCCCCCCC,,Dibutyltin dilaurate,,LOW,INACTIVE,9.64,-7.86,0
378.0,CC(=C(CCOC(=O)c1ccccc1)SSC(CCOC(=O)c1ccccc1)=C(C)N(C=O)Cc1cnc(C)nc1N)N(C=O)Cc1cnc(C)nc1N,"InChI=1S/C38H42N8O6S2/c1-25(45(23-47)21-31-19-41-27(3)43-35(31)39)33(15-17-51-37(49)29-11-7-5-8-12-29)53-54-34(16-18-52-38(50)30-13-9-6-10-14-30)26(2)46(24-48)22-32-20-42-28(4)44-36(32)40/h5-14,19-20,23-24H,15-18,21-22H2,1-4H3,(H2,39,41,43)(H2,40,42,44)/b33-25+,34-26+",C/C(=C(/CCOC(=O)c1ccccc1)SS/C(CCOC(=O)c1ccccc1)=C(\C)N(C=O)Cc1cnc(C)nc1N)N(C=O)Cc1cnc(C)nc1N,bisbentiamine,Bisbentiamine,,MODERATE,MODERATE,4.04,-5.17,1
272.0,CC1=C(C(=O)OC(C)C)C(c2cccc([N+](=O)[O-])c2)C(C(=O)OC2CN(C(c3ccccc3)c3ccccc3)C2)=C(N)N1,"InChI=1S/C33H34N4O6/c1-20(2)42-32(38)27-21(3)35-31(34)29(28(27)24-15-10-16-25(17-24)37(40)41)33(39)43-26-18-36(19-26)30(22-11-6-4-7-12-22)23-13-8-5-9-14-23/h4-17,20,26,28,30,35H,18-19,34H2,1-3H3",CC1=C(C(=O)OC(C)C)C(c2cccc([N+](=O)[O-])c2)C(C(=O)OC2CN(C(c3ccccc3)c3ccccc3)C2)=C(N)N1,azelnidipine,Azelnidipine,,LOW,INACTIVE,5.12,-5.86,0
,CCCCCCC(=O)OC1CCC2C3CCC4CC(=O)C=C(C)C4(C)C3CCC12C,"InChI=1S/C27H42O3/c1-5-6-7-8-9-25(29)30-24-13-12-22-21-11-10-19-17-20(28)16-18(2)27(19,4)23(21)14-15-26(22,24)3/h16,19,21-24H,5-15,17H2,1-4H3/t19-,21-,22-,23-,24-,26-,27-/m0/s1",CCCCCCC(=O)O[C@H]1CC[C@H]2[C@@H]3CC[C@H]4CC(=O)C=C(C)[C@]4(C)[C@H]3CC[C@]12C,,Methenolone enanthate,,LOW,INACTIVE,5.73,-6.23,0
,CC(C#N)(COc1cc(C#N)ccc1C(F)(F)F)NC(=O)c1ccc(SC(F)(F)F)cc1,"InChI=1S/C20H13F6N3O2S/c1-18(10-28,11-31-16-8-12(9-27)2-7-15(16)19(21,22)23)29-17(30)13-3-5-14(6-4-13)32-20(24,25)26/h2-8H,11H2,1H3,(H,29,30)/t18-/m0/s1",C[C@](C#N)(COc1cc(C#N)ccc1C(F)(F)F)NC(=O)c1ccc(SC(F)(F)F)cc1,,Monepantel,,MODERATE,MODERATE,4.04,-5.45,1
4813.0,N#CC(=C1SCC(c2ccc(Cl)cc2Cl)S1)n1ccnc1,"InChI=1S/C14H9Cl2N3S2/c15-9-1-2-10(11(16)5-9)13-7-20-14(21-13)12(6-17)19-4-3-18-8-19/h1-5,8,13H,7H2/b14-12+/t13-/m0/s1",N#C/C(=C1/SC[C@@H](c2ccc(Cl)cc2Cl)S1)n1ccnc1,luliconazole,Luliconazole,,LOW,INACTIVE,4.25,-3.73,0
2695.0,c1ccc(CC2=NCCN2)cc1,"InChI=1S/C10H12N2/c1-2-4-9(5-3-1)8-10-11-6-7-12-10/h1-5H,6-8H2,(H,11,12)",c1ccc(CC2=NCCN2)cc1,tolazoline,Tolazoline hydrochloride,,LOW,INACTIVE,2.05,-2.05,0
2572.0,CC1(Cn2ccnn2)C(C(=O)O)N2C(=O)CC2S1(=O)=O,"InChI=1S/C10H12N4O5S/c1-10(5-13-3-2-11-12-13)8(9(16)17)14-6(15)4-7(14)20(10,18)19/h2-3,7-8H,4-5H2,1H3,(H,16,17)/t7-,8+,10+/m1/s1",C[C@]1(Cn2ccnn2)[C@H](C(=O)O)N2C(=O)C[C@H]2S1(=O)=O,tazobactam,Tazobactam sodium,,LOW,INACTIVE,-1.81,-1.5,0
1477.0,CC(C)Oc1ccc2c(=O)c(-c3ccccc3)coc2c1,"InChI=1S/C18H16O3/c1-12(2)21-14-8-9-15-17(10-14)20-11-16(18(15)19)13-6-4-3-5-7-13/h3-12H,1-2H3",CC(C)Oc1ccc2c(=O)c(-c3ccccc3)coc2c1,ipriflavone,Ipriflavone,"NCGC00018139-05, NCGC00018139-08",MODERATE,LOW,4.39,-4.8,1
1599.0,CN(C)C(=O)C(CCN1CCC(O)(c2ccc(Cl)cc2)CC1)(c1ccccc1)c1ccccc1,"InChI=1S/C29H33ClN2O2/c1-31(2)27(33)29(24-9-5-3-6-10-24,25-11-7-4-8-12-25)19-22-32-20-17-28(34,18-21-32)23-13-15-26(30)16-14-23/h3-16,34H,17-22H2,1-2H3",CN(C)C(=O)C(CCN1CCC(O)(c2ccc(Cl)cc2)CC1)(c1ccccc1)c1ccccc1,loperamide,Loperamide hydrochloride,"NCGC00015608-08, NCGC00015608-04",MODERATE,LOW,4.62,-5.74,1
2877.0,OCCN1CCN(CCC=C2c3ccccc3Sc3ccc(Cl)cc32)CC1,"InChI=1S/C22H25ClN2OS/c23-17-7-8-22-20(16-17)18(19-4-1-2-6-21(19)27-22)5-3-9-24-10-12-25(13-11-24)14-15-26/h1-2,4-8,16,26H,3,9-15H2/b18-5-",OCCN1CCN(CC/C=C2/c3ccccc3Sc3ccc(Cl)cc32)CC1,zuclopenthixol,Zuclopenthixol (-)-10-Camphorsulfonic Acid Salt,,HIGH,HIGH,4.46,-5.19,1
271.0,CN1CCCC(n2nc(Cc3ccc(Cl)cc3)c3ccccc3c2=O)CC1,"InChI=1S/C22H24ClN3O/c1-25-13-4-5-18(12-14-25)26-22(27)20-7-3-2-6-19(20)21(24-26)15-16-8-10-17(23)11-9-16/h2-3,6-11,18H,4-5,12-15H2,1H3",CN1CCCC(n2nc(Cc3ccc(Cl)cc3)c3ccccc3c2=O)CC1,azelastine,Azelastine hydrochloride,NCGC00177979-03,HIGH,LOW,3.8,-4.62,1
2545.0,CCOCC(O)COc1ccc(NC(=O)CC[S+](C)C)cc1,"InChI=1S/C16H25NO4S/c1-4-20-11-14(18)12-21-15-7-5-13(6-8-15)17-16(19)9-10-22(2)3/h5-8,14,18H,4,9-12H2,1-3H3/p+1",CCOCC(O)COc1ccc(NC(=O)CC[S+](C)C)cc1,suplatast,Suplatast tosylate,"NCGC00181000-08, NCGC00181000-03",LOW,INACTIVE,2.7,-4.14,0
1282.0,COc1cc2ncnc(Nc3ccc(F)c(Cl)c3)c2cc1OCCCN1CCOCC1,"InChI=1S/C22H24ClFN4O3/c1-29-20-13-19-16(12-21(20)31-8-2-5-28-6-9-30-10-7-28)22(26-14-25-19)27-15-3-4-18(24)17(23)11-15/h3-4,11-14H,2,5-10H2,1H3,(H,25,26,27)",COc1cc2ncnc(Nc3ccc(F)c(Cl)c3)c2cc1OCCCN1CCOCC1,gefitinib,Gefitinib,"NCGC00159455-14, NCGC00159455-27, NCGC00159455-04",MODERATE,LOW,4.02,-4.22,1
,COc1cc2c(cc1OC)C13CCN4CC5=CCOC6CC(=O)N2C1C6C5CC43,"InChI=1S/C23H26N2O4/c1-27-16-8-14-15(9-17(16)28-2)25-20(26)10-18-21-13-7-19-23(14,22(21)25)4-5-24(19)11-12(13)3-6-29-18/h3,8-9,13,18-19,21-22H,4-7,10-11H2,1-2H3/t13-,18-,19-,21-,22-,23+/m0/s1",COc1cc2c(cc1OC)[C@@]13CCN4CC5=CCO[C@H]6CC(=O)N2[C@H]1[C@H]6[C@H]5C[C@H]43,,Brucine-N-oxide,NCGC00384497-01,LOW,INACTIVE,1.84,-3.08,0
4941.0,CC(=O)c1c(C)c2cnc(Nc3ccc(N4CCNCC4)cn3)nc2n(C2CCCC2)c1=O,"InChI=1S/C24H29N7O2/c1-15-19-14-27-24(28-20-8-7-18(13-26-20)30-11-9-25-10-12-30)29-22(19)31(17-5-3-4-6-17)23(33)21(15)16(2)32/h7-8,13-14,17,25H,3-6,9-12H2,1-2H3,(H,26,27,28,29)",CC(=O)c1c(C)c2cnc(Nc3ccc(N4CCNCC4)cn3)nc2n(C2CCCC2)c1=O,palbociclib,Palbociclib,"NCGC00263129-21, NCGC00263129-31, NCGC00263129-01",HIGH,LOW,2.12,-4.41,1
4.0,CCCCN1CCCCC1C(=O)Nc1c(C)cccc1C,"InChI=1S/C18H28N2O/c1-4-5-12-20-13-7-6-11-16(20)18(21)19-17-14(2)9-8-10-15(17)3/h8-10,16H,4-7,11-13H2,1-3H3,(H,19,21)/t16-/m0/s1",CCCCN1CCCC[C@H]1C(=O)Nc1c(C)cccc1C,levobupivacaine,Levobupivacaine hydrochloride,NCGC00159482-03,LOW,INACTIVE,3.31,-3.47,0
,O=C([O-])c1cc2ccccc2c(Cc2c(O)c(C(=O)[O-])cc3ccccc23)c1O,"InChI=1S/C23H16O6/c24-20-16(14-7-3-1-5-12(14)9-18(20)22(26)27)11-17-15-8-4-2-6-13(15)10-19(21(17)25)23(28)29/h1-10,24-25H,11H2,(H,26,27)(H,28,29)/p-2",O=C([O-])c1cc2ccccc2c(Cc2c(O)c(C(=O)[O-])cc3ccccc23)c1O,,,NCGC00184864-02,LOW,INACTIVE,4.4,-4.97,0
374.0,OC(CCN1CCCCC1)(c1ccccc1)C1CC2C=CC1C2,"InChI=1S/C21H29NO/c23-21(19-7-3-1-4-8-19,11-14-22-12-5-2-6-13-22)20-16-17-9-10-18(20)15-17/h1,3-4,7-10,17-18,20,23H,2,5-6,11-16H2",OC(CCN1CCCCC1)(c1ccccc1)C1CC2C=CC1C2,biperiden,Biperiden,"NCGC00182965-11, NCGC00260902-01, NCGC00182965-04",LOW,INACTIVE,4.27,-4.86,0
,CON=C(C(=O)NC1C(=O)N2C(C(=O)[O-])=C(CSc3nc(=O)c([O-])nn3C)CSC12)c1csc(N)n1,"InChI=1S/C18H18N8O7S3/c1-25-18(22-12(28)13(29)23-25)36-4-6-3-34-15-9(14(30)26(15)10(6)16(31)32)21-11(27)8(24-33-2)7-5-35-17(19)20-7/h5,9,15H,3-4H2,1-2H3,(H2,19,20)(H,21,27)(H,23,29)(H,31,32)/p-2/b24-8-/t9-,15-/m1/s1",CO/N=C(\C(=O)N[C@@H]1C(=O)N2C(C(=O)[O-])=C(CSc3nc(=O)c([O-])nn3C)CS[C@H]12)c1csc(N)n1,,Ceftriaxone disodium trihydrate,,LOW,INACTIVE,0.26,-3.56,0
4716.0,Cc1ccc(C(=O)Nc2ccc(CN3CCN(C)CC3)c(C(F)(F)F)c2)cc1C#Cc1cnc2cccnn12,"InChI=1S/C29H27F3N6O/c1-20-5-6-22(16-21(20)8-10-25-18-33-27-4-3-11-34-38(25)27)28(39)35-24-9-7-23(26(17-24)29(30,31)32)19-37-14-12-36(2)13-15-37/h3-7,9,11,16-18H,12-15,19H2,1-2H3,(H,35,39)",Cc1ccc(C(=O)Nc2ccc(CN3CCN(C)CC3)c(C(F)(F)F)c2)cc1C#Cc1cnc2cccnn12,ponatinib,Ponatinib,"NCGC00263152-14, NCGC00263152-02",HIGH,MODERATE,3.94,-5.26,1
,NC(=O)CCCCC1CCSS1,"InChI=1S/C8H15NOS2/c9-8(10)4-2-1-3-7-5-6-11-12-7/h7H,1-6H2,(H2,9,10)",NC(=O)CCCCC1CCSS1,,alpha-Lipoic acid amide,,LOW,INACTIVE,2.3,-3.31,0
156.0,NCCCNCCSP(=O)(O)O,"InChI=1S/C5H15N2O3PS/c6-2-1-3-7-4-5-12-11(8,9)10/h7H,1-6H2,(H2,8,9,10)",NCCCNCCSP(=O)(O)O,amifostine,Amifostine,NCGC00015073-04,LOW,INACTIVE,-1.44,-1.07,0
1942.0,COC(=O)C1=C(C)NC(C)=C(C(=O)OCC(C)C)C1c1ccccc1[N+](=O)[O-],"InChI=1S/C20H24N2O6/c1-11(2)10-28-20(24)17-13(4)21-12(3)16(19(23)27-5)18(17)14-8-6-7-9-15(14)22(25)26/h6-9,11,18,21H,10H2,1-5H3",COC(=O)C1=C(C)NC(C)=C(C(=O)OCC(C)C)C1c1ccccc1[N+](=O)[O-],nisoldipine,Nisoldipine,,MODERATE,LOW,3.27,-4.84,1
,O=C(CCC1CCN(Cc2ccccc2)CC1)c1ccc2c(c1)NCCCC2,"InChI=1S/C25H32N2O/c28-25(23-11-10-22-8-4-5-15-26-24(22)18-23)12-9-20-13-16-27(17-14-20)19-21-6-2-1-3-7-21/h1-3,6-7,10-11,18,20,26H,4-5,8-9,12-17,19H2",O=C(CCC1CCN(Cc2ccccc2)CC1)c1ccc2c(c1)NCCCC2,,Zanapezil fumerate,,MODERATE,LOW,5.16,-5.79,1
1279.0,CCNC(=NCCCCC(NC(=O)C(Cc1ccc(O)cc1)NC(=O)C(CO)NC(=O)C(Cc1cccnc1)NC(=O)C(Cc1ccc(Cl)cc1)NC(=O)C(Cc1ccc2ccccc2c1)NC(C)=O)C(=O)NC(CC(C)C)C(=O)NC(CCCCN=C(NCC)NCC)C(=O)N1CCCC1C(=O)NC(C)C(N)=O)NCC,"InChI=1S/C80H113ClN18O13/c1-9-84-79(85-10-2)88-38-17-15-24-60(70(104)94-62(41-49(5)6)71(105)93-61(25-16-18-39-89-80(86-11-3)87-12-4)78(112)99-40-20-26-68(99)77(111)90-50(7)69(82)103)92-73(107)64(44-53-30-35-59(102)36-31-53)97-76(110)67(48-100)98-75(109)66(46-55-21-19-37-83-47-55)96-74(108)65(43-52-28-33-58(81)34-29-52)95-72(106)63(91-51(8)101)45-54-27-32-56-22-13-14-23-57(56)42-54/h13-14,19,21-23,27-37,42,47,49-50,60-68,100,102H,9-12,15-18,20,24-26,38-41,43-46,48H2,1-8H3,(H2,82,103)(H,90,111)(H,91,101)(H,92,107)(H,93,105)(H,94,104)(H,95,106)(H,96,108)(H,97,110)(H,98,109)(H2,84,85,88)(H2,86,87,89)/t50-,60-,61+,62+,63-,64+,65-,66-,67+,68+/m1/s1",CCNC(=NCCCC[C@H](NC(=O)[C@H](CC(C)C)NC(=O)[C@@H](CCCCN=C(NCC)NCC)NC(=O)[C@H](Cc1ccc(O)cc1)NC(=O)[C@H](CO)NC(=O)[C@@H](Cc1cccnc1)NC(=O)[C@@H](Cc1ccc(Cl)cc1)NC(=O)[C@@H](Cc1ccc2ccccc2c1)NC(C)=O)C(=O)N1CCC[C@H]1C(=O)N[C@H](C)C(N)=O)NCC,ganirelix,Ganirelix,,LOW,INACTIVE,,,0
1707.0,c1ccc2c(c1)Sc1ccccc1N2CC1CN2CCC1CC2,"InChI=1S/C20H22N2S/c1-3-7-19-17(5-1)22(18-6-2-4-8-20(18)23-19)14-16-13-21-11-9-15(16)10-12-21/h1-8,15-16H,9-14H2",c1ccc2c(c1)Sc1ccccc1N2CC1CN2CCC1CC2,mequitazine,Mequitazine,,HIGH,LOW,5.38,-4.91,1
,CC(=O)N(CC(=O)N(C)C)c1ccccc1,"InChI=1S/C12H16N2O2/c1-10(15)14(9-12(16)13(2)3)11-7-5-4-6-8-11/h4-8H,9H2,1-3H3",CC(=O)N(CC(=O)N(C)C)c1ccccc1,,Phenylacetylglycine dimethylamide,,LOW,INACTIVE,0.21,-1.56,0
882.0,CC1OC(OC2C(O)CC(OC3C(O)CC(OC4CCC5(C)C(CCC6C5CC(O)C5(C)C(C7=CC(=O)OC7)CCC65O)C4)OC3C)OC2C)CC(O)C1O,"InChI=1S/C41H64O14/c1-19-36(47)28(42)15-34(50-19)54-38-21(3)52-35(17-30(38)44)55-37-20(2)51-33(16-29(37)43)53-24-8-10-39(4)23(13-24)6-7-26-27(39)14-31(45)40(5)25(9-11-41(26,40)48)22-12-32(46)49-18-22/h12,19-21,23-31,33-38,42-45,47-48H,6-11,13-18H2,1-5H3/t19-,20-,21-,23-,24+,25-,26-,27+,28+,29+,30+,31-,33+,34+,35+,36-,37-,38-,39+,40+,41+/m1/s1",C[C@H]1O[C@@H](O[C@H]2[C@@H](O)C[C@H](O[C@H]3[C@@H](O)C[C@H](O[C@H]4CC[C@]5(C)[C@H]6C[C@@H](O)[C@]7(C)[C@@H](C8=CC(=O)OC8)CC[C@]7(O)[C@@H]6CC[C@@H]5C4)O[C@@H]3C)O[C@@H]2C)C[C@H](O)[C@@H]1O,digoxin,Digoxin,"NCGC00090797-28, NCGC00090797-15, NCGC00090797-11",HIGH,MODERATE,1.04,-3.79,1
2683.0,Clc1ccc2nsnc2c1NC1=NCCN1,"InChI=1S/C9H8ClN5S/c10-5-1-2-6-8(15-16-14-6)7(5)13-9-11-3-4-12-9/h1-2H,3-4H2,(H2,11,12,13)",Clc1ccc2nsnc2c1NC1=NCCN1,tizanidine,Tizanidine hydrochloride,"NCGC00160529-05, NCGC00160529-08",LOW,INACTIVE,1.61,-3.28,0
,CC(Oc1cc(-c2cnn(C3CCNCC3)c2)cnc1N)c1c(Cl)ccc(F)c1Cl,"InChI=1S/C21H22Cl2FN5O/c1-12(19-16(22)2-3-17(24)20(19)23)30-18-8-13(9-27-21(18)25)14-10-28-29(11-14)15-4-6-26-7-5-15/h2-3,8-12,15,26H,4-7H2,1H3,(H2,25,27)/t12-/m0/s1",C[C@H](Oc1cc(-c2cnn(C3CCNCC3)c2)cnc1N)c1c(Cl)ccc(F)c1Cl,,(S)-Crizotinib,NCGC00384190-02,MODERATE,LOW,3.82,-4.86,1
,Cc1nc(C2CCCCC2)c(-c2ccc(S(N)(=O)=O)c(F)c2)o1,"InChI=1S/C16H19FN2O3S/c1-10-19-15(11-5-3-2-4-6-11)16(22-10)12-7-8-14(13(17)9-12)23(18,20)21/h7-9,11H,2-6H2,1H3,(H2,18,20,21)",Cc1nc(C2CCCCC2)c(-c2ccc(S(N)(=O)=O)c(F)c2)o1,,Tilmacoxib,,LOW,INACTIVE,3.75,-3.94,0
3217.0,Cc1cc(-c2ccc(N=Nc3ccc4c(S(=O)(=O)O)cc(S(=O)(=O)O)c(N)c4c3O)c(C)c2)ccc1N=Nc1ccc2c(S(=O)(=O)O)cc(S(=O)(=O)O)c(N)c2c1O,"InChI=1S/C34H28N6O14S4/c1-15-11-17(3-7-21(15)37-39-23-9-5-19-25(55(43,44)45)13-27(57(49,50)51)31(35)29(19)33(23)41)18-4-8-22(16(2)12-18)38-40-24-10-6-20-26(56(46,47)48)14-28(58(52,53)54)32(36)30(20)34(24)42/h3-14,41-42H,35-36H2,1-2H3,(H,43,44,45)(H,46,47,48)(H,49,50,51)(H,52,53,54)/b39-37+,40-38+",Cc1cc(-c2ccc(/N=N/c3ccc4c(S(=O)(=O)O)cc(S(=O)(=O)O)c(N)c4c3O)c(C)c2)ccc1/N=N/c1ccc2c(S(=O)(=O)O)cc(S(=O)(=O)O)c(N)c2c1O,evans blue,EVANS BLUE,,MODERATE,HIGH,-0.03,-4.9,1
,CCCOc1ccc2nc(NC(=O)OC)sc2c1,"InChI=1S/C12H14N2O3S/c1-3-6-17-8-4-5-9-10(7-8)18-11(13-9)14-12(15)16-2/h4-5,7H,3,6H2,1-2H3,(H,13,14,15)",CCCOc1ccc2nc(NC(=O)OC)sc2c1,,Tioxidazole,,MODERATE,INACTIVE,2.93,-3.82,1
,CC(=O)OC1CC2C3CCc4cc(OC(=O)c5ccccc5)ccc4C3CCC2(C)C1OC(C)=O,"InChI=1S/C29H32O6/c1-17(30)33-26-16-25-24-11-9-20-15-21(35-28(32)19-7-5-4-6-8-19)10-12-22(20)23(24)13-14-29(25,3)27(26)34-18(2)31/h4-8,10,12,15,23-27H,9,11,13-14,16H2,1-3H3/t23?,24?,25?,26-,27+,29?/m1/s1",CC(=O)O[C@@H]1CC2C3CCc4cc(OC(=O)c5ccccc5)ccc4C3CCC2(C)[C@H]1OC(C)=O,,Estriol benzoate diacetate,,LOW,INACTIVE,5.36,-6.59,0
4610.0,OCC1OC(OC2(CO)OC(CO)C(O)C2O)C(O)C(O)C1O,"InChI=1S/C12H22O11/c13-1-4-6(16)8(18)9(19)11(21-4)23-12(3-15)10(20)7(17)5(2-14)22-12/h4-11,13-20H,1-3H2/t4-,5-,6-,7-,8+,9-,10+,11-,12+/m1/s1",OC[C@H]1O[C@H](O[C@]2(CO)O[C@H](CO)[C@@H](O)[C@@H]2O)[C@H](O)[C@@H](O)[C@@H]1O,sucrose,Sucrose,,LOW,INACTIVE,-2.63,0.38,0
1030.0,COc1cccc2c1C(=O)c1c(O)c3c(c(O)c1C2=O)CC(O)(C(=O)CO)CC3OC1CC(N)C(O)C(C)O1,"InChI=1S/C27H29NO11/c1-10-22(31)13(28)6-17(38-10)39-15-8-27(36,16(30)9-29)7-12-19(15)26(35)21-20(24(12)33)23(32)11-4-3-5-14(37-2)18(11)25(21)34/h3-5,10,13,15,17,22,29,31,33,35-36H,6-9,28H2,1-2H3/t10-,13-,15-,17-,22-,27-/m0/s1",COc1cccc2c1C(=O)c1c(O)c3c(c(O)c1C2=O)C[C@@](O)(C(=O)CO)C[C@@H]3O[C@H]1C[C@H](N)[C@@H](O)[C@H](C)O1,epirubicin,Epirubicin hydrochloride,"NCGC00263918-05, NCGC00263918-04",MODERATE,MODERATE,1.41,-2.67,1
450.0,Clc1ccc(CCC(Cn2ccnc2)Sc2c(Cl)cccc2Cl)cc1,"InChI=1S/C19H17Cl3N2S/c20-15-7-4-14(5-8-15)6-9-16(12-24-11-10-23-13-24)25-19-17(21)2-1-3-18(19)22/h1-5,7-8,10-11,13,16H,6,9,12H2",Clc1ccc(CCC(Cn2ccnc2)Sc2c(Cl)cccc2Cl)cc1,butoconazole,Butoconazole nitrate,"NCGC00179596-11, NCGC00179596-04",LOW,INACTIVE,6.71,-5.7,0
395.0,Brc1c(NC2=NCCN2)ccc2nccnc12,"InChI=1S/C11H10BrN5/c12-9-7(17-11-15-5-6-16-11)1-2-8-10(9)14-4-3-13-8/h1-4H,5-6H2,(H2,15,16,17)",Brc1c(NC2=NCCN2)ccc2nccnc12,brimonidine,Brimonidine,NCGC00016069-11,LOW,INACTIVE,1.3,-3.28,0
1422.0,CC#CCC(C)C(O)C=CC1C(O)CC2CC(=CCCCC(=O)O)CC21,"InChI=1S/C22H32O4/c1-3-4-7-15(2)20(23)11-10-18-19-13-16(8-5-6-9-22(25)26)12-17(19)14-21(18)24/h8,10-11,15,17-21,23-24H,5-7,9,12-14H2,1-2H3,(H,25,26)/b11-10+,16-8+/t15?,17-,18+,19-,20+,21+/m0/s1",CC#CCC(C)[C@H](O)/C=C/[C@@H]1[C@H]2C/C(=C/CCCC(=O)O)C[C@H]2C[C@H]1O,iloprost,Iloprost,,LOW,INACTIVE,4.22,-4.61,0
,CCCCCCOc1ccc(C(=N)N(CCCC)CCCC)c2ccccc12,"InChI=1S/C25H38N2O/c1-4-7-10-13-20-28-24-17-16-23(21-14-11-12-15-22(21)24)25(26)27(18-8-5-2)19-9-6-3/h11-12,14-17,26H,4-10,13,18-20H2,1-3H3",CCCCCCOc1ccc(C(=N)N(CCCC)CCCC)c2ccccc12,,Bunamidine hydrochloride,,HIGH,LOW,7.03,-6.62,1
,NC(=O)c1cccc2cn(-c3ccc(C4CCCNC4)cc3)nc12,"InChI=1S/C19H20N4O/c20-19(24)17-5-1-3-15-12-23(22-18(15)17)16-8-6-13(7-9-16)14-4-2-10-21-11-14/h1,3,5-9,12,14,21H,2,4,10-11H2,(H2,20,24)",NC(=O)c1cccc2cn(-c3ccc(C4CCCNC4)cc3)nc12,,,NCGC00378571-03,MODERATE,MODERATE,2.45,-4.33,1
2359.0,COc1ccccc1OCC(O)CN1CCN(CC(=O)Nc2c(C)cccc2C)CC1,"InChI=1S/C24H33N3O4/c1-18-7-6-8-19(2)24(18)25-23(29)16-27-13-11-26(12-14-27)15-20(28)17-31-22-10-5-4-9-21(22)30-3/h4-10,20,28H,11-17H2,1-3H3,(H,25,29)",COc1ccccc1OCC(O)CN1CCN(CC(=O)Nc2c(C)cccc2C)CC1,ranolazine,Ranolazine,"NCGC00261747-01, NCGC00015897-06",LOW,INACTIVE,2.08,-3.59,0
1659.0,CC(=O)OC1(C(C)=O)CCC2C3CC(C)C4=CC(=O)CCC4(C)C3CCC21C,"InChI=1S/C24H34O4/c1-14-12-18-19(22(4)9-6-17(27)13-21(14)22)7-10-23(5)20(18)8-11-24(23,15(2)25)28-16(3)26/h13-14,18-20H,6-12H2,1-5H3/t14-,18+,19-,20-,22+,23-,24-/m0/s1",CC(=O)O[C@]1(C(C)=O)CC[C@H]2[C@@H]3C[C@H](C)C4=CC(=O)CC[C@]4(C)[C@H]3CC[C@@]21C,medroxyprogesterone,Medroxyprogesterone acetate|Medroxyprogesterone,"NCGC00022037-07, NCGC00022037-06",LOW,INACTIVE,3.43,-5.24,0
5233.0,COc1cc(N2CCC(N3CCN(C)CC3)CC2)ccc1Nc1ncc(Cl)c(Nc2ccccc2P(C)(C)=O)n1,"InChI=1S/C29H39ClN7O2P/c1-35-15-17-37(18-16-35)21-11-13-36(14-12-21)22-9-10-24(26(19-22)39-2)33-29-31-20-23(30)28(34-29)32-25-7-5-6-8-27(25)40(3,4)38/h5-10,19-21H,11-18H2,1-4H3,(H2,31,32,33,34)",COc1cc(N2CCC(N3CCN(C)CC3)CC2)ccc1Nc1ncc(Cl)c(Nc2ccccc2P(C)(C)=O)n1,brigatinib,Brigatinib,NCGC00483924-01,MODERATE,HIGH,5.11,-4.43,1
,CCOC(=O)c1ccccc1O,"InChI=1S/C9H10O3/c1-2-12-9(11)7-5-3-4-6-8(7)10/h3-6,10H,2H2,1H3",CCOC(=O)c1ccccc1O,,Ethyl salicylate,,LOW,INACTIVE,2.76,-1.73,0
1836.0,CC(C)(O)c1ccccc1CCC(SCC1(CC(=O)O)CC1)c1cccc(C=Cc2ccc3ccc(Cl)cc3n2)c1,"InChI=1S/C35H36ClNO3S/c1-34(2,40)30-9-4-3-7-25(30)13-17-32(41-23-35(18-19-35)22-33(38)39)27-8-5-6-24(20-27)10-15-29-16-12-26-11-14-28(36)21-31(26)37-29/h3-12,14-16,20-21,32,40H,13,17-19,22-23H2,1-2H3,(H,38,39)/b15-10+/t32-/m1/s1",CC(C)(O)c1ccccc1CC[C@@H](SCC1(CC(=O)O)CC1)c1cccc(/C=C/c2ccc3ccc(Cl)cc3n2)c1,montelukast,Montelukast sodium,,LOW,INACTIVE,7.25,-7.86,0
,CC(C(O)c1ccccc1)N(C)CCOC(c1ccccc1)c1ccccc1,"InChI=1S/C25H29NO2/c1-20(24(27)21-12-6-3-7-13-21)26(2)18-19-28-25(22-14-8-4-9-15-22)23-16-10-5-11-17-23/h3-17,20,24-25,27H,18-19H2,1-2H3",CC(C(O)c1ccccc1)N(C)CCOC(c1ccccc1)c1ccccc1,,Difeterol,,MODERATE,MODERATE,4.55,-4.89,1
575.0,CC(=O)OCC1=C(C(=O)O)N2C(=O)C(NC(=O)CSc3ccncc3)C2SC1,"InChI=1S/C17H17N3O6S2/c1-9(21)26-6-10-7-28-16-13(15(23)20(16)14(10)17(24)25)19-12(22)8-27-11-2-4-18-5-3-11/h2-5,13,16H,6-8H2,1H3,(H,19,22)(H,24,25)/t13-,16-/m1/s1",CC(=O)OCC1=C(C(=O)O)N2C(=O)[C@@H](NC(=O)CSc3ccncc3)[C@H]2SC1,cefapirin,Cephapirin sodium,,LOW,INACTIVE,0.17,-3.45,0
,CCC(C(=O)O)C1OC(C(C)C(O)C(C)C(=O)C(CC)C2OC3(C=CC(O)C4(CCC(C)(C5CCC(O)(CC)C(C)O5)O4)O3)C(C)CC2C)C(C)CC1C,"InChI=1S/C43H72O11/c1-12-30(35(46)27(8)34(45)28(9)36-23(4)21-24(5)37(51-36)31(13-2)39(47)48)38-25(6)22-26(7)42(52-38)18-15-32(44)43(54-42)20-19-40(11,53-43)33-16-17-41(49,14-3)29(10)50-33/h15,18,23-34,36-38,44-45,49H,12-14,16-17,19-22H2,1-11H3,(H,47,48)/t23-,24-,25-,26+,27-,28-,29-,30-,31+,32+,33+,34+,36+,37+,38-,40-,41+,42-,43-/m0/s1",CC[C@@H](C(=O)[C@@H](C)[C@@H](O)[C@H](C)[C@@H]1O[C@@H]([C@@H](CC)C(=O)O)[C@@H](C)C[C@@H]1C)[C@H]1O[C@]2(C=C[C@@H](O)[C@]3(CC[C@@](C)([C@H]4CC[C@](O)(CC)[C@H](C)O4)O3)O2)[C@H](C)C[C@@H]1C,,Narasin,,MODERATE,MODERATE,,-5.51,1
,C=CCNc1c(O)cc2c(O)c1CC(C)CC(OC)C(O)C(C)C=C(C)C(OC(N)=O)C(OC)C=CC=C(C)C(=O)N2,"InChI=1S/C31H45N3O8/c1-8-12-33-26-21-13-17(2)14-25(41-7)27(36)19(4)15-20(5)29(42-31(32)39)24(40-6)11-9-10-18(3)30(38)34-22(28(21)37)16-23(26)35/h8-11,15-17,19,24-25,27,29,33,35-37H,1,12-14H2,2-7H3,(H2,32,39)(H,34,38)/b11-9-,18-10-,20-15-/t17-,19+,24+,25+,27-,29+/m1/s1",C=CCNc1c(O)cc2c(O)c1C[C@@H](C)C[C@H](OC)[C@H](O)[C@@H](C)/C=C(/C)[C@H](OC(N)=O)[C@@H](OC)/C=C\C=C(\C)C(=O)N2,,Retaspimycin (Hydrochloride),"NCGC00346438-02, NCGC00346438-01",LOW,INACTIVE,3.96,-4.53,0
,CCCCCCCCCCCCOCCOCCOCCOCCOCCOCCOCCOCCOCCO,"InChI=1S/C30H62O10/c1-2-3-4-5-6-7-8-9-10-11-13-32-15-17-34-19-21-36-23-25-38-27-29-40-30-28-39-26-24-37-22-20-35-18-16-33-14-12-31/h31H,2-30H2,1H3",CCCCCCCCCCCCOCCOCCOCCOCCOCCOCCOCCOCCOCCO,,Polyoxyethylene (9) lauryl ether,,LOW,INACTIVE,3.14,-6.16,0
3017.0,CCCCCCCCCCCC[N+](C)(C)Cc1ccccc1,"InChI=1S/C21H38N/c1-4-5-6-7-8-9-10-11-12-16-19-22(2,3)20-21-17-14-13-15-18-21/h13-15,17-18H,4-12,16,19-20H2,1-3H3/q+1",CCCCCCCCCCCC[N+](C)(C)Cc1ccccc1,benzalkonium,BENZALKONIUM CHLORIDE,NCGC00164245-03,MODERATE,HIGH,2.79,-7.85,1
2657.0,Clc1ccccc1CN1CCc2sccc2C1,"InChI=1S/C14H14ClNS/c15-13-4-2-1-3-11(13)9-16-7-5-14-12(10-16)6-8-17-14/h1-4,6,8H,5,7,9-10H2",Clc1ccccc1CN1CCc2sccc2C1,ticlopidine,Ticlopidine hydrochloride,NCGC00016872-09,LOW,INACTIVE,4.25,-4.09,0
780.0,O=C1CN(N=Cc2ccc(-c3ccc([N+](=O)[O-])cc3)o2)C(=O)N1,"InChI=1S/C14H10N4O5/c19-13-8-17(14(20)16-13)15-7-11-5-6-12(23-11)9-1-3-10(4-2-9)18(21)22/h1-7H,8H2,(H,16,19,20)/b15-7+",O=C1CN(/N=C/c2ccc(-c3ccc([N+](=O)[O-])cc3)o2)C(=O)N1,dantrolene,Dantrolene sodium,,LOW,INACTIVE,1.62,-3.59,0
4503.0,CCN(CC)c1ccc(C(=C2C=CC(=[N+](CC)CC)C=C2)c2cc(S(=O)(=O)[O-])ccc2S(=O)(=O)[O-])cc1,"InChI=1S/C27H32N2O6S2/c1-5-28(6-2)22-13-9-20(10-14-22)27(21-11-15-23(16-12-21)29(7-3)8-4)25-19-24(36(30,31)32)17-18-26(25)37(33,34)35/h9-19H,5-8H2,1-4H3,(H-,30,31,32,33,34,35)/p-1",CCN(CC)c1ccc(C(=C2C=CC(=[N+](CC)CC)C=C2)c2cc(S(=O)(=O)[O-])ccc2S(=O)(=O)[O-])cc1,isosulfan blue,Isosulfan blue,,MODERATE,HIGH,-0.66,-5.79,1
1353.0,O=C(CCCN1CCC(O)(c2ccc(Cl)cc2)CC1)c1ccc(F)cc1,"InChI=1S/C21H23ClFNO2/c22-18-7-5-17(6-8-18)21(26)11-14-24(15-12-21)13-1-2-20(25)16-3-9-19(23)10-4-16/h3-10,26H,1-2,11-15H2",O=C(CCCN1CCC(O)(c2ccc(Cl)cc2)CC1)c1ccc(F)cc1,haloperidol,Haloperidol,"NCGC00015500-14, NCGC00015500-10",MODERATE,LOW,3.7,-4.92,1
835.0,Cc1cccc(C(C)c2c[nH]cn2)c1C,"InChI=1S/C13H16N2/c1-9-5-4-6-12(10(9)2)11(3)13-7-14-8-15-13/h4-8,11H,1-3H3,(H,14,15)/t11-/m0/s1",Cc1cccc([C@H](C)c2c[nH]cn2)c1C,dexmedetomidine,Dexmedetomidine,,LOW,INACTIVE,3.29,-3.06,0
,CCCN1CC(NS(=O)(=O)N(CC)CC)CC2Cc3c(O)cccc3CC21,"InChI=1S/C20H33N3O3S/c1-4-10-22-14-17(21-27(25,26)23(5-2)6-3)11-16-12-18-15(13-19(16)22)8-7-9-20(18)24/h7-9,16-17,19H,4-6,10-14H2,1-3H3,(H2-,21,24,25,26)/t16-,17+,19-/m1/s1",CCCN1C[C@@H](N[S+](=O)([O-])N(CC)CC)C[C@@H]2Cc3c(O)cccc3C[C@H]21,,Quinagolide (hydrochloride),,MODERATE,MODERATE,2.56,-3.41,1
1312.0,NC(CCC(=O)NC(CS)C(=O)NCC(=O)O)C(=O)O,"InChI=1S/C10H17N3O6S/c11-5(10(18)19)1-2-7(14)13-6(4-20)9(17)12-3-8(15)16/h5-6,20H,1-4,11H2,(H,12,17)(H,13,14)(H,15,16)(H,18,19)/t5-,6-/m0/s1",N[C@@H](CCC(=O)N[C@@H](CS)C(=O)NCC(=O)O)C(=O)O,glutathione,Glutathione,,LOW,INACTIVE,-2.74,-2.55,0
2709.0,CN(C)CCOc1ccc(C(=C(CCCl)c2ccccc2)c2ccccc2)cc1,"InChI=1S/C26H28ClNO/c1-28(2)19-20-29-24-15-13-23(14-16-24)26(22-11-7-4-8-12-22)25(17-18-27)21-9-5-3-6-10-21/h3-16H,17-20H2,1-2H3/b26-25-",CN(C)CCOc1ccc(/C(=C(/CCCl)c2ccccc2)c2ccccc2)cc1,toremifene,Toremifene citrate,"NCGC00160530-12, NCGC00160530-03",LOW,INACTIVE,6.28,-6.0,0
1103.0,CCc1cccc2c3c([nH]c12)C(CC)(CC(=O)O)OCC3,"InChI=1S/C17H21NO3/c1-3-11-6-5-7-12-13-8-9-21-17(4-2,10-14(19)20)16(13)18-15(11)12/h5-7,18H,3-4,8-10H2,1-2H3,(H,19,20)",CCc1cccc2c3c([nH]c12)C(CC)(CC(=O)O)OCC3,etodolac,Etodolac,"NCGC00015399-11, NCGC00386139-01, NCGC00015399-27, NCGC00015399-15",LOW,INACTIVE,3.39,-3.87,0
1414.0,CC(=O)C1(O)Cc2c(O)c3c(c(O)c2C(OC2CC(N)C(O)C(C)O2)C1)C(=O)c1ccccc1C3=O,"InChI=1S/C26H27NO9/c1-10-21(29)15(27)7-17(35-10)36-16-9-26(34,11(2)28)8-14-18(16)25(33)20-19(24(14)32)22(30)12-5-3-4-6-13(12)23(20)31/h3-6,10,15-17,21,29,32-34H,7-9,27H2,1-2H3/t10-,15-,16-,17-,21+,26-/m0/s1",CC(=O)[C@]1(O)Cc2c(O)c3c(c(O)c2[C@@H](O[C@H]2C[C@H](N)[C@H](O)[C@H](C)O2)C1)C(=O)c1ccccc1C3=O,idarubicin,Idarubicin hydrochloride,"NCGC00093976-15, NCGC00261285-01, NCGC00093976-06",HIGH,HIGH,1.69,-2.81,1
3128.0,O=C(O)c1ccc(-n2nc(-c3ccccc3O)nc2-c2ccccc2O)cc1,"InChI=1S/C21H15N3O4/c25-17-7-3-1-5-15(17)19-22-20(16-6-2-4-8-18(16)26)24(23-19)14-11-9-13(10-12-14)21(27)28/h1-12,25-26H,(H,27,28)",O=C(O)c1ccc(-n2nc(-c3ccccc3O)nc2-c2ccccc2O)cc1,deferasirox,Deferasirox,"NCGC00181754-07, NCGC00181754-01",MODERATE,LOW,4.0,-4.04,1
2390.0,CC(NCCc1ccc(O)cc1)C(O)c1ccc(O)cc1,"InChI=1S/C17H21NO3/c1-12(17(21)14-4-8-16(20)9-5-14)18-11-10-13-2-6-15(19)7-3-13/h2-9,12,17-21H,10-11H2,1H3/t12-,17-/m1/s1",C[C@@H](NCCc1ccc(O)cc1)[C@@H](O)c1ccc(O)cc1,ritodrine,Ritodrine hydrochloride,NCGC00162324-02,LOW,INACTIVE,1.8,-3.21,0
4721.0,O=C(NC1CCN(CCCCC2(C(=O)NCC(F)(F)F)c3ccccc3-c3ccccc32)CC1)c1ccccc1-c1ccc(C(F)(F)F)cc1,"InChI=1S/C39H37F6N3O2/c40-38(41,42)25-46-36(50)37(33-13-5-3-10-30(33)31-11-4-6-14-34(31)37)21-7-8-22-48-23-19-28(20-24-48)47-35(49)32-12-2-1-9-29(32)26-15-17-27(18-16-26)39(43,44)45/h1-6,9-18,28H,7-8,19-25H2,(H,46,50)(H,47,49)",O=C(NC1CCN(CCCCC2(C(=O)NCC(F)(F)F)c3ccccc3-c3ccccc32)CC1)c1ccccc1-c1ccc(C(F)(F)F)cc1,lomitapide,Lomitapide,NCGC00386364-05,HIGH,HIGH,7.18,-6.89,1
1560.0,C=CCN1CCC23CCCCC2C1Cc1ccc(O)cc13,"InChI=1S/C19H25NO/c1-2-10-20-11-9-19-8-4-3-5-16(19)18(20)12-14-6-7-15(21)13-17(14)19/h2,6-7,13,16,18,21H,1,3-5,8-12H2/t16-,18+,19+/m0/s1",C=CCN1CC[C@]23CCCC[C@H]2[C@H]1Cc1ccc(O)cc13,levallorphan,Levallorphan,NCGC00162247-03,MODERATE,INACTIVE,3.91,-4.03,1
489.0,NC(=O)N1c2ccccc2C=Cc2ccccc21,"InChI=1S/C15H12N2O/c16-15(18)17-13-7-3-1-5-11(13)9-10-12-6-2-4-8-14(12)17/h1-10H,(H2,16,18)",NC(=O)N1c2ccccc2C=Cc2ccccc21,carbamazepine,Carbamazepine,NCGC00015234-13,LOW,INACTIVE,2.1,-3.19,0
,C=C(C)C1Cc2c(ccc3c2OC2COc4cc(OC)c(OC)cc4C2C3=O)O1,"InChI=1S/C23H22O6/c1-11(2)16-8-14-15(28-16)6-5-12-22(24)21-13-7-18(25-3)19(26-4)9-17(13)27-10-20(21)29-23(12)14/h5-7,9,16,20-21H,1,8,10H2,2-4H3/t16-,20-,21+/m1/s1",C=C(C)[C@H]1Cc2c(ccc3c2O[C@@H]2COc4cc(OC)c(OC)cc4[C@@H]2C3=O)O1,,Rotenone,"NCGC00017358-07, NCGC00017358-14",MODERATE,MODERATE,2.3,-4.49,1
,COc1ccc2cc1Oc1ccc(cc1)CC1c3c(cc4c(c3Oc3cc5c(cc3OC)CCN(C)C5C2)OCO4)CCN1C,"InChI=1S/C37H38N2O6/c1-38-13-11-24-18-31(41-4)33-20-27(24)28(38)16-23-7-10-30(40-3)32(17-23)44-26-8-5-22(6-9-26)15-29-35-25(12-14-39(29)2)19-34-36(37(35)45-33)43-21-42-34/h5-10,17-20,28-29H,11-16,21H2,1-4H3/t28-,29+/m1/s1",COc1ccc2cc1Oc1ccc(cc1)C[C@H]1c3c(cc4c(c3Oc3cc5c(cc3OC)CCN(C)[C@@H]5C2)OCO4)CCN1C,,Cepharanthine,NCGC00161621-05,HIGH,MODERATE,5.32,-5.1,1
,Sc1nc2ccccc2s1,"InChI=1S/C7H5NS2/c9-7-8-5-3-1-2-4-6(5)10-7/h1-4H,(H,8,9)",Sc1nc2ccccc2s1,,2-Mercaptobenzothiazole,NCGC00091643-08,LOW,INACTIVE,2.37,-2.94,0
965.0,CCC(=O)OC1CCC2C3CCC4CC(=O)C(C)CC4(C)C3CCC12C,"InChI=1S/C23H36O3/c1-5-21(25)26-20-9-8-17-16-7-6-15-12-19(24)14(2)13-23(15,4)18(16)10-11-22(17,20)3/h14-18,20H,5-13H2,1-4H3/t14-,15+,16+,17+,18+,20+,22+,23+/m1/s1",CCC(=O)O[C@H]1CC[C@H]2[C@@H]3CC[C@H]4CC(=O)[C@H](C)C[C@]4(C)[C@H]3CC[C@]12C,drostanolone propionate,Drostanolone propionate,,LOW,INACTIVE,4.78,-5.77,0
5012.0,CCOC(=O)C(C)CC(Cc1ccc(-c2ccccc2)cc1)NC(=O)CCC(=O)O,"InChI=1S/C24H29NO5/c1-3-30-24(29)17(2)15-21(25-22(26)13-14-23(27)28)16-18-9-11-20(12-10-18)19-7-5-4-6-8-19/h4-12,17,21H,3,13-16H2,1-2H3,(H,25,26)(H,27,28)/t17-,21+/m1/s1",CCOC(=O)[C@H](C)C[C@@H](Cc1ccc(-c2ccccc2)cc1)NC(=O)CCC(=O)O,sacubitril,AHU-377,,LOW,INACTIVE,3.91,-5.64,0
1691.0,Cc1ccccc1OCC(O)CO,"InChI=1S/C10H14O3/c1-8-4-2-3-5-10(8)13-7-9(12)6-11/h2-5,9,11-12H,6-7H2,1H3",Cc1ccccc1OCC(O)CO,mephenesin,Mephenesin,,LOW,INACTIVE,0.96,-0.94,0
611.0,Oc1c(Cl)cc(Cl)c2cccnc12,"InChI=1S/C9H5Cl2NO/c10-6-4-7(11)9(13)8-5(6)2-1-3-12-8/h1-4,13H",Oc1c(Cl)cc(Cl)c2cccnc12,chloroxine,Chloroxine,NCGC00095264-05,MODERATE,LOW,3.44,-3.19,1
1932.0,Cc1cn(-c2cc(NC(=O)c3ccc(C)c(Nc4nccc(-c5cccnc5)n4)c3)cc(C(F)(F)F)c2)cn1,"InChI=1S/C28H22F3N7O/c1-17-5-6-19(10-25(17)37-27-33-9-7-24(36-27)20-4-3-8-32-14-20)26(39)35-22-11-21(28(29,30)31)12-23(13-22)38-15-18(2)34-16-38/h3-16H,1-2H3,(H,35,39)(H,33,36,37)",Cc1cn(-c2cc(NC(=O)c3ccc(C)c(Nc4nccc(-c5cccnc5)n4)c3)cc(C(F)(F)F)c2)cn1,nilotinib,Nilotinib,"NCGC00183285-09, NCGC00183285-06, NCGC00183285-04",LOW,INACTIVE,4.51,-5.42,0
186.0,CCN(CC)Cc1cc(Nc2ccnc3cc(Cl)ccc23)ccc1O,"InChI=1S/C20H22ClN3O/c1-3-24(4-2)13-14-11-16(6-8-20(14)25)23-18-9-10-22-19-12-15(21)5-7-17(18)19/h5-12,25H,3-4,13H2,1-2H3,(H,22,23)",CCN(CC)Cc1cc(Nc2ccnc3cc(Cl)ccc23)ccc1O,amodiaquine,Amodiaquin dihydrochloride dihydrate|Amodiaquine,,MODERATE,LOW,4.82,-4.61,1
,CCCCCCCCC=CCCCCCCCC(=O)NCCOC(=O)CC(C(=O)[O-])S(=O)(=O)[O-],"InChI=1S/C24H43NO8S/c1-2-3-4-5-6-7-8-9-10-11-12-13-14-15-16-17-22(26)25-18-19-33-23(27)20-21(24(28)29)34(30,31)32/h9-10,21H,2-8,11-20H2,1H3,(H,25,26)(H,28,29)(H,30,31,32)/p-2/b10-9+",CCCCCCCC/C=C/CCCCCCCC(=O)NCCOC(=O)CC(C(=O)[O-])S(=O)(=O)[O-],,,NCGC00274268-01,HIGH,LOW,3.32,-6.22,1
1680.0,Cc1cc(OS(=O)(=O)O)c2ccccc2c1OS(=O)(=O)O,"InChI=1S/C11H10O8S2/c1-7-6-10(18-20(12,13)14)8-4-2-3-5-9(8)11(7)19-21(15,16)17/h2-6H,1H3,(H,12,13,14)(H,15,16,17)",Cc1cc(OS(=O)(=O)O)c2ccccc2c1OS(=O)(=O)O,menadiol sulfate,Menadiol,,HIGH,LOW,-1.42,-3.19,1
,CC(=O)OC1CC(OC2C(O)CC(OC3C(O)CC(OC4CCC5(C)C(CCC6C5CC(O)C5(C)C(C7=CC(=O)OC7)CCC65O)C4)OC3C)OC2C)OC(C)C1OC1OC(CO)C(O)C(O)C1O,"InChI=1S/C49H76O20/c1-21-43(67-38-17-32(53)44(22(2)62-38)68-39-18-33(64-24(4)51)45(23(3)63-39)69-46-42(58)41(57)40(56)34(19-50)66-46)31(52)16-37(61-21)65-27-9-11-47(5)26(14-27)7-8-29-30(47)15-35(54)48(6)28(10-12-49(29,48)59)25-13-36(55)60-20-25/h13,21-23,26-35,37-46,50,52-54,56-59H,7-12,14-20H2,1-6H3/t21?,22?,23-,26?,27?,28?,29?,30?,31?,32?,33?,34?,35?,37-,38+,39+,40?,41?,42?,43+,44+,45-,46-,47-,48-,49-/m1/s1",CC(=O)OC1C[C@H](O[C@@H]2C(O)C[C@H](O[C@@H]3C(O)C[C@@H](OC4CC[C@]5(C)C(CCC6C5CC(O)[C@@]5(C)C(C7=CC(=O)OC7)CC[C@@]65O)C4)OC3C)OC2C)O[C@H](C)[C@H]1O[C@H]1OC(CO)C(O)C(O)C1O,,,NCGC00094932-04,HIGH,MODERATE,,-3.52,1
,CN(C)C(=S)SC(=S)N(C)C,InChI=1S/C6H12N2S3/c1-7(2)5(9)11-6(10)8(3)4/h1-4H3,CN(C)C(=S)SC(=S)N(C)C,,Tetramethylthiuram monosulfide,,HIGH,HIGH,1.32,-3.48,1
2815.0,COc1ccc(CCN(C)CCCC(C#N)(c2ccc(OC)c(OC)c2)C(C)C)cc1OC,"InChI=1S/C27H38N2O4/c1-20(2)27(19-28,22-10-12-24(31-5)26(18-22)33-7)14-8-15-29(3)16-13-21-9-11-23(30-4)25(17-21)32-6/h9-12,17-18,20H,8,13-16H2,1-7H3",COc1ccc(CCN(C)CCCC(C#N)(c2ccc(OC)c(OC)c2)C(C)C)cc1OC,verapamil,Verapamil,"NCGC00016083-23, NCGC00261922-01, NCGC00016083-13",LOW,INACTIVE,5.23,-5.06,0
,Cc1cc(C(=C2C=CC(=N)C=C2)c2ccc(N)cc2)ccc1N,"InChI=1S/C20H19N3/c1-13-12-16(6-11-19(13)23)20(14-2-7-17(21)8-3-14)15-4-9-18(22)10-5-15/h2-12,21H,22-23H2,1H3/b20-14-,21-17?",Cc1cc(C(=C2C=CC(=N)C=C2)c2ccc(N)cc2)ccc1N,,C.I. Basic Violet 14,,MODERATE,MODERATE,3.24,-4.93,1
,C[N+]([O-])(CCCl)CCCl,"InChI=1S/C5H11Cl2NO/c1-8(9,4-2-6)5-3-7/h2-5H2,1H3",C[N+]([O-])(CCCl)CCCl,,Nitrogen mustard N-oxide,,LOW,INACTIVE,-0.36,-2.22,0
1006.0,CC(NC(CCc1ccccc1)C(=O)O)C(=O)N1CCCC1C(=O)O,"InChI=1S/C18H24N2O5/c1-12(16(21)20-11-5-8-15(20)18(24)25)19-14(17(22)23)10-9-13-6-3-2-4-7-13/h2-4,6-7,12,14-15,19H,5,8-11H2,1H3,(H,22,23)(H,24,25)/t12-,14-,15-/m0/s1",C[C@H](N[C@@H](CCc1ccccc1)C(=O)O)C(=O)N1CCC[C@H]1C(=O)O,enalaprilat,Enalapril acid,NCGC00261721-01,LOW,INACTIVE,-0.03,-2.6,0
259.0,COc1ccc(CC2c3cc(OC)c(OC)cc3CC[N+]2(C)CCC(=O)OCCCCCOC(=O)CC[N+]2(C)CCc3cc(OC)c(OC)cc3C2Cc2ccc(OC)c(OC)c2)cc1OC,"InChI=1S/C53H72N2O12/c1-54(22-18-38-32-48(62-7)50(64-9)34-40(38)42(54)28-36-14-16-44(58-3)46(30-36)60-5)24-20-52(56)66-26-12-11-13-27-67-53(57)21-25-55(2)23-19-39-33-49(63-8)51(65-10)35-41(39)43(55)29-37-15-17-45(59-4)47(31-37)61-6/h14-17,30-35,42-43H,11-13,18-29H2,1-10H3/q+2",COc1ccc(CC2c3cc(OC)c(OC)cc3CC[N+]2(C)CCC(=O)OCCCCCOC(=O)CC[N+]2(C)CCc3cc(OC)c(OC)cc3C2Cc2ccc(OC)c(OC)c2)cc1OC,atracurium,Atracurium besylate,"NCGC00262598-03, NCGC00262598-01",LOW,INACTIVE,3.42,-7.63,0
4167.0,CCCCCCCCc1ccc(CCC(N)(CO)CO)cc1,"InChI=1S/C19H33NO2/c1-2-3-4-5-6-7-8-17-9-11-18(12-10-17)13-14-19(20,15-21)16-22/h9-12,21-22H,2-8,13-16,20H2,1H3",CCCCCCCCc1ccc(CCC(N)(CO)CO)cc1,fingolimod,Fingolimod hydrochloride,"NCGC00188399-16, NCGC00188399-03",HIGH,LOW,4.0,-4.67,1
4456.0,CC12CCC(=O)C=C1CCC1C2C(O)CC2(C)C1CCC2(O)C(=O)COC(=O)CCC(=O)O,"InChI=1S/C25H34O8/c1-23-9-7-15(26)11-14(23)3-4-16-17-8-10-25(32,24(17,2)12-18(27)22(16)23)19(28)13-33-21(31)6-5-20(29)30/h11,16-18,22,27,32H,3-10,12-13H2,1-2H3,(H,29,30)/t16-,17-,18-,22+,23-,24-,25-/m0/s1",C[C@]12C[C@H](O)[C@H]3[C@@H](CCC4=CC(=O)CC[C@@]43C)[C@@H]1CC[C@]2(O)C(=O)COC(=O)CCC(=O)O,hydrocortisone succinate,Hydrocortisone 21-hemisuccinate sodium salt,,LOW,INACTIVE,2.18,-3.85,0
1610.0,CCCCc1nc(Cl)c(CO)n1Cc1ccc(-c2ccccc2-c2nnn[nH]2)cc1,"InChI=1S/C22H23ClN6O/c1-2-3-8-20-24-21(23)19(14-30)29(20)13-15-9-11-16(12-10-15)17-6-4-5-7-18(17)22-25-27-28-26-22/h4-7,9-12,30H,2-3,8,13-14H2,1H3,(H,25,26,27,28)",CCCCc1nc(Cl)c(CO)n1Cc1ccc(-c2ccccc2-c2nnn[nH]2)cc1,losartan,Losartan potassium|Losartan,,LOW,INACTIVE,3.81,-4.96,0
4483.0,CC(C)CC(NC(=O)C(CCc1ccccc1)NC(=O)CN1CCOCC1)C(=O)NC(Cc1ccccc1)C(=O)NC(CC(C)C)C(=O)C1(C)CO1,"InChI=1S/C40H57N5O7/c1-27(2)22-32(36(47)40(5)26-52-40)42-39(50)34(24-30-14-10-7-11-15-30)44-38(49)33(23-28(3)4)43-37(48)31(17-16-29-12-8-6-9-13-29)41-35(46)25-45-18-20-51-21-19-45/h6-15,27-28,31-34H,16-26H2,1-5H3,(H,41,46)(H,42,50)(H,43,48)(H,44,49)/t31-,32-,33-,34-,40+/m0/s1",CC(C)C[C@H](NC(=O)[C@H](CCc1ccccc1)NC(=O)CN1CCOCC1)C(=O)N[C@@H](Cc1ccccc1)C(=O)N[C@@H](CC(C)C)C(=O)[C@@]1(C)CO1,carfilzomib,Carfilzomib,"NCGC00249613-10, NCGC00249613-03, NCGC00249613-02",HIGH,MODERATE,3.21,-5.17,1
