DC.ID,SMILES_stand,InChI,SMILES,DC.NAME,NCATS.SYNONYMS,NCGC.ID,TruHit.ACTIVITY,TruHit.SIGNIFICANCE,logPow {predicted by ochem.eu/model/535 in Log unit},Aqueous Solubility {predicted by ochem.eu/model/536 in log(mol/L)},Label
,Cc1ccc(S(=O)(=O)Nc2cc(Cl)ccc2C(=O)Nc2nc(-c3ccccc3)cs2)cc1,,Cc1ccc(S(=O)(=O)Nc2cc(Cl)ccc2C(=O)Nc2nc(-c3ccccc3)cs2)cc1,,,NCGC00262398-01,HIGH,HIGH,5.08,-5.93,1
,Clc1ccc2c(c1)N=C(N1CCNCC1)c1ccccc1N2,,Clc1ccc2c(c1)N=C(N1CCNCC1)c1ccccc1N2,,N-Desmethylclozapine,,LOW,INACTIVE,3.12,-3.19,0
,Cc1c(F)cc(C(=O)NC2CC2)cc1-c1c(F)cn2c(C(C)(C)C)nnc2c1F,,Cc1c(F)cc(C(=O)NC2CC2)cc1-c1c(F)cn2c(C(C)(C)C)nnc2c1F,,,NCGC00387189-01,LOW,INACTIVE,3.87,-5.06,0
,COc1ccccc1C(=O)Nc1cc2c(cc1N1CCNCC1C)n(C)c(=O)n2C,,COc1ccccc1C(=O)Nc1cc2c(cc1N1CCNC[C@H]1C)n(C)c(=O)n2C,,,NCGC00509915-01,LOW,INACTIVE,1.77,-3.64,0
,CC(CCc1ccc(O)cc1)NCC(O)c1ccc(O)cc1,,CC(CCc1ccc(O)cc1)NCC(O)c1ccc(O)cc1,,RACTOPAMINE HYDROCHLORIDE,,LOW,INACTIVE,2.41,-4.06,0
1595.0,COc1ccc(CN2CCN(C(c3ccc(F)cc3)c3ccc(F)cc3)CC2)c(OC)c1OC,,COc1ccc(CN2CCN(C(c3ccc(F)cc3)c3ccc(F)cc3)CC2)c(OC)c1OC,lomerizine,Lomerizine dihydrochloride,,HIGH,LOW,4.39,-4.84,1
,COc1cc(C(=O)N2CCC(O)C(N)C2)cc2nc(-c3cc4ccccc4n3CC3CC3)n(C)c12,,COc1cc(C(=O)N2CC[C@@H](O)[C@@H](N)C2)cc2nc(-c3cc4ccccc4n3CC3CC3)n(C)c12,,,NCGC00480912-02,LOW,INACTIVE,2.84,-3.75,0
3734.0,O=C(Nc1ccccc1)OCC(CN1CCCCC1)OC(=O)Nc1ccccc1,,O=C(Nc1ccccc1)OCC(CN1CCCCC1)OC(=O)Nc1ccccc1,diperodon,Diperodon hydrochloride|Diperodon HCl,,LOW,INACTIVE,3.93,-3.66,0
,CC(C)C(O)(c1ccc2cc(OC(F)F)c(OC(F)F)cc2c1)c1cn[nH]n1,,CC(C)[C@](O)(c1ccc2cc(OC(F)F)c(OC(F)F)cc2c1)c1cn[nH]n1,,,NCGC00390672-01,LOW,INACTIVE,3.76,-3.94,0
751.0,CN(C)CCC=C1c2ccccc2C=Cc2ccccc21,,CN(C)CCC=C1c2ccccc2C=Cc2ccccc21,cyclobenzaprine,Cyclobenzaprine hydrochloride,NCGC00013841-13,LOW,INACTIVE,4.86,-4.6,0
1169.0,CC(C)=CCC1C(=O)N(c2ccccc2)N(c2ccccc2)C1=O,,CC(C)=CCC1C(=O)N(c2ccccc2)N(c2ccccc2)C1=O,feprazone,Feprazone,,LOW,INACTIVE,2.8,-3.48,0
4171.0,C=C1CC2CCC34CC5OC6C(OC7CCC(CC(=O)CC8C(CC9OC(CCC1O2)CC(C)C9=C)OC(CC(O)CN)C8OC)OC7C6O3)C5O4,,C=C1C[C@@H]2CC[C@@]34C[C@H]5O[C@H]6[C@@H](O3)[C@H]3O[C@H](CC[C@@H]3O[C@H]6[C@H]5O4)CC(=O)C[C@H]3[C@H](C[C@H]4O[C@@H](CC[C@@H]1O2)C[C@@H](C)C4=C)O[C@H](C[C@H](O)CN)[C@@H]3OC,eribulin,Eribulin mesylate,NCGC00510497-01,MODERATE,HIGH,1.26,-3.96,1
,O=C(O)c1cc(-c2ccc(C=C3SC(=S)N(Cc4ccccc4)C3=O)o2)ccc1Cl,,O=C(O)c1cc(-c2ccc(/C=C3\SC(=S)N(Cc4ccccc4)C3=O)o2)ccc1Cl,,4E2RCat,,LOW,INACTIVE,4.83,-4.85,0
,N#Cc1ccc(N(Cc2ccc(Br)cc2)n2cnnc2)cc1,,N#Cc1ccc(N(Cc2ccc(Br)cc2)n2cnnc2)cc1,,,NCGC00387089-01,LOW,INACTIVE,3.01,-3.43,0
1612.0,CCC(C)C(=O)OC1CC(C)C=C2C=CC(C)C(CCC3CC(O)CC(=O)O3)C21,,CC[C@H](C)C(=O)O[C@H]1C[C@@H](C)C=C2C=C[C@H](C)[C@H](CC[C@@H]3C[C@@H](O)CC(=O)O3)[C@H]21,lovastatin,Lovastatin,NCGC00023509-18,MODERATE,MODERATE,4.11,-4.25,1
5046.0,O=C(c1ccc(F)c(F)c1Nc1ccc(I)cc1F)N1CC(O)(C2CCCCN2)C1,,O=C(c1ccc(F)c(F)c1Nc1ccc(I)cc1F)N1CC(O)([C@@H]2CCCCN2)C1,cobimetinib,Cobimetinib,NCGC00346455-02,HIGH,MODERATE,3.33,-4.1,1
,Cn1c(-c2ccccc2C(F)(F)F)nnc1C12CCC(c3noc(C4CC(F)(F)C4)n3)(CC1)CC2,,Cn1c(-c2ccccc2C(F)(F)F)nnc1C12CCC(c3noc(C4CC(F)(F)C4)n3)(CC1)CC2,,,NCGC00496841-01,LOW,INACTIVE,4.57,-4.05,0
,Cn1c(CNc2ccc(C(=N)N)cc2)nc2cc(C(=O)N(CCC(=O)O)c3ccccn3)ccc21,,Cn1c(CNc2ccc(C(=N)N)cc2)nc2cc(C(=O)N(CCC(=O)O)c3ccccn3)ccc21,,,NCGC00346575-02,LOW,INACTIVE,2.38,-3.69,0
2769.0,COC1CC(OC2C(C)C(=O)OC(C)C(C)C(OC(C)=O)C(C)C(=O)C3(CO3)CC(C)C(OC3OC(C)CC(N(C)C)C3OC(C)=O)C2C)OC(C)C1OC(C)=O,,CO[C@H]1C[C@H](O[C@@H]2[C@@H](C)C(=O)O[C@H](C)[C@H](C)[C@H](OC(C)=O)[C@@H](C)C(=O)[C@]3(CO3)C[C@H](C)[C@H](O[C@@H]3O[C@H](C)C[C@H](N(C)C)[C@H]3OC(C)=O)[C@H]2C)O[C@@H](C)[C@@H]1OC(C)=O,troleandomycin,Troleandomycin,,LOW,INACTIVE,3.75,-4.63,0
,Cc1ccccc1C(=O)Nc1ccc2nc(Nc3cccc(C(F)(F)F)c3)cc(C)c2c1,,Cc1ccccc1C(=O)Nc1ccc2nc(Nc3cccc(C(F)(F)F)c3)cc(C)c2c1,,,NCGC00124334-01,HIGH,LOW,5.55,-6.0,1
,COc1cc(C)c(Sc2cnc(NC(=O)c3ccc(CNC(C)C(C)(C)C)cc3)s2)cc1C(=O)N1CCN(C(C)=O)CC1,,COc1cc(C)c(Sc2cnc(NC(=O)c3ccc(CNC(C)C(C)(C)C)cc3)s2)cc1C(=O)N1CCN(C(C)=O)CC1,,,NCGC00229512-05,MODERATE,LOW,4.13,-5.95,1
,COc1ccc(Nc2cc(-c3cnc(N)nc3)nc(N3CCOCC3)n2)cn1,,COc1ccc(Nc2cc(-c3cnc(N)nc3)nc(N3CCOCC3)n2)cn1,,,NCGC00345849-02,HIGH,HIGH,1.94,-3.61,1
,O=C(NOCC1CC1)c1ccc(F)c(F)c1Nc1ccc(I)cc1Cl,,O=C(NOCC1CC1)c1ccc(F)c(F)c1Nc1ccc(I)cc1Cl,,,NCGC00189074-12,HIGH,MODERATE,5.1,-5.64,1
,CC(C(O)CCC(C)(C)O)C1CCC2(O)C3=CC(=O)C4CC(O)C(O)CC4(C)C3CCC12C,,C[C@@H](C1CC[C@@]2(O)C3=CC(=O)[C@@H]4C[C@@H](O)[C@@H](O)C[C@]4(C)C3CC[C@]12C)[C@H](O)CCC(C)(C)O,,,NCGC00163547-01,LOW,INACTIVE,1.96,-3.47,0
,CCCC(NC(=O)C(C#N)=Cc1cccc(Br)n1)c1ccccc1,,CCC[C@H](NC(=O)/C(C#N)=C/c1cccc(Br)n1)c1ccccc1,,Degrasyn,,HIGH,HIGH,4.31,-5.05,1
,CC(=NNC(=S)N1CCC1)c1ccccn1,,C/C(=N\NC(=S)N1CCC1)c1ccccn1,,,NCGC00347952-11,HIGH,MODERATE,1.69,-3.11,1
,CCc1cc(-c2n[nH]c(C)c2-c2ccc3c(c2)OCCO3)c(O)cc1O,,CCc1cc(-c2n[nH]c(C)c2-c2ccc3c(c2)OCCO3)c(O)cc1O,,,NCGC00161410-03,MODERATE,LOW,3.58,-3.52,1
4110.0,Cc1ccccc1C(=O)Nc1ccc(C(=O)N2CCCC(O)c3cc(Cl)ccc32)c(C)c1,,Cc1ccccc1C(=O)Nc1ccc(C(=O)N2CCCC(O)c3cc(Cl)ccc32)c(C)c1,tolvaptan,Tolvaptan,,LOW,INACTIVE,4.14,-5.56,0
,COc1cc(F)ccc1-c1ncnc(Nc2cccc(CS(C)(=N)=O)c2)n1,,COc1cc(F)ccc1-c1ncnc(Nc2cccc(CS(C)(=N)=O)c2)n1,,,NCGC00475726-01,HIGH,MODERATE,3.03,-4.3,1
4870.0,CCOC(=O)NC1CCC2C(C1)CC1C(=O)OC(C)C1C2C=Cc1ccc(-c2cccc(F)c2)cn1,,CCOC(=O)N[C@@H]1CC[C@@H]2[C@@H](C1)C[C@H]1C(=O)O[C@H](C)[C@H]1[C@H]2/C=C/c1ccc(-c2cccc(F)c2)cn1,vorapaxar,Vorapaxar Sulfate,NCGC00263108-02,LOW,INACTIVE,5.0,-5.88,0
2637.0,CSc1ccc2c(c1)N(CCC1CCCCN1C)c1ccccc1S2,,CSc1ccc2c(c1)N(CCC1CCCCN1C)c1ccccc1S2,thioridazine,Thioridazine,,HIGH,LOW,5.93,-5.64,1
,CC(Oc1cc(-n2cnc3ccc(CN4CCN(C)CC4)cc32)sc1C(N)=O)c1ccccc1C(F)(F)F,,C[C@@H](Oc1cc(-n2cnc3ccc(CN4CCN(C)CC4)cc32)sc1C(N)=O)c1ccccc1C(F)(F)F,,,NCGC00263112-02,HIGH,MODERATE,3.88,-4.82,1
1368.0,CCC(c1ccc(O)cc1)C(CC)c1ccc(O)cc1,,CC[C@H](c1ccc(O)cc1)[C@@H](CC)c1ccc(O)cc1,hexestrol,Hexestrol,NCGC00094818-13,LOW,LOW,4.98,-4.3,0
2233.0,CCCNC1CCc2nc(N)sc2C1,,CCCN[C@H]1CCc2nc(N)sc2C1,pramipexole,Pramipexole hydrochloride,NCGC00167441-07,LOW,INACTIVE,2.18,-3.18,0
939.0,CC(=O)OC12COC1CC(O)C1(C)C(=O)C(O)C3=C(C)C(OC(=O)C(O)C(NC(=O)OC(C)(C)C)c4ccccc4)CC(O)(C(OC(=O)c4ccccc4)C21)C3(C)C,,CC(=O)O[C@@]12CO[C@@H]1C[C@H](O)[C@@]1(C)C(=O)[C@H](O)C3=C(C)[C@@H](OC(=O)[C@H](O)[C@@H](NC(=O)OC(C)(C)C)c4ccccc4)C[C@@](O)([C@@H](OC(=O)c4ccccc4)[C@@H]12)C3(C)C,docetaxel,Docetaxel,,MODERATE,INACTIVE,2.59,-4.8,1
,N#Cc1cc2cc(CN3CCC(Nc4ncnc5sc(CC(F)(F)F)cc45)CC3)c(O)cc2n1Cc1cn[nH]c1,,N#Cc1cc2cc(CN3CCC(Nc4ncnc5sc(CC(F)(F)F)cc45)CC3)c(O)cc2n1Cc1cn[nH]c1,,,NCGC00510519-01,HIGH,LOW,4.2,-4.35,1
,O=C(O)c1ccc2c(c1)nc(Nc1cccc(Cl)c1)c1ccncc12,,O=C(O)c1ccc2c(c1)nc(Nc1cccc(Cl)c1)c1ccncc12,,Silmitasertib,,HIGH,HIGH,4.32,-5.17,1
5155.0,CCC1C(O)C2C3CCC(C(C)CCC(=O)O)C3(C)CCC2C2(C)CCC(O)CC12,,CC[C@@H]1[C@@H]2C[C@H](O)CC[C@]2(C)[C@H]2CC[C@@]3(C)[C@@H](CC[C@@H]3[C@H](C)CCC(=O)O)[C@@H]2[C@@H]1O,obeticholic acid,INT-747 (Obeticholic acid),,LOW,INACTIVE,3.5,-4.62,0
,Cc1ccc(NC(=O)Nc2cc(C(F)(F)F)ccc2F)cc1Nc1ccc2c(c1)NC(=O)C2=Cc1ccc[nH]1,,Cc1ccc(NC(=O)Nc2cc(C(F)(F)F)ccc2F)cc1Nc1ccc2c(c1)NC(=O)/C2=C\c1ccc[nH]1,,,NCGC00346936-13,HIGH,LOW,5.38,-5.57,1
125.0,C=CCC1(O)CCC2C3CCC4=CCCCC4C3CCC21C,,C=CC[C@]1(O)CC[C@H]2[C@@H]3CCC4=CCCC[C@@H]4[C@H]3CC[C@@]21C,allylestrenol,Allylestrenol,,MODERATE,LOW,5.14,-5.73,1
,CC1=C(c2ccc(O)cc2)C(c2ccc(OCCN3CCCCC3)cc2)Oc2cc(O)ccc21,,CC1=C(c2ccc(O)cc2)[C@H](c2ccc(OCCN3CCCCC3)cc2)Oc2cc(O)ccc21,,,NCGC00510909-01,LOW,INACTIVE,6.0,-5.05,0
,Cc1nc2cnc3ccc(C#Cc4cccnc4)cc3c2n1-c1ccc(C(C)(C)C#N)cc1,,Cc1nc2cnc3ccc(C#Cc4cccnc4)cc3c2n1-c1ccc(C(C)(C)C#N)cc1,,,NCGC00263088-02,MODERATE,MODERATE,5.06,-4.9,1
,Oc1ccc(C=Cc2cc(O)cc(O)c2)cc1,,Oc1ccc(/C=C/c2cc(O)cc(O)c2)cc1,,Resveratrol,NCGC00017352-22,LOW,LOW,2.57,-3.52,0
,CC(NC(=O)Cc1cc(F)cc(F)c1)C(=O)NC1C(=O)N(C)c2ccccc2-c2ccccc21,,C[C@H](NC(=O)Cc1cc(F)cc(F)c1)C(=O)N[C@@H]1C(=O)N(C)c2ccccc2-c2ccccc21,,,NCGC00263188-03,LOW,INACTIVE,3.02,-5.24,0
4778.0,COC1CC2CCC(C)C(O)(O2)C(=O)C(=O)N2CCCCC2C(=O)OC(C(C)CC2CCC(OP(C)(C)=O)C(OC)C2)CC(=O)C(C)C=C(C)C(O)C(OC)C(=O)C(C)CC(C)C=CC=CC=C1C,,CO[C@H]1C[C@@H]2CC[C@@H](C)[C@@](O)(O2)C(=O)C(=O)N2CCCC[C@H]2C(=O)O[C@H]([C@H](C)C[C@@H]2CC[C@@H](OP(C)(C)=O)[C@H](OC)C2)CC(=O)[C@H](C)/C=C(\C)[C@@H](O)[C@@H](OC)C(=O)[C@H](C)C[C@H](C)/C=C/C=C/C=C/1C,ridaforolimus,,NCGC00346481-02,MODERATE,LOW,4.77,-6.12,1
2353.0,Cc1nc2ccc(CN(C)c3ccc(C(=O)NC(CCC(=O)O)C(=O)O)s3)cc2c(=O)[nH]1,,Cc1nc2ccc(CN(C)c3ccc(C(=O)N[C@@H](CCC(=O)O)C(=O)O)s3)cc2c(=O)[nH]1,raltitrexed,Raltitrexed,NCGC00229704-02,LOW,INACTIVE,1.79,-4.4,0
1094.0,CCC1(O)CCC2C3CCC4=CCCCC4C3CCC21C,,CC[C@]1(O)CC[C@H]2[C@@H]3CCC4=CCCC[C@@H]4[C@H]3CC[C@@]21C,ethylestrenol,Ethylestrenol,,LOW,LOW,5.2,-5.53,0
,Cc1noc2c1-c1ccccc1C(c1ccc(Cl)cc1)=NC2CC(N)=O,,Cc1noc2c1-c1ccccc1C(c1ccc(Cl)cc1)=N[C@H]2CC(N)=O,,CPI-0610,,HIGH,HIGH,4.05,-4.27,1
2440.0,CC(C)CC(N(C)C)C1(c2ccc(Cl)cc2)CCC1,,CC(C)CC(N(C)C)C1(c2ccc(Cl)cc2)CCC1,sibutramine,,NCGC00092357-04,LOW,INACTIVE,5.04,-5.48,0
,Cc1ccccc1C(=O)N1CCc2cc(-c3nc(NC(=O)Cc4ccc5ccccc5c4)sc3C)ccc21,,Cc1ccccc1C(=O)N1CCc2cc(-c3nc(NC(=O)Cc4ccc5ccccc5c4)sc3C)ccc21,,,NCGC00344804-01,LOW,INACTIVE,5.93,-6.39,0
1783.0,Cc1ccccc1N1C(=O)c2cc(S(N)(=O)=O)c(Cl)cc2NC1C,,Cc1ccccc1N1C(=O)c2cc(S(N)(=O)=O)c(Cl)cc2NC1C,metolazone,Metolazone,NCGC00093985-19,LOW,INACTIVE,3.03,-3.96,0
,Cc1cc(C)c(CNC(=O)c2cc(-c3ccc(CN4CCOCC4)cc3)cc3c2cnn3C2CCCC2)c(=O)[nH]1,,Cc1cc(C)c(CNC(=O)c2cc(-c3ccc(CN4CCOCC4)cc3)cc3c2cnn3C2CCCC2)c(=O)[nH]1,,,NCGC00351604-03,HIGH,LOW,4.08,-4.94,1
,O=C(NCCCNC(=O)c1ccc[nH]c1=O)c1cc(-c2ccccc2)on1,,O=C(NCCCNC(=O)c1ccc[nH]c1=O)c1cc(-c2ccccc2)on1,,,NCGC00386818-01,LOW,INACTIVE,1.64,-3.63,0
925.0,CCC1OC(=O)C(C)C(OC2CC(C)(OC)C(O)C(C)O2)C(C)C(OC2OC(C)CC(N(C)C)C2O)C(C)(O)CC(C)C2NC(COCCOC)OC(C2C)C1(C)O,,CC[C@H]1OC(=O)[C@H](C)[C@@H](O[C@H]2C[C@@](C)(OC)[C@@H](O)[C@H](C)O2)[C@H](C)[C@@H](O[C@@H]2O[C@H](C)C[C@H](N(C)C)[C@H]2O)[C@](C)(O)C[C@@H](C)[C@@H]2N[C@@H](COCCOC)O[C@H]([C@H]2C)[C@]1(C)O,dirithromycin,Dirithromycin,,LOW,INACTIVE,2.5,-3.56,0
,c1cncc(CN2CCC(n3ncc4c(N5CCOCC5)nc(-c5ccc6[nH]ccc6c5)nc43)CC2)c1,,c1cncc(CN2CCC(n3ncc4c(N5CCOCC5)nc(-c5ccc6[nH]ccc6c5)nc43)CC2)c1,,,NCGC00346634-02,HIGH,HIGH,3.34,-4.2,1
,Cc1cc(Nc2ncnc3ccc(NC4=NC(C)(C)CO4)cc23)ccc1Oc1ccn2ncnc2c1,,Cc1cc(Nc2ncnc3ccc(NC4=NC(C)(C)CO4)cc23)ccc1Oc1ccn2ncnc2c1,,,NCGC00482879-02,MODERATE,LOW,3.96,-5.08,1
4334.0,Cc1c(-c2ccc(O)cc2)n(Cc2ccc(OCCN3CCCCCC3)cc2)c2ccc(O)cc12,,Cc1c(-c2ccc(O)cc2)n(Cc2ccc(OCCN3CCCCCC3)cc2)c2ccc(O)cc12,bazedoxifene,Bazedoxifene,NCGC00182055-09,HIGH,LOW,6.04,-5.92,1
658.0,CC(C)(Oc1ccc(C2CC2(Cl)Cl)cc1)C(=O)O,,CC(C)(Oc1ccc(C2CC2(Cl)Cl)cc1)C(=O)O,ciprofibrate,Ciprofibrate,NCGC00015202-21,LOW,INACTIVE,3.96,-4.57,0
,O=C(Nc1cccnn1)N1CCC(=Cc2cccc(Oc3ccc(C(F)(F)F)cn3)c2)CC1,,O=C(Nc1cccnn1)N1CCC(=Cc2cccc(Oc3ccc(C(F)(F)F)cn3)c2)CC1,,,NCGC00378983-02,HIGH,LOW,3.77,-4.4,1
,N#CC(c1ccc(Cl)cc1)c1c(Cl)cc(-n2ncc(=O)[nH]c2=O)cc1Cl,,N#CC(c1ccc(Cl)cc1)c1c(Cl)cc(-n2ncc(=O)[nH]c2=O)cc1Cl,,Diclazuril,NCGC00168785-05,MODERATE,LOW,4.09,-5.18,1
,O=C(Nc1cc(Oc2cc(F)c(NC(=O)C3(C(=O)Nc4ccc(F)cc4)CC3)cc2F)ccn1)C1CC1,,O=C(Nc1cc(Oc2cc(F)c(NC(=O)C3(C(=O)Nc4ccc(F)cc4)CC3)cc2F)ccn1)C1CC1,,,NCGC00480913-01,LOW,INACTIVE,3.75,-5.24,0
2862.0,CC(c1cc2ccccc2s1)N(O)C(N)=O,,CC(c1cc2ccccc2s1)N(O)C(N)=O,zileuton,Zileuton,NCGC00159453-14,LOW,INACTIVE,2.01,-3.64,0
,Cc1cccc(-c2[nH]c(C(C)(C)C)nc2-c2ccc3c(c2)OCO3)n1,,Cc1cccc(-c2[nH]c(C(C)(C)C)nc2-c2ccc3c(c2)OCO3)n1,,,NCGC00165889-13,LOW,INACTIVE,4.77,-4.22,0
,COc1ccc(Cl)cc1-c1cc(=O)[nH]c(=S)n1CC(N)=O,,COc1ccc(Cl)cc1-c1cc(=O)[nH]c(=S)n1CC(N)=O,,,NCGC00521070-01,LOW,INACTIVE,1.78,-4.25,0
,CCC1C(COc2nccc3cc(C(N)=O)c(OC)cc23)NC(=O)C1F,,CC[C@H]1[C@@H](COc2nccc3cc(C(N)=O)c(OC)cc23)NC(=O)[C@H]1F,,,NCGC00510500-01,LOW,INACTIVE,1.75,-3.59,0
,O=C(Cc1ccccc1)Nc1nnc(CCSCCc2nnc(NC(=O)Cc3ccccc3)s2)s1,,O=C(Cc1ccccc1)Nc1nnc(CCSCCc2nnc(NC(=O)Cc3ccccc3)s2)s1,,BPTES,,LOW,INACTIVE,3.38,-5.34,0
,CCC(CC)C(c1ccc(Nc2nc3ccccc3s2)cc1)n1cncn1,,CCC(CC)C(c1ccc(Nc2nc3ccccc3s2)cc1)n1cncn1,,,NCGC00378894-01,HIGH,LOW,5.12,-4.41,1
,CC(=O)Nc1ccc(OCC(C)(O)C(=O)Nc2ccc([N+](=O)[O-])c(C(F)(F)F)c2)cc1,,CC(=O)Nc1ccc(OC[C@](C)(O)C(=O)Nc2ccc([N+](=O)[O-])c(C(F)(F)F)c2)cc1,,,NCGC00263150-04,LOW,INACTIVE,2.61,-5.61,0
,COc1ccc(NC(=O)N2CC(Oc3ccc(-c4nc(-c5ccccc5)no4)cc3)C2)cc1,,COc1ccc(NC(=O)N2CC(Oc3ccc(-c4nc(-c5ccccc5)no4)cc3)C2)cc1,,,NCGC00441105-01,LOW,INACTIVE,4.41,-3.86,0
,CC(C)Oc1ccc(-c2nn(C(C)c3oc4ccc(F)cc4c(=O)c3-c3cccc(F)c3)c3ncnc(N)c23)cc1F,,CC(C)Oc1ccc(-c2nn([C@@H](C)c3oc4ccc(F)cc4c(=O)c3-c3cccc(F)c3)c3ncnc(N)c23)cc1F,,,NCGC00509910-02,LOW,INACTIVE,5.2,-5.53,0
,Cn1cc(-c2ccncc2)c(-c2ccc(OCc3ccc4ccccc4n3)cc2)n1,,Cn1cc(-c2ccncc2)c(-c2ccc(OCc3ccc4ccccc4n3)cc2)n1,,,NCGC00346630-05,MODERATE,LOW,5.01,-5.42,1
511.0,CCCCCCNC(=O)n1cc(F)c(=O)[nH]c1=O,,CCCCCCNC(=O)n1cc(F)c(=O)[nH]c1=O,carmofur,Carmofur,NCGC00095165-08,LOW,HIGH,2.57,-3.72,0
,CCCC(C=O)NC(=O)C(CC(C)C)NC(=O)C(CC(C)C)NC(=O)OCc1ccccc1,,CCC[C@@H](C=O)NC(=O)[C@H](CC(C)C)NC(=O)[C@H](CC(C)C)NC(=O)OCc1ccccc1,,,NCGC00345815-02,LOW,MODERATE,2.89,-4.88,0
5280.0,COc1cc(Nc2ncc(F)c(Nc3ccc4c(n3)N(COP(=O)([O-])[O-])C(=O)C(C)(C)O4)n2)cc(OC)c1OC,,COc1cc(Nc2ncc(F)c(Nc3ccc4c(n3)N(COP(=O)([O-])[O-])C(=O)C(C)(C)O4)n2)cc(OC)c1OC,fostamatinib,,NCGC00386373-08,HIGH,MODERATE,2.78,-4.05,1
,CC(Oc1ccc2[nH]nc(C=Cc3cnn(CCO)c3)c2c1)c1c(Cl)cncc1Cl,,C[C@@H](Oc1ccc2[nH]nc(/C=C/c3cnn(CCO)c3)c2c1)c1c(Cl)cncc1Cl,,,NCGC00346459-07,MODERATE,MODERATE,4.07,-5.05,1
2469.0,O=C1CSC2(CCN(CCCN3c4ccccc4Sc4ccc(Cl)cc43)CC2)N1,,O=C1CSC2(CCN(CCCN3c4ccccc4Sc4ccc(Cl)cc43)CC2)N1,spiclomazine,Spiclomazine hydrochloride,,MODERATE,LOW,4.71,-5.28,1
,CC(=Cc1csc(C)n1)C1CC2OC2(C)CCCC(C)C(O)C(C)C(=O)C(C)(C)C(O)CC(=O)O1,,C/C(=C\c1csc(C)n1)[C@@H]1C[C@@H]2O[C@]2(C)CCC[C@H](C)[C@H](O)[C@@H](C)C(=O)C(C)(C)[C@@H](O)CC(=O)O1,,Epothilone B,NCGC00181131-08,MODERATE,INACTIVE,3.7,-5.17,1
1433.0,CC1Cc2ccccc2N1NC(=O)c1ccc(Cl)c(S(N)(=O)=O)c1,,CC1Cc2ccccc2N1NC(=O)c1ccc(Cl)c(S(N)(=O)=O)c1,indapamide,Indapamide,NCGC00018172-18,LOW,INACTIVE,2.52,-4.03,0
,CNCCCOc1cc(F)c(-c2c(Cl)nc3ncnn3c2NC(C)C(F)(F)F)c(F)c1,,CNCCCOc1cc(F)c(-c2c(Cl)nc3ncnn3c2N[C@@H](C)C(F)(F)F)c(F)c1,,,NCGC00480898-01,HIGH,MODERATE,3.96,-4.26,1
,CC1=C2CC3C(CC=C4CC(O)CCC43C)C2CCC12OC1CC(C)CNC1C2C,,CC1=C2C[C@H]3[C@@H](CC=C4C[C@@H](O)CC[C@@]43C)[C@@H]2CC[C@]12O[C@@H]1C[C@H](C)CN[C@H]1[C@H]2C,,,NCGC00163474-07,LOW,INACTIVE,4.27,-5.03,0
,Nc1ncccc1-c1nc2ccc(-c3ccccc3)nc2n1-c1ccc(C2(N)CCC2)cc1,,Nc1ncccc1-c1nc2ccc(-c3ccccc3)nc2n1-c1ccc(C2(N)CCC2)cc1,,,NCGC00507881-01,HIGH,MODERATE,4.66,-5.14,1
1027.0,NC1=NCC2c3ccccc3Cc3ccccc3N12,,NC1=NCC2c3ccccc3Cc3ccccc3N12,epinastine,Epinastine hydrochloride,,LOW,INACTIVE,2.53,-3.18,0
2228.0,CN1C(CSCC(F)(F)F)Nc2cc(Cl)c(S(N)(=O)=O)cc2S1(=O)=O,,CN1C(CSCC(F)(F)F)Nc2cc(Cl)c(S(N)(=O)=O)cc2S1(=O)=O,polythiazide,Polythiazide,,LOW,INACTIVE,2.12,-3.22,0
,COc1cccc(Nc2ncnn3ccc(CN4CCC(N)C(O)C4)c23)c1,,COc1cccc(Nc2ncnn3ccc(CN4CC[C@@H](N)[C@H](O)C4)c23)c1,,,NCGC00378630-01,HIGH,HIGH,1.01,-3.08,1
,CCn1c(-c2nonc2N)nc2cnc(Oc3cccc(NC(=O)c4ccc(OCCN5CCOCC5)cc4)c3)cc21,,CCn1c(-c2nonc2N)nc2cnc(Oc3cccc(NC(=O)c4ccc(OCCN5CCOCC5)cc4)c3)cc21,,,NCGC00241982-07,MODERATE,HIGH,3.79,-3.66,1
,COc1ccc(OC)c(-c2nnc3ccc(-c4ccc(OC)c(OC5CCOC5)c4)nn23)c1,,COc1ccc(OC)c(-c2nnc3ccc(-c4ccc(OC)c(O[C@@H]5CCOC5)c4)nn23)c1,,,NCGC00168459-04,HIGH,HIGH,3.66,-4.33,1
,CC(=O)ON=C1C(c2c(O)[nH]c3cc(Br)ccc23)=Nc2ccccc21,,CC(=O)O/N=C1/C(c2c(O)[nH]c3cc(Br)ccc23)=Nc2ccccc21,,6-Bromoindirubin-3'-acetoxime,,HIGH,HIGH,3.99,-4.67,1
694.0,CCOC(=O)C(C)(C)Oc1ccc(Cl)cc1,,CCOC(=O)C(C)(C)Oc1ccc(Cl)cc1,clofibrate,Clofibrate,NCGC00015257-18,LOW,INACTIVE,3.99,-3.92,0
,FC(F)(F)c1cccc(C2=CCN(CCc3ccc4ccccc4c3)CC2)c1,,FC(F)(F)c1cccc(C2=CCN(CCc3ccc4ccccc4c3)CC2)c1,,Xaliproden hydrochloride,,LOW,INACTIVE,6.26,-6.22,0
4174.0,Cc1cc(C=CC#N)cc(C)c1Nc1ccnc(Nc2ccc(C#N)cc2)n1,,Cc1cc(/C=C/C#N)cc(C)c1Nc1ccnc(Nc2ccc(C#N)cc2)n1,rilpivirine,Rilpivirine,,HIGH,HIGH,3.8,-4.5,1
989.0,O=C1Nc2ccc(Cl)cc2C(C#CC2CC2)(C(F)(F)F)O1,,O=C1Nc2ccc(Cl)cc2[C@@](C#CC2CC2)(C(F)(F)F)O1,efavirenz,Efavirenz,NCGC00159337-12,MODERATE,LOW,3.87,-4.57,1
2597.0,CN(CC=CC#CC(C)(C)C)Cc1cccc2ccccc12,,CN(C/C=C/C#CC(C)(C)C)Cc1cccc2ccccc12,terbinafine,Terbinafine,,LOW,INACTIVE,5.51,-5.6,0
,CS(=O)(=O)c1ccc(-c2nnc(C=Cc3nnc(-c4ccc(C#N)cc4)o3)n2-c2ccccc2Cl)nc1,,CS(=O)(=O)c1ccc(-c2nnc(/C=C/c3nnc(-c4ccc(C#N)cc4)o3)n2-c2ccccc2Cl)nc1,,G-007-LK,NCGC00390587-01,LOW,INACTIVE,3.69,-3.69,0
,O=C(CNC(=O)c1ccc2ccccc2c1)OC(C(=O)Nc1cc(C(F)(F)F)ccc1Cl)c1ccccc1,,O=C(CNC(=O)c1ccc2ccccc2c1)OC(C(=O)Nc1cc(C(F)(F)F)ccc1Cl)c1ccccc1,,,NCGC00168696-01,LOW,INACTIVE,5.4,-6.73,0
2124.0,CC(Oc1ccccc1)C(=O)NC1C(=O)N2C1SC(C)(C)C2C(=O)O,,CC(Oc1ccccc1)C(=O)N[C@@H]1C(=O)N2[C@@H](C(=O)O)C(C)(C)S[C@H]12,pheneticillin,Phenethicillin potassium salt,,LOW,INACTIVE,2.22,-3.01,0
2697.0,Cc1ccc(C(=O)c2cc(O)c(O)c([N+](=O)[O-])c2)cc1,,Cc1ccc(C(=O)c2cc(O)c(O)c([N+](=O)[O-])c2)cc1,tolcapone,Tolcapone,NCGC00181767-12,MODERATE,LOW,2.62,-3.68,1
,COc1cc(C2c3cc4c(cc3C(O)C3COC(=O)C23)OCO4)cc(OC)c1O,,COc1cc([C@@H]2c3cc4c(cc3[C@@H](O)C3COC(=O)C32)OCO4)cc(OC)c1O,,,NCGC00161927-04,MODERATE,MODERATE,1.84,-3.15,1
,CC12OC(CC1(O)CO)n1c3ccccc3c3c4c(c5c6ccccc6n2c5c31)CNC4=O,,C[C@@]12O[C@@H](C[C@]1(O)CO)n1c3ccccc3c3c4c(c5c6ccccc6n2c5c31)CNC4=O,,,NCGC00244256-04,HIGH,MODERATE,2.28,-3.62,1
2599.0,CC(C)N1CCN(c2ccc(OCC3COC(Cn4cncn4)(c4ccc(Cl)cc4Cl)O3)cc2)CC1,,CC(C)N1CCN(c2ccc(OCC3COC(Cn4cncn4)(c4ccc(Cl)cc4Cl)O3)cc2)CC1,terconazole,Terconazole,,LOW,LOW,4.59,-4.66,0
1659.0,CC(=O)OC1(C(C)=O)CCC2C3CC(C)C4=CC(=O)CCC4(C)C3CCC21C,,CC(=O)O[C@]1(C(C)=O)CC[C@H]2[C@@H]3C[C@H](C)C4=CC(=O)CC[C@]4(C)[C@H]3CC[C@@]21C,medroxyprogesterone,Medroxyprogesterone acetate|Medroxyprogesterone,NCGC00022037-07,LOW,INACTIVE,3.43,-5.24,0
,Cc1nc(-c2cccnc2)sc1C(=O)Nc1ccccc1-c1cn2c(CN3CCOCC3)csc2n1,,Cc1nc(-c2cccnc2)sc1C(=O)Nc1ccccc1-c1cn2c(CN3CCOCC3)csc2n1,,,NCGC00379071-02,LOW,INACTIVE,3.79,-4.29,0
,CN(C)Cc1c(C(=O)NCCOc2ccc(C(=O)NO)cc2)oc2ccccc12,,CN(C)Cc1c(C(=O)NCCOc2ccc(C(=O)NO)cc2)oc2ccccc12,,Abexinostat,,HIGH,HIGH,1.79,-3.71,1
2475.0,CC(=O)SC1CC2=CC(=O)CCC2(C)C2CCC3(C)C(CCC34CCC(=O)O4)C12,,CC(=O)S[C@@H]1CC2=CC(=O)CC[C@]2(C)[C@H]2CC[C@@]3(C)[C@@H](CC[C@@]34CCC(=O)O4)[C@@H]21,spironolactone,Spironolactone,,LOW,INACTIVE,3.18,-5.32,0
,CCCc1cc(C(=O)NC(Cc2ccc(-c3cccc(OC(F)(F)F)c3)nc2)C(=O)NC2CCNC2)sc1C,,CCCc1cc(C(=O)N[C@H](Cc2ccc(-c3cccc(OC(F)(F)F)c3)nc2)C(=O)N[C@@H]2CCNC2)sc1C,,,NCGC00402372-02,HIGH,LOW,4.16,-6.14,1
,O=C(O)C(S)=Cc1c[nH]c2ccc(F)cc12,,O=C(O)/C(S)=C/c1c[nH]c2ccc(F)cc12,,PD-151746,,LOW,INACTIVE,2.75,-3.87,0
,O=C(Nc1cccc(C(F)(F)F)c1)Nc1cc(S(=O)(=O)NC2CC2)ccc1-c1ccsc1,,O=C(Nc1cccc(C(F)(F)F)c1)Nc1cc(S(=O)(=O)NC2CC2)ccc1-c1ccsc1,,,NCGC00347935-08,HIGH,LOW,3.83,-5.54,1
,O=C(NO)c1cnc(N2CC3CC2CN3c2cc(C(F)(F)F)ccn2)nc1,,O=C(NO)c1cnc(N2C[C@H]3C[C@@H]2CN3c2cc(C(F)(F)F)ccn2)nc1,,,NCGC00499575-01,HIGH,MODERATE,1.97,-3.33,1
747.0,CC1CC(OC(=O)C(O)c2ccccc2)CC(C)(C)C1,,CC1CC(OC(=O)C(O)c2ccccc2)CC(C)(C)C1,cyclandelate,Cyclandelate,,LOW,INACTIVE,3.79,-3.46,0
,COc1ccc(Cl)c(Nc2ncnc3cc(OCC4CCN(C)CC4)c(OC)cc23)c1,,COc1ccc(Cl)c(Nc2ncnc3cc(OCC4CCN(C)CC4)c(OC)cc23)c1,,,NCGC00370984-01,HIGH,HIGH,4.66,-4.53,1
,CCC(C)CNCC(=O)N1CCc2sccc2C1c1cccc(C)n1,,CCC(C)CNCC(=O)N1CCc2sccc2C1c1cccc(C)n1,,,NCGC00510354-01,LOW,INACTIVE,3.69,-4.75,0
,COc1ccc(-c2oc3ncnc(N)c3c2-c2ccc(NC(=O)Nc3cc(C(F)(F)F)ccc3F)cc2)cc1,,COc1ccc(-c2oc3ncnc(N)c3c2-c2ccc(NC(=O)Nc3cc(C(F)(F)F)ccc3F)cc2)cc1,,,NCGC00242057-03,HIGH,LOW,5.04,-4.6,1
,CCCCCCC(C)(C)c1cc(O)c2c(c1)OC(C)(C)C1CC=C(CO)CC21,,CCCCCCC(C)(C)c1cc(O)c2c(c1)OC(C)(C)C1CC=C(CO)C[C@H]21,,,NCGC00476094-01,HIGH,LOW,8.04,-5.44,1
1064.0,CCCCC(=O)OC1CCC2C3CCc4cc(O)ccc4C3CCC12C,,CCCCC(=O)O[C@H]1CC[C@H]2[C@@H]3CCc4cc(O)ccc4[C@H]3CC[C@]12C,estradiol valerate,Estradiol valerate,,LOW,INACTIVE,5.28,-5.76,0
,Cc1cc(-c2ncc(CC(=O)Nc3ccc(-c4cnccn4)cn3)cc2C)ccn1,,Cc1cc(-c2ncc(CC(=O)Nc3ccc(-c4cnccn4)cn3)cc2C)ccn1,,,NCGC00347950-07,LOW,INACTIVE,2.12,-4.56,0
,O=C(Nc1cccnc1)N1CCC(Cc2cccc(Oc3ccc(C(F)(F)F)cn3)c2)CC1,,O=C(Nc1cccnc1)N1CCC(Cc2cccc(Oc3ccc(C(F)(F)F)cn3)c2)CC1,,,NCGC00263131-05,HIGH,MODERATE,4.51,-4.89,1
3514.0,O=c1c(O)c(-c2ccc(O)c(O)c2)oc2cc(O)cc(O)c12,,O=c1c(O)c(-c2ccc(O)c(O)c2)oc2cc(O)cc(O)c12,quercetin,Quercetin,NCGC00015870-26,LOW,INACTIVE,1.81,-3.06,0
5306.0,CCc1nc(C(N)=O)c(Nc2ccc(N3CCC(N4CCN(C)CC4)CC3)c(OC)c2)nc1NC1CCOCC1,,CCc1nc(C(N)=O)c(Nc2ccc(N3CCC(N4CCN(C)CC4)CC3)c(OC)c2)nc1NC1CCOCC1,gilteritinib,,NCGC00481652-04,HIGH,HIGH,3.51,-4.39,1
,O=C(N1CCc2ccc(S(=O)(=O)N3CCN(S(=O)(=O)c4ccc5c(c4)OCCO5)CC3)cc2C1)C(F)(F)F,,O=C(N1CCc2ccc(S(=O)(=O)N3CCN(S(=O)(=O)c4ccc5c(c4)OCCO5)CC3)cc2C1)C(F)(F)F,,,NCGC00182416-01,LOW,INACTIVE,2.06,-3.78,0
3523.0,CC12CCC(O)CC1CCC1C2CCC2(C)C(c3ccc(=O)oc3)CC3OC312,,C[C@]12CC[C@H](O)C[C@H]1CC[C@@H]1[C@@H]2CC[C@]2(C)[C@@H](c3ccc(=O)oc3)C[C@H]3O[C@@]312,bufogenin,Bufogenin,,MODERATE,MODERATE,3.86,-5.08,1
2740.0,CN1CCN(CCCN2c3ccccc3Sc3ccc(C(F)(F)F)cc32)CC1,,CN1CCN(CCCN2c3ccccc3Sc3ccc(C(F)(F)F)cc32)CC1,trifluoperazine,Trifluoperazine hydrochloride,NCGC00013226-32,HIGH,LOW,4.88,-4.67,1
,O=C(CCCCCCC(=O)NN=Cc1ccc(N(c2ccccc2)c2ccccc2)cc1)NO,,O=C(CCCCCCC(=O)N/N=C/c1ccc(N(c2ccccc2)c2ccccc2)cc1)NO,,WT-161,,HIGH,HIGH,4.98,-5.79,1
,Cc1ncc(Cl)cc1NCc1ccc(C(=O)NC(CC2CCCC2)C(=O)NC2CC2)s1,,Cc1ncc(Cl)cc1NCc1ccc(C(=O)NC(CC2CCCC2)C(=O)NC2CC2)s1,,,NCGC00387841-01,LOW,INACTIVE,4.46,-5.48,0
,NC1(c2ccc(-c3nc4ccn5c(=O)[nH]nc5c4cc3-c3ccccc3)cc2)CCC1,,NC1(c2ccc(-c3nc4ccn5c(=O)[nH]nc5c4cc3-c3ccccc3)cc2)CCC1,,,NCGC00186465-06,HIGH,MODERATE,3.67,-5.26,1
,CN1CCN(C2CCC(n3cc(-c4ccc(Oc5ccccc5)cc4)c4c(N)ncnc43)CC2)CC1,,CN1CCN([C@H]2CC[C@H](n3cc(-c4ccc(Oc5ccccc5)cc4)c4c(N)ncnc43)CC2)CC1,,,NCGC00370980-01,HIGH,HIGH,4.56,-4.63,1
,CS(=O)(=O)N1CCC(NC(=O)c2[nH]ncc2NC(=O)c2c(Cl)cccc2Cl)CC1,,CS(=O)(=O)N1CCC(NC(=O)c2[nH]ncc2NC(=O)c2c(Cl)cccc2Cl)CC1,,,NCGC00379060-01,HIGH,HIGH,1.9,-3.74,1
,Cc1cc(Nc2cc(N3CCN(C)CC3)nc(C=Cc3ccccc3)n2)n[nH]1,,Cc1cc(Nc2cc(N3CCN(C)CC3)nc(/C=C/c3ccccc3)n2)n[nH]1,,,NCGC00263178-03,HIGH,MODERATE,3.74,-4.04,1
,CCC(C)n1cc(C)c2c(C(=O)NCc3c(C)cc(C)[nH]c3=O)cc(-c3ccc(N4CCNCC4)nc3)cc21,,CC[C@H](C)n1cc(C)c2c(C(=O)NCc3c(C)cc(C)[nH]c3=O)cc(-c3ccc(N4CCNCC4)nc3)cc21,,,NCGC00347286-15,LOW,INACTIVE,3.86,-4.52,0
,CCc1ccc2nc(Nc3cc(Cc4ccccc4)nc(NC4CCC(O)CC4)n3)sc2c1,,CCc1ccc2nc(Nc3cc(Cc4ccccc4)nc(N[C@H]4CC[C@H](O)CC4)n3)sc2c1,,,NCGC00510682-01,HIGH,LOW,6.02,-5.67,1
2696.0,CCCCNC(=O)NS(=O)(=O)c1ccc(C)cc1,,CCCCNC(=O)NS(=O)(=O)c1ccc(C)cc1,tolbutamide,Tolbutamide,,LOW,INACTIVE,2.05,-3.13,0
,COc1ccc(C(=O)c2c(C)n(CCN3CCOCC3)c3cc(I)ccc23)cc1,,COc1ccc(C(=O)c2c(C)n(CCN3CCOCC3)c3cc(I)ccc23)cc1,,,NCGC00025012-06,LOW,INACTIVE,4.38,-4.87,0
517.0,NC(=O)C1(N2CCCCC2)CCN(CCCN2c3ccccc3CCc3ccccc32)CC1,,NC(=O)C1(N2CCCCC2)CCN(CCCN2c3ccccc3CCc3ccccc32)CC1,carpipramine,Carpipramine Dihydrochloride,,LOW,LOW,4.8,-4.61,0
,CCC(=O)N1CCN(c2ccc(-n3c(=O)ccc4cnc5ccc(-c6cnc7ccccc7c6)cc5c43)cc2C(F)(F)F)CC1,,CCC(=O)N1CCN(c2ccc(-n3c(=O)ccc4cnc5ccc(-c6cnc7ccccc7c6)cc5c43)cc2C(F)(F)F)CC1,,,NCGC00263215-04,MODERATE,MODERATE,5.4,-5.65,1
,COc1ccc(-c2cc(C3CN4CCC3CC4COC(=O)Nc3ccc(C(C)C)cc3)n(C)n2)cc1OC,,COc1ccc(-c2cc([C@H]3CN4CC[C@H]3C[C@@H]4COC(=O)Nc3ccc(C(C)C)cc3)n(C)n2)cc1OC,,,NCGC00399644-01,HIGH,LOW,5.3,-5.31,1
1043.0,CN1CC(C(=O)NC2(C)OC3(O)C4CCCN4C(=O)C(Cc4ccccc4)N3C2=O)C=C2c3cccc4[nH]cc(c34)CC21,,CN1C[C@H](C(=O)N[C@]2(C)O[C@@]3(O)[C@@H]4CCCN4C(=O)[C@H](Cc4ccccc4)N3C2=O)C=C2c3cccc4[nH]cc(c34)C[C@H]21,ergotamine,Ergotamine tartrate,,LOW,INACTIVE,2.51,-3.44,0
,Cc1cnc(Nc2cccc(CN3CCOCC3)c2)nc1Nc1cccc(S(=O)(=O)NC(C)(C)C)c1,,Cc1cnc(Nc2cccc(CN3CCOCC3)c2)nc1Nc1cccc(S(=O)(=O)NC(C)(C)C)c1,,,NCGC00345845-02,HIGH,HIGH,3.74,-4.62,1
2280.0,CCCN(CCC)C(=O)C(CCC(=O)OCCCN1CCN(CCOC(=O)Cc2c(C)n(C(=O)c3ccc(Cl)cc3)c3ccc(OC)cc23)CC1)NC(=O)c1ccccc1,,CCCN(CCC)C(=O)C(CCC(=O)OCCCN1CCN(CCOC(=O)Cc2c(C)n(C(=O)c3ccc(Cl)cc3)c3ccc(OC)cc23)CC1)NC(=O)c1ccccc1,proglumetacin,Proglumetacin,,LOW,INACTIVE,5.91,-5.86,0
,CCC(C)(C)OC(=O)NC(Cc1c[nH]c2ccccc12)C(=O)NC(CCSC)C(=O)NC(CC(=O)O)C(=O)NC(Cc1ccccc1)C(N)=O,,CCC(C)(C)OC(=O)N[C@@H](Cc1c[nH]c2ccccc12)C(=O)N[C@@H](CCSC)C(=O)N[C@@H](CC(=O)O)C(=O)N[C@@H](Cc1ccccc1)C(N)=O,,Amogastrin,,LOW,INACTIVE,2.26,-5.66,0
600.0,CC(=O)OC1(C(C)=O)CCC2C3C=C(Cl)C4=CC(=O)CCC4(C)C3CCC21C,,CC(=O)O[C@]1(C(C)=O)CC[C@H]2[C@@H]3C=C(Cl)C4=CC(=O)CC[C@]4(C)[C@H]3CC[C@@]21C,chlormadinone,Chlormadinone acetate,,MODERATE,LOW,3.58,-5.41,1
,CCNC(=O)c1noc(-c2cc(C(C)C)c(O)cc2O)c1-c1ccc(CN2CCOCC2)cc1,,CCNC(=O)c1noc(-c2cc(C(C)C)c(O)cc2O)c1-c1ccc(CN2CCOCC2)cc1,,,NCGC00247878-08,MODERATE,INACTIVE,3.85,-3.71,1
3014.0,CCCCC(CC)COc1ccc(-c2nc(-c3ccc(OC)cc3)nc(-c3ccc(OCC(CC)CCCC)cc3O)n2)c(O)c1,,CCCCC(CC)COc1ccc(-c2nc(-c3ccc(OC)cc3)nc(-c3ccc(OCC(CC)CCCC)cc3O)n2)c(O)c1,bemotrizinol,BEMOTRIZINOL,,LOW,INACTIVE,8.24,-6.28,0
,O=C1CSC(=O)N1C(CCc1ccncc1)COc1ccc(-c2cccc([N+](=O)[O-])c2)cc1,,O=C1CSC(=O)N1C(CCc1ccncc1)COc1ccc(-c2cccc([N+](=O)[O-])c2)cc1,,,NCGC00347904-03,MODERATE,LOW,3.55,-5.39,1
1856.0,COc1nc(C)nc(Cl)c1NC1=NCCN1,,COc1nc(C)nc(Cl)c1NC1=NCCN1,moxonidine,Moxonidine hydrochloride hydrate,,LOW,INACTIVE,1.01,-3.33,0
1328.0,Cc1cc2c(C(C)C)c(O)c(O)c(C=O)c2c(O)c1-c1c(C)cc2c(C(C)C)c(O)c(O)c(C=O)c2c1O,,Cc1cc2c(C(C)C)c(O)c(O)c(C=O)c2c(O)c1-c1c(C)cc2c(C(C)C)c(O)c(O)c(C=O)c2c1O,gossypol,,NCGC00016423-15,HIGH,HIGH,4.49,-5.13,1
,Nc1cccc(C(OCCN2CCCCC2)c2cc3nccc(C(=O)O)c3s2)c1,,Nc1cccc(C(OCCN2CCCCC2)c2cc3nccc(C(=O)O)c3s2)c1,,,NCGC00488726-01,LOW,INACTIVE,3.43,-4.82,0
3153.0,CCCCc1cc2ccccc2c(OCCN(C)C)n1,,CCCCc1cc2ccccc2c(OCCN(C)C)n1,quinisocaine,Dimethisoquin hydrochloride,,LOW,INACTIVE,3.9,-3.61,0
,C#Cc1cccc(Nc2ncnc3cc(OC)c(OCCCCCCC(=O)NO)cc23)c1,,C#Cc1cccc(Nc2ncnc3cc(OC)c(OCCCCCCC(=O)NO)cc23)c1,,,NCGC00263177-04,HIGH,MODERATE,3.6,-4.96,1
,CCNC(=O)c1cc2c(-c3cc(C(C)(C)O)ccc3Oc3c(C)cc(F)cc3C)cn(C)c(=O)c2[nH]1,,CCNC(=O)c1cc2c(-c3cc(C(C)(C)O)ccc3Oc3c(C)cc(F)cc3C)cn(C)c(=O)c2[nH]1,,ABBV-744,,HIGH,HIGH,3.99,-5.14,1
1060.0,CCC(=O)Oc1ccc2c(c1)CCC1C2CCC2(C)C(OC(=O)CC)CCC12,,CCC(=O)Oc1ccc2c(c1)CC[C@@H]1[C@@H]2CC[C@]2(C)[C@@H](OC(=O)CC)CC[C@@H]12,estradiol dipropionate,"17-BETA-ESTRADIOL 3,17-DIPROPIONATE",,LOW,INACTIVE,5.49,-6.36,0
4157.0,COC(=O)C1=C(C)NC(C)=C(C(=O)OC(C)(C)CN(C)CCC(c2ccccc2)c2ccccc2)C1c1cccc([N+](=O)[O-])c1,,COC(=O)C1=C(C)NC(C)=C(C(=O)OC(C)(C)CN(C)CCC(c2ccccc2)c2ccccc2)C1c1cccc([N+](=O)[O-])c1,lercanidipine,Lercanidipine hydrochloride,,MODERATE,LOW,6.42,-6.61,1
3557.0,S=C1SCN(Cc2ccccc2)CN1Cc1ccccc1,,S=C1SCN(Cc2ccccc2)CN1Cc1ccccc1,sulbentine,Sulbentine,,LOW,INACTIVE,3.4,-4.63,0
,CC1(C)CC(=O)c2c(C(F)(F)F)nn(-c3ccc(C(N)=O)c(NC4CCC(OC(=O)CN)CC4)c3)c2C1,,CC1(C)CC(=O)c2c(C(F)(F)F)nn(-c3ccc(C(N)=O)c(NC4CCC(OC(=O)CN)CC4)c3)c2C1,,,NCGC00346640-05,MODERATE,MODERATE,3.15,-4.75,1
,CCOC(=O)Cn1cccc1-c1nc(-c2ccc(OC)cc2)c(-c2ccc(OC)cc2)s1,,CCOC(=O)Cn1cccc1-c1nc(-c2ccc(OC)cc2)c(-c2ccc(OC)cc2)s1,,Pamicogrel,,MODERATE,LOW,5.48,-4.92,1
,CCOc1cc2ncc(C#N)c(Nc3ccc(F)c(Cl)c3)c2cc1NC(=O)C=CCN(C)C,,CCOc1cc2ncc(C#N)c(Nc3ccc(F)c(Cl)c3)c2cc1NC(=O)/C=C/CN(C)C,,Pelitinib,NCGC00263103-02,HIGH,HIGH,4.57,-4.78,1
2384.0,CCC(=O)C1(C)C(C)CC2C3CCC4=CC(=O)C=CC4(C)C3C(O)CC21C,,CCC(=O)[C@@]1(C)[C@H](C)C[C@H]2[C@@H]3CCC4=CC(=O)C=C[C@]4(C)[C@H]3[C@@H](O)C[C@@]21C,rimexolone,Rimexolone,,LOW,INACTIVE,3.66,-4.51,0
2544.0,CCN(CC)CCNC(=O)c1c(C)[nH]c(C=C2C(=O)Nc3ccc(F)cc32)c1C,,CCN(CC)CCNC(=O)c1c(C)[nH]c(/C=C2\C(=O)Nc3ccc(F)cc32)c1C,sunitinib,Sunitinib malate,NCGC00164631-19,HIGH,HIGH,3.24,-4.11,1
,CCC(C(=O)C(C)C(O)C(C)CCc1ccc(C)c(O)c1C(=O)[O-])C1OC(CC)(C2CCC(O)(CC)C(C)O2)CC1C,,CC[C@@H](C(=O)[C@@H](C)[C@@H](O)[C@H](C)CCc1ccc(C)c(O)c1C(=O)[O-])[C@H]1O[C@](CC)([C@H]2CC[C@](O)(CC)[C@H](C)O2)C[C@@H]1C,,,NCGC00095029-08,HIGH,HIGH,4.91,-5.16,1
,COc1cc2ncnc(-n3nc(-c4ccccn4)nc3N)c2cc1OC,,COc1cc2ncnc(-n3nc(-c4ccccn4)nc3N)c2cc1OC,,,NCGC00263099-07,MODERATE,MODERATE,1.96,-3.2,1
,COc1nc(OCc2cccc(-c3ccccc3)c2C)ccc1CNCCNC(C)=O,,COc1nc(OCc2cccc(-c3ccccc3)c2C)ccc1CNCCNC(C)=O,,,NCGC00482810-01,HIGH,LOW,3.8,-5.07,1
4807.0,COC(=O)N(C)c1c(N)nc(-c2nn(Cc3ccccc3F)c3ncccc23)nc1N,,COC(=O)N(C)c1c(N)nc(-c2nn(Cc3ccccc3F)c3ncccc23)nc1N,riociguat,Riociguat,NCGC00379065-03,LOW,INACTIVE,2.27,-3.79,0
,COc1ccc(CNCC(O)COc2ccc3[nH]c(=O)ccc3c2)cc1OC,,COc1ccc(CNCC(O)COc2ccc3[nH]c(=O)ccc3c2)cc1OC,,Toborinone,,LOW,INACTIVE,1.74,-4.16,0
,C=C1C(=O)OC2C1CCC(C)=CCCC1(C)OC21,,C=C1C(=O)O[C@H]2[C@H]1CCC(C)=CCC[C@@]1(C)O[C@@H]21,,,"NCGC00024683-20, NCGC00024683-28",LOW,INACTIVE,3.03,-3.1,0
,Cc1ccc(-n2nc(C(C)(C)C)cc2NC(=O)NCc2cc(F)ccc2Oc2ccc3c(cnn3CCO)c2)cc1,,Cc1ccc(-n2nc(C(C)(C)C)cc2NC(=O)NCc2cc(F)ccc2Oc2ccc3c(cnn3CCO)c2)cc1,,,NCGC00481573-01,MODERATE,LOW,5.35,-5.03,1
343.0,CC#CCC(C)C(O)C=CC1C(O)CC2Oc3c(CCCC(=O)O)cccc3C21,,CC#CCC(C)[C@H](O)/C=C/[C@@H]1[C@H]2c3cccc(CCCC(=O)O)c3O[C@H]2C[C@H]1O,beraprost,Beraprost sodium,,LOW,INACTIVE,3.44,-4.6,0
,COc1ccc2cc1Oc1ccc(cc1)CC1c3c(cc4c(c3Oc3cc5c(cc3OC)CCN(C)C5C2)OCO4)CCN1C,,COc1ccc2cc1Oc1ccc(cc1)C[C@H]1c3c(cc4c(c3Oc3cc5c(cc3OC)CCN(C)[C@@H]5C2)OCO4)CCN1C,,Cepharanthine,,HIGH,HIGH,5.32,-5.1,1
,CCCCCCCCOC(=O)c1cc(O)c(O)c(O)c1,,CCCCCCCCOC(=O)c1cc(O)c(O)c(O)c1,,Octyl gallate,,HIGH,HIGH,4.1,-3.04,1
,CCOc1cc(C(=O)Nc2ccc(Cl)c(-c3nc4ccccc4[nH]3)c2)cc(OCC)c1OCC,,CCOc1cc(C(=O)Nc2ccc(Cl)c(-c3nc4ccccc4[nH]3)c2)cc(OCC)c1OCC,,,NCGC00263210-04,LOW,INACTIVE,5.7,-5.54,0
4322.0,CCOc1nc2cccc(C(=O)OCc3oc(=O)oc3C)c2n1Cc1ccc(-c2ccccc2-c2noc(=O)[nH]2)cc1,,CCOc1nc2cccc(C(=O)OCc3oc(=O)oc3C)c2n1Cc1ccc(-c2ccccc2-c2noc(=O)[nH]2)cc1,azilsartan medoxomil,Azilsartan Medoxomil,,LOW,INACTIVE,4.94,-4.91,0
,CCOC(=O)c1c(NC(=O)c2cc3nc(-c4ccc(OC)cc4)cc(C(F)(F)F)n3n2)sc(C)c1C,,CCOC(=O)c1c(NC(=O)c2cc3nc(-c4ccc(OC)cc4)cc(C(F)(F)F)n3n2)sc(C)c1C,,,NCGC00138198-01,LOW,INACTIVE,4.98,-5.77,0
1314.0,COc1ccc(Cl)cc1C(=O)NCCc1ccc(S(=O)(=O)NC(=O)NC2CCCCC2)cc1,,COc1ccc(Cl)cc1C(=O)NCCc1ccc(S(=O)(=O)NC(=O)NC2CCCCC2)cc1,glibenclamide,Glybenclamide,,LOW,INACTIVE,3.78,-5.38,0
,CCOC(=O)c1cccc(CNc2ccc(N(C)C(=O)Nc3ccccc3)cc2)c1,,CCOC(=O)c1cccc(CNc2ccc(N(C)C(=O)Nc3ccccc3)cc2)c1,,GN6958,,MODERATE,LOW,4.5,-5.42,1
,CCCCCC=CCC=CCCCCCCCC(=O)OCC,,CCCCC/C=C\C/C=C\CCCCCCCC(=O)OCC,,Ethyl linoleate,,LOW,INACTIVE,7.21,-6.87,0
,O=C1NC(=O)C(=Cc2ccc(-c3ccc(F)cc3O)o2)S1,,O=C1NC(=O)/C(=C/c2ccc(-c3ccc(F)cc3O)o2)S1,,,NCGC00185997-11,LOW,INACTIVE,2.71,-3.49,0
,CCCCNc1ncc2c(-c3ccc(CN4CCN(C)CC4)cc3)cn(C3CCC(O)CC3)c2n1,,CCCCNc1ncc2c(-c3ccc(CN4CCN(C)CC4)cc3)cn([C@H]3CC[C@H](O)CC3)c2n1,,,"NCGC00390618-03, NCGC00390618-04",HIGH,MODERATE,4.43,-4.12,1
,COC1CCC(N(C(=O)C2CCC(C)CC2)c2cc(C3=CCCCC3)sc2C(=O)O)CC1,,COC1CCC(N(C(=O)C2CCC(C)CC2)c2cc(C3=CCCCC3)sc2C(=O)O)CC1,,,NCGC00346467-01,LOW,INACTIVE,5.47,-5.68,0
5203.0,CNCc1ccc(-c2[nH]c3cc(F)cc4c3c2CCNC4=O)cc1,,CNCc1ccc(-c2[nH]c3cc(F)cc4c3c2CCNC4=O)cc1,rucaparib,Rucaparib,,LOW,INACTIVE,2.39,-4.45,0
276.0,CCC1OC(=O)C(C)C(OC2CC(C)(OC)C(O)C(C)O2)C(C)C(OC2OC(C)CC(N(C)C)C2O)C(C)(O)CC(C)CN(C)C(C)C(O)C1(C)O,,CC[C@H]1OC(=O)[C@H](C)[C@@H](O[C@H]2C[C@@](C)(OC)[C@@H](O)[C@H](C)O2)[C@H](C)[C@@H](O[C@@H]2O[C@H](C)C[C@H](N(C)C)[C@H]2O)[C@](C)(O)C[C@@H](C)CN(C)[C@H](C)[C@@H](O)[C@]1(C)O,azithromycin,Azithromycin,,LOW,INACTIVE,2.99,-3.16,0
1122.0,C=C1CC2C(CCC3(C)C(=O)CCC23)C2(C)C=CC(=O)C=C12,,C=C1C[C@@H]2[C@H](CC[C@]3(C)C(=O)CC[C@@H]23)[C@@]2(C)C=CC(=O)C=C12,exemestane,Exemestane,NCGC00271596-15,LOW,INACTIVE,2.66,-4.64,0
,Cc1cnc(Nc2ccc(CN3CCOCC3)cc2)nc1Nc1cccc(S(=O)(=O)NC(C)(C)C)c1,,Cc1cnc(Nc2ccc(CN3CCOCC3)cc2)nc1Nc1cccc(S(=O)(=O)NC(C)(C)C)c1,,,NCGC00345846-01,HIGH,MODERATE,3.78,-4.62,1
,CC(C)CCCC(C)C1CCC2C3CC=C4CC(O)CCC4(C)C3CCC12C,,CC(C)CCC[C@@H](C)[C@H]1CC[C@H]2[C@@H]3CC=C4C[C@@H](O)CC[C@]4(C)[C@H]3CC[C@@]21C,,Cholesterol,,LOW,INACTIVE,7.0,-7.14,0
,Cc1cnc(NC(=O)c2cc(S(=O)(=O)N(C)C)ccc2N2CCCC2)s1,,Cc1cnc(NC(=O)c2cc(S(=O)(=O)N(C)C)ccc2N2CCCC2)s1,,ML414,,MODERATE,LOW,2.01,-3.48,1
1095.0,C#CC1(OC(C)=O)CCC2C3CCC4=CC(OC(C)=O)CCC4C3CCC21C,,C#C[C@]1(OC(C)=O)CC[C@H]2[C@@H]3CCC4=C[C@@H](OC(C)=O)CC[C@@H]4[C@H]3CC[C@@]21C,etynodiol,Ethynodiol diacetate,,LOW,INACTIVE,3.99,-4.99,0
,O=C(c1ccc(F)cc1)N1CCCC(c2nc(-c3ccc(F)cc3)no2)C1,,O=C(c1ccc(F)cc1)N1CCC[C@H](c2nc(-c3ccc(F)cc3)no2)C1,,,NCGC00346722-06,LOW,INACTIVE,3.99,-3.61,0
,CC(C)(O)CCc1ccc(OCc2cc(-c3cccc(OC(F)F)c3)c3ncccc3c2)cc1,,CC(C)(O)CCc1ccc(OCc2cc(-c3cccc(OC(F)F)c3)c3ncccc3c2)cc1,,,NCGC00249759-02,MODERATE,LOW,6.17,-6.3,1
,CS(=O)c1ccc(-c2nc(-c3ccc(F)cc3)c(-c3ccncc3)[nH]2)cc1,,CS(=O)c1ccc(-c2nc(-c3ccc(F)cc3)c(-c3ccncc3)[nH]2)cc1,,,NCGC00025035-05,LOW,INACTIVE,3.05,-4.0,0
726.0,COc1cc2c(c(OC)c1OC)-c1ccc(OC)c(=O)cc1C(NC(C)=O)CC2,,COc1cc2c(c(OC)c1OC)-c1ccc(OC)c(=O)cc1[C@@H](NC(C)=O)CC2,colchicine,Colchicine,NCGC00025125-23,MODERATE,HIGH,1.59,-4.16,1
,C=CC(=O)Nc1cc2c(Nc3ccc(F)c(Cl)c3)ncnc2cc1C#CC(C)(C)N1CCN(C)CC1,,C=CC(=O)Nc1cc2c(Nc3ccc(F)c(Cl)c3)ncnc2cc1C#CC(C)(C)N1CCN(C)CC1,,,NCGC00263195-04,HIGH,HIGH,4.29,-4.92,1
,CN1CCCN(C(=O)c2cccc(-c3ccc(C=C4C(=O)Nc5ccc(Cl)cc54)o3)c2)CC1,,CN1CCCN(C(=O)c2cccc(-c3ccc(/C=C4/C(=O)Nc5ccc(Cl)cc54)o3)c2)CC1,,,NCGC00346935-09,HIGH,HIGH,4.35,-4.14,1
2709.0,CN(C)CCOc1ccc(C(=C(CCCl)c2ccccc2)c2ccccc2)cc1,,CN(C)CCOc1ccc(/C(=C(/CCCl)c2ccccc2)c2ccccc2)cc1,toremifene,Toremifene citrate,NCGC00160530-12,HIGH,LOW,6.28,-6.0,1
,CCCCCCCCCCCCCCCC(=O)OCC(O)C1OC(=O)C(O)=C1O,,CCCCCCCCCCCCCCCC(=O)OC[C@H](O)[C@H]1OC(=O)C(O)=C1O,,L-Ascorbyl 6-palmitate,,LOW,INACTIVE,5.23,-4.85,0
4727.0,C=C1C(=CC=C2CCCC3(C)C2CCC3C(C)CCC(O)C(C)C)CC(O)CC1O,,C=C1/C(=C\C=C2/CCC[C@@]3(C)[C@H]2CC[C@@H]3[C@H](C)CC[C@@H](O)C(C)C)C[C@@H](O)C[C@@H]1O,tacalcitol,Tacalcitol,,LOW,INACTIVE,5.35,-4.62,0
2110.0,OC(CN1CCCCC1)c1cc(-c2ccccc2)on1,,OC(CN1CCCCC1)c1cc(-c2ccccc2)on1,perisoxal,Perisoxal citrate,,LOW,INACTIVE,2.63,-3.11,0
,CC1=CC(=C(c2ccc(N)cc2)c2ccc(N)cc2)C=CC1=N,,CC1=CC(=C(c2ccc(N)cc2)c2ccc(N)cc2)C=CC1=N,,C.I. Basic Violet 14,,HIGH,LOW,3.42,-4.63,1
,Clc1cccc(-c2ccc(-c3nnc(CCCc4ccc5cccnc5n4)o3)cc2)c1,,Clc1cccc(-c2ccc(-c3nnc(CCCc4ccc5cccnc5n4)o3)cc2)c1,,,NCGC00350511-01,LOW,INACTIVE,5.43,-4.37,0
,O=C(NCCCNc1nc(Nc2ccc(N3CCOCC3)cc2)ncc1C1CC1)C1CCC1,,O=C(NCCCNc1nc(Nc2ccc(N3CCOCC3)cc2)ncc1C1CC1)C1CCC1,,MRT-68601 hydrochloride,,MODERATE,MODERATE,4.17,-4.11,1
5133.0,CC1(C)CCC(CN2CCN(c3ccc(C(=O)NS(=O)(=O)c4ccc(NCC5CCOCC5)c([N+](=O)[O-])c4)c(Oc4cnc5[nH]ccc5c4)c3)CC2)=C(c2ccc(Cl)cc2)C1,,CC1(C)CCC(CN2CCN(c3ccc(C(=O)NS(=O)(=O)c4ccc(NCC5CCOCC5)c([N+](=O)[O-])c4)c(Oc4cnc5[nH]ccc5c4)c3)CC2)=C(c2ccc(Cl)cc2)C1,venetoclax,Venetoclax (ABT-199),NCGC00345789-16,HIGH,HIGH,6.92,-5.98,1
,N#Cc1c(N)nc(N)nc1NC(c1nc2c(F)ccc(Cl)c2c(=O)n1-c1cccnc1)C1CC1,,N#Cc1c(N)nc(N)nc1N[C@H](c1nc2c(F)ccc(Cl)c2c(=O)n1-c1cccnc1)C1CC1,,,NCGC00510263-01,MODERATE,MODERATE,2.53,-4.09,1
,CC(=O)C1(O)CCC2C3CCC4=CC(=O)CCC4(C)C3(F)C(O)CC21C,,CC(=O)[C@@]1(O)CC[C@H]2[C@@H]3CCC4=CC(=O)CC[C@]4(C)[C@@]3(F)[C@@H](O)C[C@@]21C,,Flugestone,,LOW,INACTIVE,2.05,-3.77,0
,CCNC1(c2cccs2)CCCCC1=O,,CCNC1(c2cccs2)CCCCC1=O,,Tiletamine Hydrochloride,,LOW,INACTIVE,2.58,-3.36,0
,CN(C)c1ccc(Nc2nc(N)n(C(=O)c3c(F)cccc3F)n2)cc1,,CN(C)c1ccc(Nc2nc(N)n(C(=O)c3c(F)cccc3F)n2)cc1,,,NCGC00244250-02,LOW,INACTIVE,3.5,-4.05,0
,NC(=O)CCCCC1CCSS1,,NC(=O)CCCCC1CCSS1,,alpha-Lipoic acid amide,,LOW,INACTIVE,2.3,-3.31,0
2581.0,CCC1OC(=O)C(C)C(=O)C(C)C(OC2OC(C)CC(N(C)C)C2O)C(C)(OC)CC(C)C(=O)C(C)C2N(CCCCn3cnc(-c4cccnc4)c3)C(=O)OC12C,,CC[C@H]1OC(=O)[C@H](C)C(=O)[C@H](C)[C@@H](O[C@@H]2O[C@H](C)C[C@H](N(C)C)[C@H]2O)[C@](C)(OC)C[C@@H](C)C(=O)[C@H](C)[C@H]2N(CCCCn3cnc(-c4cccnc4)c3)C(=O)O[C@]12C,telithromycin,TELITHROMYCIN,NCGC00164575-06,LOW,INACTIVE,3.98,-4.45,0
871.0,CC12CCC3=C4CCC(=O)C=C4CCC3C1CCC2(O)CC#N,,C[C@]12CCC3=C4CCC(=O)C=C4CC[C@H]3[C@@H]1CC[C@@]2(O)CC#N,dienogest,Dienogest,NCGC00346502-06,LOW,INACTIVE,3.38,-3.61,0
,[H]c1nc(C)nc([H])c1-c1cc(NCC(C)c2cccc3c(C(=O)NC)ccnc23)ncn1,,[2H]c1nc(C)nc([2H])c1-c1cc(NC[C@@H](C)c2cccc3c(C(=O)NC)ccnc23)ncn1,,,NCGC00532324-01,LOW,INACTIVE,2.42,-4.77,0
,CN(C)CCNC(=O)COc1c2cccc1Cc1cccc(c1OCC(=O)NCCN(C)C)Cc1cccc(c1OCC(=O)NCCN(C)C)Cc1cccc(c1OCC(=O)NCCN(C)C)C2,,CN(C)CCNC(=O)COc1c2cccc1Cc1cccc(c1OCC(=O)NCCN(C)C)Cc1cccc(c1OCC(=O)NCCN(C)C)Cc1cccc(c1OCC(=O)NCCN(C)C)C2,,,NCGC00386757-02,LOW,INACTIVE,3.98,-4.65,0
,Cc1c(Cl)cccc1NC(=O)N1CCN(Cc2cc(=O)n3nc(-c4ccccc4F)sc3n2)CC1,,Cc1c(Cl)cccc1NC(=O)N1CCN(Cc2cc(=O)n3nc(-c4ccccc4F)sc3n2)CC1,,,NCGC00134146-01,LOW,INACTIVE,3.39,-4.18,0
865.0,O=C(O)Cc1ccccc1Nc1c(Cl)cccc1Cl,,O=C(O)Cc1ccccc1Nc1c(Cl)cccc1Cl,diclofenac,Diclofenac sodium,,LOW,INACTIVE,4.96,-4.82,0
,Nc1nccc(Oc2ccc(NC(=O)c3c[nH]cc(-c4ccc(F)cc4)c3=O)cc2F)c1Cl,,Nc1nccc(Oc2ccc(NC(=O)c3c[nH]cc(-c4ccc(F)cc4)c3=O)cc2F)c1Cl,,,NCGC00263176-03,HIGH,LOW,3.77,-5.53,1
4187.0,CC(Oc1cc(-c2cnn(C3CCNCC3)c2)cnc1N)c1c(Cl)ccc(F)c1Cl,,C[C@@H](Oc1cc(-c2cnn(C3CCNCC3)c2)cnc1N)c1c(Cl)ccc(F)c1Cl,crizotinib,(S)-Crizotinib,NCGC00250400-05,HIGH,HIGH,3.82,-4.86,1
4493.0,CCC(=O)OCC(=O)C1(OC(=O)CC)C(C)CC2C3C(Cl)CC4=CC(=O)C=CC4(C)C3C(O)CC21C,,CCC(=O)OCC(=O)[C@@]1(OC(=O)CC)[C@H](C)C[C@H]2[C@H]3[C@H]([C@@H](O)C[C@@]21C)[C@@]1(C)C=CC(=O)C=C1C[C@H]3Cl,alclometasone dipropionate,Alclometasone dipropionate,,LOW,INACTIVE,3.27,-5.27,0
,CN(C)CC=CC(=O)Nc1ccc(C(=O)N2CCCC(Nc3ncc(Cl)c(-c4c[nH]c5ccccc45)n3)C2)cc1,,CN(C)C/C=C/C(=O)Nc1ccc(C(=O)N2CCC[C@@H](Nc3ncc(Cl)c(-c4c[nH]c5ccccc45)n3)C2)cc1,,,NCGC00510167-01,HIGH,LOW,4.81,-4.94,1
4810.0,C=CC(=O)N1CCCC(n2nc(-c3ccc(Oc4ccccc4)cc3)c3c(N)ncnc32)C1,,C=CC(=O)N1CCC[C@@H](n2nc(-c3ccc(Oc4ccccc4)cc3)c3c(N)ncnc32)C1,ibrutinib,Ibrutinib (PCI-32765),NCGC00187912-13,HIGH,HIGH,2.76,-4.33,1
160.0,Nc1c2ccccc2nc2ccccc12,,Nc1c2ccccc2nc2ccccc12,aminoacridine,"AMINACRINE|9-Aminoacridine, monohydrochloride, monohydrate",,HIGH,HIGH,2.75,-3.41,1
,Cc1[nH]c2ccc(F)cc2c1-c1nc2c3cccnc3c3ncccc3c2[nH]1,,Cc1[nH]c2ccc(F)cc2c1-c1nc2c3cccnc3c3ncccc3c2[nH]1,,,NCGC00484061-01,MODERATE,MODERATE,4.17,-4.73,1
,Cc1ccccc1CN1C(=O)C2=C(CCN(Cc3ccccc3)C2)N2CCN=C12,,Cc1ccccc1CN1C(=O)C2=C(CCN(Cc3ccccc3)C2)N2CCN=C12,,,NCGC00386747-06,MODERATE,LOW,2.47,-3.36,1
,Cc1cccc(CC(=O)N2CCc3c2ccc(-c2cn(C)c4ncnc(N)c24)c3F)n1,,Cc1cccc(CC(=O)N2CCc3c2ccc(-c2cn(C)c4ncnc(N)c24)c3F)n1,,,NCGC00386314-03,HIGH,LOW,2.75,-4.11,1
,O=C(CC12CC3CC(CC(C3)C1)C2)Nc1cccc2nc(NCCNCCO)ccc12,,O=C(CC12CC3CC(CC(C3)C1)C2)Nc1cccc2nc(NCCNCCO)ccc12,,,NCGC00347905-02,LOW,INACTIVE,4.09,-4.91,0
,CC(=O)C1=C(O)C=C2Oc3c(C(C)=O)c(O)c(C)c(O)c3C2(C)C1=O,,CC(=O)C1=C(O)C=C2Oc3c(C(C)=O)c(O)c(C)c(O)c3[C@]2(C)C1=O,,(+)-Usniacin,,MODERATE,LOW,2.34,-3.09,1
,CC(C)C(=O)OCc1cccc(OC(=O)C2N3C(=O)C(NC(=O)Cc4ccccc4)C3SC2(C)C)c1,,CC(C)C(=O)OCc1cccc(OC(=O)[C@@H]2N3C(=O)[C@@H](NC(=O)Cc4ccccc4)[C@H]3SC2(C)C)c1,,Tobicillin,,LOW,INACTIVE,3.87,-5.31,0
,NC(=O)c1c(OCc2c(F)cc(Br)cc2F)nsc1NC(=O)NCCCCN1CCCC1,,NC(=O)c1c(OCc2c(F)cc(Br)cc2F)nsc1NC(=O)NCCCCN1CCCC1,,,NCGC00263100-02,HIGH,HIGH,3.04,-5.07,1
4605.0,CCCCCCCCCCCCCCCC[N+](C)(C)CCN(Cc1ccc(OC)cc1)c1ncccn1,,CCCCCCCCCCCCCCCC[N+](C)(C)CCN(Cc1ccc(OC)cc1)c1ncccn1,tonzonium,Thonzonium bromide,,HIGH,LOW,4.07,-7.48,1
80.0,CCC1(O)CC(OC2CC(N(C)C)C(OC3CC(O)C(OC4CCC(=O)C(C)O4)C(C)O3)C(C)O2)c2c(cc3c(c2O)C(=O)c2c(O)cccc2C3=O)C1C(=O)OC,,CC[C@@]1(O)C[C@H](O[C@H]2C[C@H](N(C)C)[C@H](O[C@H]3C[C@H](O)[C@H](O[C@H]4CCC(=O)[C@H](C)O4)[C@H](C)O3)[C@H](C)O2)c2c(cc3c(c2O)C(=O)c2c(O)cccc2C3=O)[C@H]1C(=O)OC,aclarubicin,Aclarubicin,,MODERATE,LOW,2.79,-3.57,1
,Nc1ccccc1NC(=O)c1ccc(CNc2nccc(-c3cccnc3)n2)cc1,,Nc1ccccc1NC(=O)c1ccc(CNc2nccc(-c3cccnc3)n2)cc1,,Mocetinostat,,HIGH,HIGH,3.01,-4.67,1
1350.0,CCCCN(CCCC)CCC(O)c1cc2c(Cl)cc(Cl)cc2c2cc(C(F)(F)F)ccc12,,CCCCN(CCCC)CCC(O)c1cc2c(Cl)cc(Cl)cc2c2cc(C(F)(F)F)ccc12,halofantrine,Halofantrine,,MODERATE,LOW,7.34,-6.66,1
,c1cc(OCCN2CCCCC2)cc(-c2n[nH]c3ccc(-c4ncn[nH]4)cc23)c1,,c1cc(OCCN2CCCCC2)cc(-c2n[nH]c3ccc(-c4ncn[nH]4)cc23)c1,,,NCGC00345826-04,LOW,INACTIVE,3.88,-4.13,0
1355.0,Clc1cc(Cl)c(OCC#CI)cc1Cl,,Clc1cc(Cl)c(OCC#CI)cc1Cl,haloprogin,Haloprogin,,MODERATE,LOW,4.69,-4.78,1
,Cc1ccc(NC(=O)c2ccc(CN3CCC(N(C)C)C3)c(C(F)(F)F)c2)cc1Nc1ncc(-c2cncnc2)cn1,,Cc1ccc(NC(=O)c2ccc(CN3CC[C@H](N(C)C)C3)c(C(F)(F)F)c2)cc1Nc1ncc(-c2cncnc2)cn1,,,"NCGC00346514-07, NCGC00346514-04",MODERATE,LOW,3.28,-4.87,1
4876.0,O=C(C=Cc1cccc(S(=O)(=O)Nc2ccccc2)c1)NO,,O=C(C=Cc1cccc(S(=O)(=O)Nc2ccccc2)c1)NO,belinostat,Belinostat,,HIGH,HIGH,1.73,-4.05,1
1848.0,CCOc1cc(N)c(Cl)cc1C(=O)NCC1CN(Cc2ccc(F)cc2)CCO1,,CCOc1cc(N)c(Cl)cc1C(=O)NCC1CN(Cc2ccc(F)cc2)CCO1,mosapride,Mosapride citrate,NCGC00160527-12,LOW,INACTIVE,3.14,-4.29,0
,CC(C)(O)c1cc2nc(-c3cnc(N)nc3)nc(N3CCOCC3)c2s1,,CC(C)(O)c1cc2nc(-c3cnc(N)nc3)nc(N3CCOCC3)c2s1,,,NCGC00345838-04,HIGH,HIGH,1.83,-3.81,1
2470.0,O=C(CCCN1CCC2(CC1)C(=O)NCN2c1ccccc1)c1ccc(F)cc1,,O=C(CCCN1CCC2(CC1)C(=O)NCN2c1ccccc1)c1ccc(F)cc1,spiperone,Spiperone,,LOW,INACTIVE,2.86,-3.39,0
,CC(C)c1ccc(Cn2ccc3c4c(N)nc(NC5CC5)nc4ccc32)cc1,,CC(C)c1ccc(Cn2ccc3c4c(N)nc(NC5CC5)nc4ccc32)cc1,,,NCGC00025225-03,HIGH,MODERATE,5.29,-4.59,1
2105.0,CCCN1CC(CSC)CC2c3cccc4[nH]cc(c34)CC21,,CCCN1C[C@H](CSC)C[C@@H]2c3cccc4[nH]cc(c34)C[C@H]21,pergolide,Pergolide methanesulfonate,,LOW,INACTIVE,4.17,-5.73,0
,CN1CCN(c2ccc(-c3cccc(CN4CCOCC4)c3)cc2NC(=O)c2c[nH]c(=O)cc2C(F)(F)F)CC1,,CN1CCN(c2ccc(-c3cccc(CN4CCOCC4)c3)cc2NC(=O)c2c[nH]c(=O)cc2C(F)(F)F)CC1,,,NCGC00371263-02,LOW,INACTIVE,3.91,-4.69,0
,OC1CCC(Oc2cccc3cnc(Nc4ccc5nc[nH]c5c4)nc23)CC1,,O[C@H]1CC[C@@H](Oc2cccc3cnc(Nc4ccc5nc[nH]c5c4)nc23)CC1,,,NCGC00507888-01,MODERATE,MODERATE,3.59,-4.19,1
,O=C(NOCCO)c1cc(CN2OCCCC2=O)c(F)c(F)c1Nc1ccc(I)cc1F,,O=C(NOCCO)c1cc(CN2OCCCC2=O)c(F)c(F)c1Nc1ccc(I)cc1F,,,NCGC00378595-03,MODERATE,MODERATE,3.05,-4.37,1
,O=C(NCc1ccc2c(c1)CCN2C(=O)c1ccccc1)Nc1cccc(C(F)(F)F)c1,,O=C(NCc1ccc2c(c1)CCN2C(=O)c1ccccc1)Nc1cccc(C(F)(F)F)c1,,,NCGC00133280-01,LOW,INACTIVE,4.43,-5.56,0
,Cc1n[nH]cc1-c1cc2nc(C3CC4CCN3CC4)[nH]c(=O)c2s1,,Cc1n[nH]cc1-c1cc2nc([C@@H]3CC4CCN3CC4)[nH]c(=O)c2s1,,,NCGC00521943-01,HIGH,LOW,2.46,-3.58,1
,Cc1cc(OI)c(C(C)C)cc1-c1cc(C(C)C)c(OI)cc1C,,Cc1cc(OI)c(C(C)C)cc1-c1cc(C(C)C)c(OI)cc1C,,Thymol iodide,,LOW,INACTIVE,6.48,-6.48,0
,Nc1ccccc1NC(=O)c1ccc(CNC(=O)OCc2cccnc2)cc1,,Nc1ccccc1NC(=O)c1ccc(CNC(=O)OCc2cccnc2)cc1,,Entinostat,NCGC00165833-10,HIGH,HIGH,2.06,-4.82,1
,NCC(O)(c1ccc(Cl)cc1)c1ccc(-c2cn[nH]c2)cc1,,NC[C@@](O)(c1ccc(Cl)cc1)c1ccc(-c2cn[nH]c2)cc1,,,NCGC00386423-05,HIGH,MODERATE,2.91,-4.12,1
128.0,CN(C)CCc1c[nH]c2ccc(CS(=O)(=O)N3CCCC3)cc12,,CN(C)CCc1c[nH]c2ccc(CS(=O)(=O)N3CCCC3)cc12,almotriptan,Almotriptan,NCGC00095135-12,LOW,INACTIVE,2.0,-3.44,0
,O=C(CCCN1CCN(c2ccccn2)CC1)c1ccc(F)cc1,,O=C(CCCN1CCN(c2ccccn2)CC1)c1ccc(F)cc1,,Azaperone,,LOW,INACTIVE,2.76,-3.15,0
321.0,CCc1oc2ccccc2c1C(=O)c1cc(I)c(O)c(I)c1,,CCc1oc2ccccc2c1C(=O)c1cc(I)c(O)c(I)c1,benziodarone,Benziodarone,,MODERATE,LOW,5.79,-4.57,1
681.0,Oc1c(I)cc(Cl)c2cccnc12,,Oc1c(I)cc(Cl)c2cccnc12,clioquinol,Clioquinol,,HIGH,HIGH,3.67,-3.06,1
3096.0,CC(CCC(=O)O)C1CCC2C3C(O)CC4CC(O)CCC4(C)C3CC(O)C12C,,C[C@H](CCC(=O)O)[C@H]1CC[C@H]2[C@H]3[C@H](C[C@H](O)[C@@]21C)[C@@]1(C)CC[C@@H](O)C[C@H]1C[C@H]3O,cholic acid,Cholic Acid,,LOW,INACTIVE,2.26,-3.77,0
,COc1cc(C(CC(=O)O)c2ccc(C)c(CN3CC(C)Oc4ccccc4S3(=O)=O)c2)cc2nnn(C)c12,,COc1cc([C@@H](CC(=O)O)c2ccc(C)c(CN3C[C@@H](C)Oc4ccccc4S3(=O)=O)c2)cc2nnn(C)c12,,,NCGC00483929-01,LOW,INACTIVE,2.77,-4.74,0
,CCCCOCCOc1ccc(-c2ccc3c(c2)C=C(C(=O)Nc2ccc(S(=O)Cc4cncn4CCC)cc2)CCCN3CC(C)C)cc1,,CCCCOCCOc1ccc(-c2ccc3c(c2)C=C(C(=O)Nc2ccc([S@@](=O)Cc4cncn4CCC)cc2)CCCN3CC(C)C)cc1,,Cenicriviroc Mesylate,,LOW,INACTIVE,6.26,-5.95,0
2600.0,CC(C)(C)c1ccc(C(O)CCCN2CCC(C(O)(c3ccccc3)c3ccccc3)CC2)cc1,,CC(C)(C)c1ccc(C(O)CCCN2CCC(C(O)(c3ccccc3)c3ccccc3)CC2)cc1,terfenadine,Terfenadine,,HIGH,LOW,6.16,-6.02,1
,COC1(c2sc3c(N4CCOCC4)nc(-c4cnc(N)nc4)nc3c2C)COC1,,COC1(c2sc3c(N4CCOCC4)nc(-c4cnc(N)nc4)nc3c2C)COC1,,,NCGC00481572-02,HIGH,HIGH,1.95,-3.88,1
