DC.ID,SMILES_stand,InChI,SMILES,DC.NAME,NCATS.SYNONYMS,NCGC.ID,CoV1-PPE.ACTIVITY,CoV1-PPE.SIGNIFICANCE,logPow {predicted by ochem.eu/model/535 in Log unit},Aqueous Solubility {predicted by ochem.eu/model/536 in log(mol/L)},Label
2209.0,CCn1cc(C(=O)O)c(=O)c2cnc(N3CCCC3)nc21,"InChI=1S/C14H16N4O3/c1-2-17-8-10(13(20)21)11(19)9-7-15-14(16-12(9)17)18-5-3-4-6-18/h7-8H,2-6H2,1H3,(H,20,21)",CCn1cc(C(=O)O)c(=O)c2cnc(N3CCCC3)nc21,piromidic acid,Piromidic acid,,LOW,INACTIVE,0.49,-2.38,0
2268.0,CCCN(CCC)S(=O)(=O)c1ccc(C(=O)O)cc1,"InChI=1S/C13H19NO4S/c1-3-9-14(10-4-2)19(17,18)12-7-5-11(6-8-12)13(15)16/h5-8H,3-4,9-10H2,1-2H3,(H,15,16)",CCCN(CCC)S(=O)(=O)c1ccc(C(=O)O)cc1,probenecid,Probenecid,,LOW,INACTIVE,1.52,-2.83,0
2073.0,Nc1nc(=O)c2c(CCc3ccc(C(=O)NC(CCC(=O)O)C(=O)O)cc3)c[nH]c2[nH]1,"InChI=1S/C20H21N5O6/c21-20-24-16-15(18(29)25-20)12(9-22-16)6-3-10-1-4-11(5-2-10)17(28)23-13(19(30)31)7-8-14(26)27/h1-2,4-5,9,13H,3,6-8H2,(H,23,28)(H,26,27)(H,30,31)(H4,21,22,24,25,29)/t13-/m0/s1",Nc1nc(=O)c2c(CCc3ccc(C(=O)N[C@@H](CCC(=O)O)C(=O)O)cc3)c[nH]c2[nH]1,pemetrexed,Pemetrexed Disodium heptahydrate|Pemetrexed,NCGC00242485-01,LOW,INACTIVE,0.11,-3.97,0
2270.0,CCN(CC)CCNC(=O)c1ccc(N)cc1,"InChI=1S/C13H21N3O/c1-3-16(4-2)10-9-15-13(17)11-5-7-12(14)8-6-11/h5-8H,3-4,9-10,14H2,1-2H3,(H,15,17)",CCN(CC)CCNC(=O)c1ccc(N)cc1,procainamide,Procainamide,"NCGC00015859-10, NCGC00015859-18",LOW,INACTIVE,1.42,-1.89,0
4741.0,COc1nc2ccc(Br)cc2cc1C(c1ccccc1)C(O)(CCN(C)C)c1cccc2ccccc12,"InChI=1S/C32H31BrN2O2/c1-35(2)19-18-32(36,28-15-9-13-22-10-7-8-14-26(22)28)30(23-11-5-4-6-12-23)27-21-24-20-25(33)16-17-29(24)34-31(27)37-3/h4-17,20-21,30,36H,18-19H2,1-3H3/t30-,32-/m1/s1",COc1nc2ccc(Br)cc2cc1[C@@H](c1ccccc1)[C@@](O)(CCN(C)C)c1cccc2ccccc12,bedaquiline,Bedaquiline (TMC-207),NCGC00348215-04,MODERATE,LOW,6.6,-6.46,1
,CC(=O)[O-].CC(=O)[O-].[Al+3].[OH-],"InChI=1S/2C2H4O2.Al.H2O/c2*1-2(3)4;;/h2*1H3,(H,3,4);;1H2/q;;+3;/p-3",CC(=O)O[Al](O)OC(C)=O,,"Aluminum acetate, basic",,MODERATE,INACTIVE,0.21,-1.19,1
,CC(=NO)C(C)NCC(C)(C)CNC(C)C(C)=NO,"InChI=1S/C13H28N4O2/c1-9(11(3)16-18)14-7-13(5,6)8-15-10(2)12(4)17-19/h9-10,14-15,18-19H,7-8H2,1-6H3/b16-11+,17-12+/t9-,10-/m1/s1",C/C(=N\O)[C@@H](C)NCC(C)(C)CN[C@H](C)/C(C)=N/O,,Exametazime,,LOW,INACTIVE,0.59,-3.04,0
3496.0,CCCOc1cc(N)ccc1C(=O)OCCN(CC)CC,"InChI=1S/C16H26N2O3/c1-4-10-20-15-12-13(17)7-8-14(15)16(19)21-11-9-18(5-2)6-3/h7-8,12H,4-6,9-11,17H2,1-3H3",CCCOc1cc(N)ccc1C(=O)OCCN(CC)CC,propoxycaine,PROPOXYCAINE HYDROCHLORIDE,,MODERATE,LOW,2.88,-2.21,1
1437.0,CC(C)(C)NC(=O)C1CN(Cc2cccnc2)CCN1CC(O)CC(Cc1ccccc1)C(=O)NC1c2ccccc2CC1O,"InChI=1S/C36H47N5O4/c1-36(2,3)39-35(45)31-24-40(22-26-12-9-15-37-21-26)16-17-41(31)23-29(42)19-28(18-25-10-5-4-6-11-25)34(44)38-33-30-14-8-7-13-27(30)20-32(33)43/h4-15,21,28-29,31-33,42-43H,16-20,22-24H2,1-3H3,(H,38,44)(H,39,45)/t28-,29+,31+,32-,33+/m1/s1",CC(C)(C)NC(=O)[C@@H]1CN(Cc2cccnc2)CCN1C[C@@H](O)C[C@@H](Cc1ccccc1)C(=O)N[C@H]1c2ccccc2C[C@H]1O,indinavir,Indinavir sulfate|INDINAVIR SULFATE,NCGC00159460-02,LOW,INACTIVE,3.26,-4.11,0
,CCCCCCCCCC=CC=CC=CC=CC=CC(=O)OCC,"InChI=1S/C22H34O2/c1-3-5-6-7-8-9-10-11-12-13-14-15-16-17-18-19-20-21-22(23)24-4-2/h12-21H,3-11H2,1-2H3/b13-12-,15-14-,17-16-,19-18-,21-20-",CCCCCCCCC/C=C\C=C/C=C\C=C/C=C\C(=O)OCC,,Eicosapentaenoic acid ethyl ester,,LOW,INACTIVE,7.3,-7.08,0
958.0,CC1OC(n2cc(F)c(=O)[nH]c2=O)C(O)C1O,"InChI=1S/C9H11FN2O5/c1-3-5(13)6(14)8(17-3)12-2-4(10)7(15)11-9(12)16/h2-3,5-6,8,13-14H,1H3,(H,11,15,16)/t3-,5-,6-,8-/m1/s1",C[C@H]1O[C@@H](n2cc(F)c(=O)[nH]c2=O)[C@H](O)[C@@H]1O,doxifluridine,Doxifluridine,"NCGC00093926-10, NCGC00261222-01, NCGC00093926-04",LOW,MODERATE,-0.77,-0.82,0
395.0,Brc1c(NC2=NCCN2)ccc2nccnc12,"InChI=1S/C11H10BrN5/c12-9-7(17-11-15-5-6-16-11)1-2-8-10(9)14-4-3-13-8/h1-4H,5-6H2,(H2,15,16,17)",Brc1c(NC2=NCCN2)ccc2nccnc12,brimonidine,Brimonidine,NCGC00016069-11,LOW,INACTIVE,1.3,-3.28,0
,CCCCCCOc1ccc(C(=N)N(CCCC)CCCC)c2ccccc12,"InChI=1S/C25H38N2O/c1-4-7-10-13-20-28-24-17-16-23(21-14-11-12-15-22(21)24)25(26)27(18-8-5-2)19-9-6-3/h11-12,14-17,26H,4-10,13,18-20H2,1-3H3",CCCCCCOc1ccc(C(=N)N(CCCC)CCCC)c2ccccc12,,Bunamidine hydrochloride,,HIGH,MODERATE,7.03,-6.62,1
1473.0,CC(=O)N(CC(O)CO)c1c(I)c(C(=O)NCCO)c(I)c(C(=O)NCC(O)CO)c1I,"InChI=1S/C18H24I3N3O8/c1-8(28)24(5-10(30)7-27)16-14(20)11(17(31)22-2-3-25)13(19)12(15(16)21)18(32)23-4-9(29)6-26/h9-10,25-27,29-30H,2-7H2,1H3,(H,22,31)(H,23,32)",CC(=O)N(CC(O)CO)c1c(I)c(C(=O)NCCO)c(I)c(C(=O)NCC(O)CO)c1I,ioxilan,Ioxilan,,LOW,INACTIVE,-2.51,-3.15,0
,COc1ccc(CNCC(O)COc2ccc3[nH]c(=O)ccc3c2)cc1OC,"InChI=1S/C21H24N2O5/c1-26-19-7-3-14(9-20(19)27-2)11-22-12-16(24)13-28-17-5-6-18-15(10-17)4-8-21(25)23-18/h3-10,16,22,24H,11-13H2,1-2H3,(H,23,25)",COc1ccc(CNCC(O)COc2ccc3[nH]c(=O)ccc3c2)cc1OC,,Toborinone,,MODERATE,LOW,1.74,-4.16,1
,COC(=O)Nc1nc2ccc(S(=O)c3ccccc3)cc2[nH]1,"InChI=1S/C15H13N3O3S/c1-21-15(19)18-14-16-12-8-7-11(9-13(12)17-14)22(20)10-5-3-2-4-6-10/h2-9H,1H3,(H2,16,17,18,19)",O=C(OC)Nc1[nH]c2cc(ccc2n1)S(=O)c1ccccc1,,Oxfendazole,"NCGC00095157-04, NCGC00095157-06",LOW,INACTIVE,2.15,-2.91,0
1043.0,CN1CC(C(=O)NC2(C)OC3(O)C4CCCN4C(=O)C(Cc4ccccc4)N3C2=O)C=C2c3cccc4[nH]cc(c34)CC21,"InChI=1S/C33H35N5O5/c1-32(35-29(39)21-15-23-22-10-6-11-24-28(22)20(17-34-24)16-25(23)36(2)18-21)31(41)38-26(14-19-8-4-3-5-9-19)30(40)37-13-7-12-27(37)33(38,42)43-32/h3-6,8-11,15,17,21,25-27,34,42H,7,12-14,16,18H2,1-2H3,(H,35,39)/t21-,25-,26+,27+,32-,33+/m1/s1",CN1C[C@H](C(=O)N[C@]2(C)O[C@@]3(O)[C@@H]4CCCN4C(=O)[C@H](Cc4ccccc4)N3C2=O)C=C2c3cccc4[nH]cc(c34)C[C@H]21,ergotamine,Ergotamine tartrate,,LOW,INACTIVE,2.51,-3.44,0
1291.0,C#CC1(O)C=CC2C3CCC4=CC(=O)CCC4C3CCC21CC,"InChI=1S/C21H26O2/c1-3-20-11-9-17-16-8-6-15(22)13-14(16)5-7-18(17)19(20)10-12-21(20,23)4-2/h2,10,12-13,16-19,23H,3,5-9,11H2,1H3/t16-,17+,18+,19-,20-,21-/m0/s1",C#C[C@]1(O)C=C[C@H]2[C@@H]3CCC4=CC(=O)CC[C@@H]4[C@H]3CC[C@@]21CC,gestodene,Gestodene,"NCGC00263565-06, NCGC00263565-02",HIGH,LOW,3.17,-4.73,1
,C=CCNC(N)=S,"InChI=1S/C4H8N2S/c1-2-3-6-4(5)7/h2H,1,3H2,(H3,5,6,7)",C=CCNC(N)=S,,Allylthiourea,,LOW,INACTIVE,-0.1,-1.22,0
503.0,COC(COC(N)=O)C1=C(N2CC2)C(=O)C(C)=C(N2CC2)C1=O,"InChI=1S/C15H19N3O5/c1-8-11(17-3-4-17)14(20)10(9(22-2)7-23-15(16)21)12(13(8)19)18-5-6-18/h9H,3-7H2,1-2H3,(H2,16,21)",COC(COC(N)=O)C1=C(N2CC2)C(=O)C(C)=C(N2CC2)C1=O,carboquone,Carboquone,,MODERATE,LOW,0.05,-1.29,1
2603.0,CC(CC(c1ccccc1)c1ccccc1)NC(C)(C)C,"InChI=1S/C20H27N/c1-16(21-20(2,3)4)15-19(17-11-7-5-8-12-17)18-13-9-6-10-14-18/h5-14,16,19,21H,15H2,1-4H3",CC(CC(c1ccccc1)c1ccccc1)NC(C)(C)C,terodiline,Terodiline hydrochloride,,MODERATE,MODERATE,5.44,-5.95,1
1534.0,OCC(O)C(O)C(OC1OC(CO)C(O)C(O)C1O)C(O)CO,"InChI=1S/C12H24O11/c13-1-4(16)7(18)11(5(17)2-14)23-12-10(21)9(20)8(19)6(3-15)22-12/h4-21H,1-3H2/t4-,5+,6+,7+,8-,9-,10+,11+,12-/m0/s1",OC[C@H](O)[C@@H](O)[C@H](O[C@@H]1O[C@H](CO)[C@H](O)[C@H](O)[C@H]1O)[C@H](O)CO,lactitol,Lactitol,,LOW,INACTIVE,-3.24,0.04,0
1528.0,CC(C(=O)O)c1cccc(C(=O)c2ccccc2)c1,"InChI=1S/C16H14O3/c1-11(16(18)19)13-8-5-9-14(10-13)15(17)12-6-3-2-4-7-12/h2-11H,1H3,(H,18,19)",CC(C(=O)O)c1cccc(C(=O)c2ccccc2)c1,ketoprofen,Ketoprofen,"NCGC00015578-18, NCGC00015578-07, NCGC00015578-10",MODERATE,MODERATE,3.28,-4.08,1
2707.0,CCC1(O)C(=O)OCc2c1cc1n(c2=O)Cc2cc3c(CN(C)C)c(O)ccc3nc2-1,"InChI=1S/C23H23N3O5/c1-4-23(30)16-8-18-20-12(9-26(18)21(28)15(16)11-31-22(23)29)7-13-14(10-25(2)3)19(27)6-5-17(13)24-20/h5-8,27,30H,4,9-11H2,1-3H3/t23-/m0/s1",CC[C@@]1(O)C(=O)OCc2c1cc1n(c2=O)Cc2cc3c(CN(C)C)c(O)ccc3nc2-1,topotecan,Topotecan hydrochloride,"NCGC00014925-10, NCGC00261590-01, NCGC00014925-07",HIGH,HIGH,1.83,-2.69,1
,CN(C)CCC=C1c2ccccc2COc2ccccc21,"InChI=1S/C19H21NO/c1-20(2)13-7-11-17-16-9-4-3-8-15(16)14-21-19-12-6-5-10-18(17)19/h3-6,8-12H,7,13-14H2,1-2H3/b17-11+",CN(C)CC/C=C1\c2ccccc2COc2ccccc21,,,"NCGC00261024-01, NCGC00024623-04, NCGC00015344-16",HIGH,MODERATE,4.25,-3.94,1
2738.0,NCCNCCNCCN,"InChI=1S/C6H18N4/c7-1-3-9-5-6-10-4-2-8/h9-10H,1-8H2",NCCNCCNCCN,trientine,Triethylenetetramine,,LOW,INACTIVE,-1.84,-0.73,0
1643.0,CN1CCc2c(c3ccccc3n2Cc2ccccc2)C1,"InChI=1S/C19H20N2/c1-20-12-11-19-17(14-20)16-9-5-6-10-18(16)21(19)13-15-7-3-2-4-8-15/h2-10H,11-14H2,1H3",CN1CCc2c(c3ccccc3n2Cc2ccccc2)C1,mebhydrolin,MEBHYDROLIN,,HIGH,MODERATE,3.7,-3.88,1
,CCCCCC(O)C=CC1C(O)CC(O)C1CC=CCCCC(=O)O,"InChI=1S/C20H34O5/c1-2-3-6-9-15(21)12-13-17-16(18(22)14-19(17)23)10-7-4-5-8-11-20(24)25/h4,7,12-13,15-19,21-23H,2-3,5-6,8-11,14H2,1H3,(H,24,25)/b7-4+,13-12+/t15-,16+,17+,18-,19+/m0/s1",CCCCC[C@H](O)/C=C/[C@H]1[C@H](O)C[C@H](O)[C@@H]1C/C=C/CCCC(=O)O,,5-trans Prostaglandin F2?,,LOW,INACTIVE,3.09,-3.49,0
,CC12CCC(=O)C=C1C=CC1C2CCC2(C)C1CCC2(O)CCC(=O)[O-],"InChI=1S/C22H30O4/c1-20-9-5-15(23)13-14(20)3-4-16-17(20)6-10-21(2)18(16)7-11-22(21,26)12-8-19(24)25/h3-4,13,16-18,26H,5-12H2,1-2H3,(H,24,25)/p-1/t16-,17+,18+,20+,21+,22-/m1/s1",C[C@]12CC[C@H]3[C@@H](C=CC4=CC(=O)CC[C@@]43C)[C@@H]1CC[C@@]2(O)CCC(=O)[O-],,,NCGC00179626-05,MODERATE,LOW,2.73,-3.95,1
486.0,CCN(CC)CCOC(=O)C1(c2ccccc2)CCCC1,"InChI=1S/C18H27NO2/c1-3-19(4-2)14-15-21-17(20)18(12-8-9-13-18)16-10-6-5-7-11-16/h5-7,10-11H,3-4,8-9,12-15H2,1-2H3",CCN(CC)CCOC(=O)C1(c2ccccc2)CCCC1,caramiphen,Caramiphen edisylate,,MODERATE,LOW,4.31,-3.82,1
4899.0,COC(=O)NC(C(=O)N1CC2(CC2)CC1c1nc(-c2ccc3c(c2)C(F)(F)c2cc(-c4ccc5[nH]c(C6C7CCC(C7)N6C(=O)C(NC(=O)OC)C(C)C)nc5c4)ccc2-3)c[nH]1)C(C)C,"InChI=1S/C49H54F2N8O6/c1-24(2)39(56-46(62)64-5)44(60)58-23-48(15-16-48)21-38(58)42-52-22-37(55-42)28-9-13-32-31-12-8-26(18-33(31)49(50,51)34(32)19-28)27-10-14-35-36(20-27)54-43(53-35)41-29-7-11-30(17-29)59(41)45(61)40(25(3)4)57-47(63)65-6/h8-10,12-14,18-20,22,24-25,29-30,38-41H,7,11,15-17,21,23H2,1-6H3,(H,52,55)(H,53,54)(H,56,62)(H,57,63)/t29-,30+,38-,39-,40-,41-/m0/s1",COC(=O)N[C@H](C(=O)N1CC2(CC2)C[C@H]1c1nc(-c2ccc3c(c2)C(F)(F)c2cc(-c4ccc5[nH]c([C@@H]6[C@H]7CC[C@H](C7)N6C(=O)[C@@H](NC(=O)OC)C(C)C)nc5c4)ccc2-3)c[nH]1)C(C)C,ledipasvir,Ledipasvir (GS 5885)|Ledipasvir (D-tartrate),"NCGC00386420-01, NCGC00378990-07",LOW,INACTIVE,5.98,-5.36,0
2006.0,Cc1onc(-c2ccccc2)c1C(=O)NC1C(=O)N2C1SC(C)(C)C2C(=O)O,"InChI=1S/C19H19N3O5S/c1-9-11(12(21-27-9)10-7-5-4-6-8-10)15(23)20-13-16(24)22-14(18(25)26)19(2,3)28-17(13)22/h4-8,13-14,17H,1-3H3,(H,20,23)(H,25,26)/t13-,14+,17-/m1/s1",Cc1onc(-c2ccccc2)c1C(=O)N[C@@H]1C(=O)N2[C@@H](C(=O)O)C(C)(C)S[C@H]12,oxacillin,Oxacillin sodium,,LOW,INACTIVE,2.04,-3.67,0
1865.0,CC(C)(C)NCC(O)COc1cccc2c1CC(O)C(O)C2,"InChI=1S/C17H27NO4/c1-17(2,3)18-9-12(19)10-22-16-6-4-5-11-7-14(20)15(21)8-13(11)16/h4-6,12,14-15,18-21H,7-10H2,1-3H3",CC(C)(C)NCC(O)COc1cccc2c1CC(O)C(O)C2,nadolol,Nadolol,,LOW,INACTIVE,1.23,-2.14,0
,O=C1N=C(N2CCOCC2)CN1c1ccc(Cl)cc1,"InChI=1S/C13H14ClN3O2/c14-10-1-3-11(4-2-10)17-9-12(15-13(17)18)16-5-7-19-8-6-16/h1-4H,5-9H2",O=C1N=C(N2CCOCC2)CN1c1ccc(Cl)cc1,,AWD 131-138,NCGC00371144-03,MODERATE,LOW,1.0,-2.41,1
228.0,CN1CCc2cccc3c2C1Cc1ccc(O)c(O)c1-3,"InChI=1S/C17H17NO2/c1-18-8-7-10-3-2-4-12-15(10)13(18)9-11-5-6-14(19)17(20)16(11)12/h2-6,13,19-20H,7-9H2,1H3/t13-/m1/s1",CN1CCc2cccc3c2[C@H]1Cc1ccc(O)c(O)c1-3,apomorphine,Apomorphine,,MODERATE,MODERATE,2.51,-2.72,1
,CC(C)CN(CC(O)C(Cc1ccccc1)NC(=O)OC1COC2OCCC12)S(=O)(=O)c1ccc(N)cc1,"InChI=1S/C27H37N3O7S/c1-18(2)15-30(38(33,34)21-10-8-20(28)9-11-21)16-24(31)23(14-19-6-4-3-5-7-19)29-27(32)37-25-17-36-26-22(25)12-13-35-26/h3-11,18,22-26,31H,12-17H2,1-2H3,(H3-,28,29,32,33,34)/t22-,23-,24+,25-,26+/m0/s1",CC(C)CN(C[C@@H](O)[C@H](Cc1ccccc1)NC(=O)O[C@H]1CO[C@H]2OCC[C@@H]12)[S+](=O)([O-])c1ccc(N)cc1,,Darunavir (Ethanolate),,LOW,INACTIVE,1.7,-3.91,0
2060.0,CC(=O)OCC(=O)C1(O)C(C)CC2C3CC(F)C4=CC(=O)C=CC4(C)C3C(O)CC21C,"InChI=1S/C24H31FO6/c1-12-7-16-15-9-18(25)17-8-14(27)5-6-22(17,3)21(15)19(28)10-23(16,4)24(12,30)20(29)11-31-13(2)26/h5-6,8,12,15-16,18-19,21,28,30H,7,9-11H2,1-4H3/t12-,15+,16+,18+,19+,21-,22+,23+,24+/m1/s1",CC(=O)OCC(=O)[C@@]1(O)[C@H](C)C[C@H]2[C@@H]3C[C@H](F)C4=CC(=O)C=C[C@]4(C)[C@H]3[C@@H](O)C[C@@]21C,paramethasone acetate,Paramethasone acetate,,LOW,INACTIVE,2.0,-4.26,0
2519.0,COc1cc(NS(=O)(=O)c2ccc(N)cc2)ncn1,"InChI=1S/C11H12N4O3S/c1-18-11-6-10(13-7-14-11)15-19(16,17)9-4-2-8(12)3-5-9/h2-7H,12H2,1H3,(H,13,14,15)",COc1cc(NS(=O)(=O)c2ccc(N)cc2)ncn1,sulfamonomethoxine,Sulfamonomethoxine,,MODERATE,HIGH,0.44,-2.91,1
1128.0,CC(=O)OCC(CCn1cnc2cnc(N)nc21)COC(C)=O,"InChI=1S/C14H19N5O4/c1-9(20)22-6-11(7-23-10(2)21)3-4-19-8-17-12-5-16-14(15)18-13(12)19/h5,8,11H,3-4,6-7H2,1-2H3,(H2,15,16,18)",CC(=O)OCC(CCn1cnc2cnc(N)nc21)COC(C)=O,famciclovir,Famciclovir,"NCGC00261478-01, NCGC00095133-04",LOW,INACTIVE,0.13,-2.39,0
,Cc1cc(C(=C2C=CC(=N)C=C2)c2ccc(N)cc2)ccc1N,"InChI=1S/C20H19N3/c1-13-12-16(6-11-19(13)23)20(14-2-7-17(21)8-3-14)15-4-9-18(22)10-5-15/h2-12,21H,22-23H2,1H3/b20-14-,21-17?",Cc1cc(C(=C2C=CC(=N)C=C2)c2ccc(N)cc2)ccc1N,,C.I. Basic Violet 14,,HIGH,LOW,3.24,-4.93,1
1634.0,CNCCCC12CCC(c3ccccc31)c1ccccc12,"InChI=1S/C20H23N/c1-21-14-6-12-20-13-11-15(16-7-2-4-9-18(16)20)17-8-3-5-10-19(17)20/h2-5,7-10,15,21H,6,11-14H2,1H3",CNCCCC12CCC(c3ccccc31)c1ccccc12,maprotiline,Maprotiline hydrochloride,"NCGC00015708-19, NCGC00015708-10, NCGC00015708-17",HIGH,MODERATE,4.91,-6.27,1
272.0,CC1=C(C(=O)OC(C)C)C(c2cccc([N+](=O)[O-])c2)C(C(=O)OC2CN(C(c3ccccc3)c3ccccc3)C2)=C(N)N1,"InChI=1S/C33H34N4O6/c1-20(2)42-32(38)27-21(3)35-31(34)29(28(27)24-15-10-16-25(17-24)37(40)41)33(39)43-26-18-36(19-26)30(22-11-6-4-7-12-22)23-13-8-5-9-14-23/h4-17,20,26,28,30,35H,18-19,34H2,1-3H3",CC1=C(C(=O)OC(C)C)C(c2cccc([N+](=O)[O-])c2)C(C(=O)OC2CN(C(c3ccccc3)c3ccccc3)C2)=C(N)N1,azelnidipine,Azelnidipine,,HIGH,LOW,5.12,-5.86,1
250.0,COC1C(O)C(N)C(OC2OC(C(C)N)CCC2N)C(O)C1N(C)C(=O)CN,"InChI=1S/C17H35N5O6/c1-7(19)9-5-4-8(20)17(27-9)28-15-11(21)13(24)16(26-3)12(14(15)25)22(2)10(23)6-18/h7-9,11-17,24-25H,4-6,18-21H2,1-3H3/t7-,8+,9-,11-,12-,13-,14+,15+,16+,17+/m0/s1",CO[C@H]1[C@@H](O)[C@H](N)[C@@H](O[C@H]2O[C@H]([C@H](C)N)CC[C@H]2N)[C@H](O)[C@@H]1N(C)C(=O)CN,astromicin,Astromicin,,MODERATE,LOW,-1.77,-1.27,1
2531.0,O=C1OC(c2ccc(O)c(S(=O)(=O)O)c2)(c2ccc(O)c(S(=O)(=O)O)c2)c2c(Br)c(Br)c(Br)c(Br)c21,"InChI=1S/C20H10Br4O10S2/c21-15-13-14(16(22)18(24)17(15)23)20(34-19(13)27,7-1-3-9(25)11(5-7)35(28,29)30)8-2-4-10(26)12(6-8)36(31,32)33/h1-6,25-26H,(H,28,29,30)(H,31,32,33)",O=C1OC(c2ccc(O)c(S(=O)(=O)O)c2)(c2ccc(O)c(S(=O)(=O)O)c2)c2c(Br)c(Br)c(Br)c(Br)c21,sulfobromophthalein,Sulfobromophthalein,,LOW,INACTIVE,1.03,-5.01,0
2199.0,CC(C)(C)NCC(O)c1ccc(O)c(CO)n1,"InChI=1S/C12H20N2O3/c1-12(2,3)13-6-11(17)8-4-5-10(16)9(7-15)14-8/h4-5,11,13,15-17H,6-7H2,1-3H3",CC(C)(C)NCC(O)c1ccc(O)c(CO)n1,pirbuterol,Pirbuterol hydrochloride,,MODERATE,MODERATE,0.38,-1.59,1
,CCCC(=O)OC1(C(=O)CC)CCC2C3CCC4=CC(=O)CCC4(C)C3C(O)CC21C,"InChI=1S/C26H38O5/c1-5-7-22(30)31-26(21(29)6-2)13-11-19-18-9-8-16-14-17(27)10-12-24(16,3)23(18)20(28)15-25(19,26)4/h14,18-20,23,28H,5-13,15H2,1-4H3/t18-,19-,20-,23+,24-,25-,26-/m0/s1",CCCC(=O)O[C@]1(C(=O)CC)CC[C@H]2[C@@H]3CCC4=CC(=O)CC[C@]4(C)[C@H]3[C@@H](O)C[C@@]21C,,Resocortol butyrate,,MODERATE,LOW,4.0,-4.9,1
3972.0,CCC(C)C1OC2(CCC1C)CC1CC(CC=C(C)C(OC3CC(OC)C(OC4CC(OC)C(O)C(C)O4)C(C)O3)C(C)C=CC=C3COC4C(O)C(C)=CC(C(=O)O1)C34O)O2,"InChI=1S/C48H74O14/c1-11-25(2)43-28(5)17-18-47(62-43)23-34-20-33(61-47)16-15-27(4)42(26(3)13-12-14-32-24-55-45-40(49)29(6)19-35(46(51)58-34)48(32,45)52)59-39-22-37(54-10)44(31(8)57-39)60-38-21-36(53-9)41(50)30(7)56-38/h12-15,19,25-26,28,30-31,33-45,49-50,52H,11,16-18,20-24H2,1-10H3/b13-12-,27-15-,32-14-/t25-,26+,28+,30+,31+,33-,34+,35+,36+,37+,38+,39+,40-,41+,42+,43-,44+,45-,47-,48-/m1/s1",CC[C@@H](C)[C@H]1O[C@]2(CC[C@@H]1C)C[C@@H]1C[C@@H](C/C=C(\C)[C@@H](O[C@H]3C[C@H](OC)[C@@H](O[C@H]4C[C@H](OC)[C@@H](O)[C@H](C)O4)[C@H](C)O3)[C@@H](C)/C=C/C=C3\CO[C@@H]4[C@H](O)C(C)=C[C@@H](C(=O)O1)[C@]34O)O2,ivermectin,Ivermectin,NCGC00094047-03,MODERATE,MODERATE,,-5.15,1
,CC1CCCCN1CCCOC(=O)c1ccccc1,"InChI=1S/C16H23NO2/c1-14-8-5-6-11-17(14)12-7-13-19-16(18)15-9-3-2-4-10-15/h2-4,9-10,14H,5-8,11-13H2,1H3",CC1CCCCN1CCCOC(=O)c1ccccc1,,Piperocaine hydrochloride,,MODERATE,LOW,3.35,-3.1,1
2480.0,CC(C)(C)C(O)C=Cc1ccc2c(c1)OCO2,"InChI=1S/C14H18O3/c1-14(2,3)13(15)7-5-10-4-6-11-12(8-10)17-9-16-11/h4-8,13,15H,9H2,1-3H3/b7-5+",CC(C)(C)C(O)C=Cc1ccc2c(c1)OCO2,stiripentol,Stiripentol,NCGC00185769-01,MODERATE,LOW,3.01,-2.77,1
,CC(C)NC1CCn2c(=O)[nH]c3cccc(c32)C1O,"InChI=1S/C14H19N3O2/c1-8(2)15-11-6-7-17-12-9(13(11)18)4-3-5-10(12)16-14(17)19/h3-5,8,11,13,15,18H,6-7H2,1-2H3,(H,16,19)/t11-,13-/m1/s1",CC(C)N[C@@H]1CCn2c(=O)[nH]c3cccc(c32)[C@H]1O,,ZilpaterolÂ·HCl,NCGC00346470-01,MODERATE,MODERATE,0.3,-2.11,1
2036.0,CCCCC1C(=O)N(c2ccccc2)N(c2ccc(O)cc2)C1=O,"InChI=1S/C19H20N2O3/c1-2-3-9-17-18(23)20(14-7-5-4-6-8-14)21(19(17)24)15-10-12-16(22)13-11-15/h4-8,10-13,17,22H,2-3,9H2,1H3",CCCCC1C(=O)N(c2ccccc2)N(c2ccc(O)cc2)C1=O,oxyphenbutazone,Oxyphenbutazone,,HIGH,LOW,2.79,-3.09,1
,Cc1c(Nc2ncccc2C(=O)O)cccc1C(F)(F)F,"InChI=1S/C14H11F3N2O2/c1-8-10(14(15,16)17)5-2-6-11(8)19-12-9(13(20)21)4-3-7-18-12/h2-7H,1H3,(H,18,19)(H,20,21)",Cc1c(Nc2ncccc2C(=O)O)cccc1C(F)(F)F,,Flunixin meglumine,,LOW,INACTIVE,4.35,-3.88,0
2782.0,CC(C)(C)NCC(O)c1ccccc1Cl,"InChI=1S/C12H18ClNO/c1-12(2,3)14-8-11(15)9-6-4-5-7-10(9)13/h4-7,11,14-15H,8H2,1-3H3",CC(C)(C)NCC(O)c1ccccc1Cl,tulobuterol,Tulobuterol hydrochloride,NCGC00016034-03,LOW,INACTIVE,2.95,-2.81,0
,CCN1CCCC1=O,"InChI=1S/C6H11NO/c1-2-7-5-3-4-6(7)8/h2-5H2,1H3",CCN1CCCC1=O,,1-Ethyl-2-pyrrolidinone,,LOW,INACTIVE,0.13,0.74,0
904.0,CC#CC1(O)CCC2C3CC(C)C4=CC(=O)CCC4(C)C3CCC21C,"InChI=1S/C23H32O2/c1-5-9-23(25)12-8-19-17-13-15(2)20-14-16(24)6-10-21(20,3)18(17)7-11-22(19,23)4/h14-15,17-19,25H,6-8,10-13H2,1-4H3/t15-,17+,18-,19-,21+,22-,23-/m0/s1",CC#C[C@]1(O)CC[C@H]2[C@@H]3C[C@H](C)C4=CC(=O)CC[C@]4(C)[C@H]3CC[C@@]21C,dimethisterone,Dimethisteron,,HIGH,HIGH,4.78,-5.28,1
1545.0,CC1(C)OCC(COC(=O)CCc2ccc(OCC(O)CNCCNC(=O)N3CCOCC3)cc2)O1,"InChI=1S/C25H39N3O8/c1-25(2)35-18-22(36-25)17-34-23(30)8-5-19-3-6-21(7-4-19)33-16-20(29)15-26-9-10-27-24(31)28-11-13-32-14-12-28/h3-4,6-7,20,22,26,29H,5,8-18H2,1-2H3,(H,27,31)/t20-,22+/m0/s1",CC1(C)OC[C@@H](COC(=O)CCc2ccc(OC[C@@H](O)CNCCNC(=O)N3CCOCC3)cc2)O1,landiolol,Landiolol hydrochloride,,LOW,INACTIVE,0.44,-3.18,0
1387.0,CCN(CC)CC(=O)OCC(=O)C1(O)CCC2C3CCC4=CC(=O)CCC4(C)C3C(O)CC21C,"InChI=1S/C27H41NO6/c1-5-28(6-2)15-23(32)34-16-22(31)27(33)12-10-20-19-8-7-17-13-18(29)9-11-25(17,3)24(19)21(30)14-26(20,27)4/h13,19-21,24,30,33H,5-12,14-16H2,1-4H3/t19-,20-,21-,24+,25-,26-,27-/m0/s1",CCN(CC)CC(=O)OCC(=O)[C@@]1(O)CC[C@H]2[C@@H]3CCC4=CC(=O)CC[C@]4(C)[C@H]3[C@@H](O)C[C@@]21C,hydrocortamate,Hydrocortamate,,LOW,INACTIVE,2.82,-3.74,0
546.0,CON=C(C(=O)NC1C(=O)N2C(C(=O)O)=C(COC(C)=O)CSC12)c1csc(N)n1,"InChI=1S/C16H17N5O7S2/c1-6(22)28-3-7-4-29-14-10(13(24)21(14)11(7)15(25)26)19-12(23)9(20-27-2)8-5-30-16(17)18-8/h5,10,14H,3-4H2,1-2H3,(H2,17,18)(H,19,23)(H,25,26)/b20-9-/t10-,14-/m1/s1",CO/N=C(\C(=O)N[C@@H]1C(=O)N2C(C(=O)O)=C(COC(C)=O)CS[C@H]12)c1csc(N)n1,cefotaxime,Cefotaxime sodium salt,,MODERATE,INACTIVE,0.13,-3.49,1
336.0,NS(=O)(=O)c1cc2c(cc1Cl)NC(Cc1ccccc1)NS2(=O)=O,"InChI=1S/C14H14ClN3O4S2/c15-10-7-11-13(8-12(10)23(16,19)20)24(21,22)18-14(17-11)6-9-4-2-1-3-5-9/h1-5,7-8,14,17-18H,6H2,(H2,16,19,20)",NS(=O)(=O)c1cc2c(cc1Cl)NC(Cc1ccccc1)NS2(=O)=O,benzylhydrochlorothiazide,Benzylhydrochlorothiazide,,MODERATE,MODERATE,1.31,-3.34,1
5256.0,COc1c(OCCCN2CCOCC2)ccc2c1N=C(NC(=O)c1cnc(N)nc1)N1CCN=C21,"InChI=1S/C23H28N8O4/c1-33-19-17(35-10-2-6-30-8-11-34-12-9-30)4-3-16-18(19)28-23(31-7-5-25-20(16)31)29-21(32)15-13-26-22(24)27-14-15/h3-4,13-14H,2,5-12H2,1H3,(H2,24,26,27)(H,28,29,32)",COc1c(OCCCN2CCOCC2)ccc2c1N=C(NC(=O)c1cnc(N)nc1)N1CCN=C21,copanlisib,Copanlisib,"NCGC00346457-03, NCGC00346457-04, NCGC00346457-01",HIGH,MODERATE,1.0,-3.32,1
4195.0,CC(=O)Oc1c(C)c(C)c2c(c1C)CCC(C)(CCCC(C)CCCC(C)CCCC(C)C)O2,"InChI=1S/C31H52O3/c1-21(2)13-10-14-22(3)15-11-16-23(4)17-12-19-31(9)20-18-28-26(7)29(33-27(8)32)24(5)25(6)30(28)34-31/h21-23H,10-20H2,1-9H3/t22-,23-,31-/m1/s1",CC(=O)Oc1c(C)c(C)c2c(c1C)CC[C@@](C)(CCC[C@H](C)CCC[C@H](C)CCCC(C)C)O2,alpha-tocopherol acetate,dl-alpha-Tocopheryl acetate,,LOW,INACTIVE,9.18,-8.21,0
2529.0,Cc1noc(NS(=O)(=O)c2ccc(N)cc2)c1C,"InChI=1S/C11H13N3O3S/c1-7-8(2)13-17-11(7)14-18(15,16)10-5-3-9(12)4-6-10/h3-6,14H,12H2,1-2H3",Cc1noc(NS(=O)(=O)c2ccc(N)cc2)c1C,sulfafurazole,Sulfisoxazole,NCGC00016384-14,LOW,INACTIVE,1.14,-2.93,0
1113.0,Cc1ccc(-c2ncc(Cl)cc2-c2ccc(S(C)(=O)=O)cc2)cn1,"InChI=1S/C18H15ClN2O2S/c1-12-3-4-14(10-20-12)18-17(9-15(19)11-21-18)13-5-7-16(8-6-13)24(2,22)23/h3-11H,1-2H3",Cc1ccc(-c2ncc(Cl)cc2-c2ccc(S(C)(=O)=O)cc2)cn1,etoricoxib,Etoricoxib,NCGC00164578-06,LOW,MODERATE,3.7,-5.04,0
1176.0,O=C(NCC1CCCCN1)c1cc(OCC(F)(F)F)ccc1OCC(F)(F)F,"InChI=1S/C17H20F6N2O3/c18-16(19,20)9-27-12-4-5-14(28-10-17(21,22)23)13(7-12)15(26)25-8-11-3-1-2-6-24-11/h4-5,7,11,24H,1-3,6,8-10H2,(H,25,26)",O=C(NCC1CCCCN1)c1cc(OCC(F)(F)F)ccc1OCC(F)(F)F,flecainide,Flecainide acetate,"NCGC00015443-22, NCGC00015443-06",LOW,INACTIVE,2.98,-4.13,0
4317.0,C[n+]1c2cc(N)ccc2cc2ccc(N)cc21,"InChI=1S/C14H13N3/c1-17-13-7-11(15)4-2-9(13)6-10-3-5-12(16)8-14(10)17/h2-8H,1H3,(H3,15,16)/p+1",C[n+]1c2cc(N)ccc2cc2ccc(N)cc21,euflavine,Acriflavine hydrochloride,,HIGH,MODERATE,-1.69,-5.2,1
948.0,Oc1ccc(CCNCCCCCCNCCc2ccccc2)cc1O,"InChI=1S/C22H32N2O2/c25-21-11-10-20(18-22(21)26)13-17-24-15-7-2-1-6-14-23-16-12-19-8-4-3-5-9-19/h3-5,8-11,18,23-26H,1-2,6-7,12-17H2",Oc1ccc(CCNCCCCCCNCCc2ccccc2)cc1O,dopexamine,Dopexamine,,LOW,INACTIVE,3.75,-5.17,0
975.0,CC(=O)C1CCC2C3C=CC4=CC(=O)CCC4(C)C3CCC12C,"InChI=1S/C21H28O2/c1-13(22)17-6-7-18-16-5-4-14-12-15(23)8-10-20(14,2)19(16)9-11-21(17,18)3/h4-5,12,16-19H,6-11H2,1-3H3/t16-,17+,18-,19+,20+,21+/m0/s1",CC(=O)[C@H]1CC[C@H]2[C@@H]3C=CC4=CC(=O)CC[C@@]4(C)[C@@H]3CC[C@]12C,dydrogesterone,Dydrogesterone,NCGC00179445-04,MODERATE,MODERATE,3.35,-4.81,1
,CCCCCCC(CCC)C(=O)O,"InChI=1S/C11H22O2/c1-3-5-6-7-9-10(8-4-2)11(12)13/h10H,3-9H2,1-2H3,(H,12,13)/t10-/m1/s1",CCCCCC[C@@H](CCC)C(=O)O,,(2R)-2-Propyloctanoic acid,,LOW,INACTIVE,3.94,-3.31,0
,C=C1C(=CC=C2CCCC3(C)C2CCC3C(C)C=CC=CC(O)(CC)CC)CC(O)CC1O,"InChI=1S/C30H46O3/c1-6-30(33,7-2)18-9-8-11-21(3)26-15-16-27-23(12-10-17-29(26,27)5)13-14-24-19-25(31)20-28(32)22(24)4/h8-9,11,13-14,18,21,25-28,31-33H,4,6-7,10,12,15-17,19-20H2,1-3,5H3/b11-8+,18-9+,23-13+,24-14-/t21-,25-,26-,27+,28+,29-/m1/s1",C=C1/C(=C\C=C2/CCC[C@@]3(C)[C@H]2CC[C@@H]3[C@H](C)/C=C/C=C/C(O)(CC)CC)C[C@@H](O)C[C@@H]1O,,,NCGC00378634-01,LOW,INACTIVE,6.58,-5.11,0
2794.0,CCCCCCCC(=O)CCC1C(O)CC(O)C1CC=CCCCC(=O)OC(C)C,"InChI=1S/C25H44O5/c1-4-5-6-7-10-13-20(26)16-17-22-21(23(27)18-24(22)28)14-11-8-9-12-15-25(29)30-19(2)3/h8,11,19,21-24,27-28H,4-7,9-10,12-18H2,1-3H3/b11-8-/t21-,22-,23+,24-/m1/s1",CCCCCCCC(=O)CC[C@H]1[C@H](O)C[C@H](O)[C@@H]1C/C=C\CCCC(=O)OC(C)C,unoprostone isopropyl,Unoprostone isopropyl ester,,LOW,MODERATE,5.19,-4.84,0
2173.0,CC(NC(=NC#N)Nc1ccncc1)C(C)(C)C,"InChI=1S/C13H19N5/c1-10(13(2,3)4)17-12(16-9-14)18-11-5-7-15-8-6-11/h5-8,10H,1-4H3,(H2,15,16,17,18)",CC(NC(=NC#N)Nc1ccncc1)C(C)(C)C,pinacidil,PINACIDIL,"NCGC00025188-08, NCGC00263652-01",HIGH,LOW,2.47,-3.29,1
4242.0,COc1ccc(C(=O)CC(=O)c2ccc(C(C)(C)C)cc2)cc1,"InChI=1S/C20H22O3/c1-20(2,3)16-9-5-14(6-10-16)18(21)13-19(22)15-7-11-17(23-4)12-8-15/h5-12H,13H2,1-4H3",COc1ccc(C(=O)CC(=O)c2ccc(C(C)(C)C)cc2)cc1,avobenzone,Avobenzone,"NCGC00095112-07, NCGC00095112-04",LOW,INACTIVE,4.98,-5.7,0
1005.0,CCOC(=O)C(CCc1ccccc1)NC(C)C(=O)N1CCCC1C(=O)O,"InChI=1S/C20H28N2O5/c1-3-27-20(26)16(12-11-15-8-5-4-6-9-15)21-14(2)18(23)22-13-7-10-17(22)19(24)25/h4-6,8-9,14,16-17,21H,3,7,10-13H2,1-2H3,(H,24,25)/t14-,16-,17-/m0/s1",CCOC(=O)[C@H](CCc1ccccc1)N[C@@H](C)C(=O)N1CCC[C@H]1C(=O)O,enalapril,Enalapril maleate,"NCGC00021569-20, NCGC00021569-08",LOW,INACTIVE,0.09,-3.25,0
1052.0,CCC(=O)OC1C(OC2C(C)C(OC3CC(C)(OC)C(O)C(C)O3)C(C)C(=O)OC(CC)C(C)(O)C(O)C(C)C(=O)C(C)CC2(C)O)OC(C)CC1N(C)C,"InChI=1S/C40H71NO14/c1-15-27-40(11,48)33(44)22(5)30(43)20(3)18-38(9,47)35(55-37-32(53-28(42)16-2)26(41(12)13)17-21(4)50-37)23(6)31(24(7)36(46)52-27)54-29-19-39(10,49-14)34(45)25(8)51-29/h20-27,29,31-35,37,44-45,47-48H,15-19H2,1-14H3/t20-,21-,22+,23+,24-,25+,26+,27-,29+,31+,32-,33-,34+,35-,37+,38-,39-,40-/m1/s1",CCC(=O)O[C@H]1[C@H](O[C@@H]2[C@@H](C)[C@H](O[C@H]3C[C@@](C)(OC)[C@@H](O)[C@H](C)O3)[C@@H](C)C(=O)O[C@H](CC)[C@@](C)(O)[C@H](O)[C@@H](C)C(=O)[C@H](C)C[C@@]2(C)O)O[C@H](C)C[C@@H]1N(C)C,erythromycin propionate,Erythromycin propionate,,MODERATE,LOW,3.23,-3.63,1
2078.0,CC(C)(C)NCC(O)COc1ccccc1C1CCCC1,"InChI=1S/C18H29NO2/c1-18(2,3)19-12-15(20)13-21-17-11-7-6-10-16(17)14-8-4-5-9-14/h6-7,10-11,14-15,19-20H,4-5,8-9,12-13H2,1-3H3/t15-/m0/s1",CC(C)(C)NC[C@H](O)COc1ccccc1C1CCCC1,penbutolol,Penbutolol sulfate,,HIGH,MODERATE,3.85,-4.14,1
1421.0,O=P1(NCCCl)OCCCN1CCCl,"InChI=1S/C7H15Cl2N2O2P/c8-2-4-10-14(12)11(6-3-9)5-1-7-13-14/h1-7H2,(H,10,12)",O=P1(NCCCl)OCCCN1CCCl,ifosfamide,Ifomide,"NCGC00179435-05, NCGC00179435-07",LOW,INACTIVE,0.57,-1.25,0
1083.0,CCc1cc(C(N)=S)ccn1,"InChI=1S/C8H10N2S/c1-2-7-5-6(8(9)11)3-4-10-7/h3-5H,2H2,1H3,(H2,9,11)",CCc1cc(C(N)=S)ccn1,ethionamide,Ethionamide,"NCGC00016497-13, NCGC00016497-08",LOW,INACTIVE,1.88,-2.29,0
2316.0,NC(=O)C1CCCN1C(=O)C(Cc1c[nH]cn1)NC(=O)C1CCC(=O)N1,"InChI=1S/C16H22N6O4/c17-14(24)12-2-1-5-22(12)16(26)11(6-9-7-18-8-19-9)21-15(25)10-3-4-13(23)20-10/h7-8,10-12H,1-6H2,(H2,17,24)(H,18,19)(H,20,23)(H,21,25)/t10-,11-,12-/m0/s1",NC(=O)[C@@H]1CCCN1C(=O)[C@H](Cc1c[nH]cn1)NC(=O)[C@@H]1CCC(=O)N1,protirelin,PROTIRELIN,,LOW,INACTIVE,-1.47,-1.95,0
1086.0,CCN(CC)C(C)CN1c2ccccc2Sc2ccccc21,"InChI=1S/C19H24N2S/c1-4-20(5-2)15(3)14-21-16-10-6-8-12-18(16)22-19-13-9-7-11-17(19)21/h6-13,15H,4-5,14H2,1-3H3",CCN(CC)C(C)CN1c2ccccc2Sc2ccccc21,profenamine,Ethopropazine hydrochloride,NCGC00178860-03,MODERATE,MODERATE,5.88,-4.78,1
312.0,O=C(CCCN1CCC(n2c(=O)[nH]c3ccccc32)CC1)c1ccc(F)cc1,"InChI=1S/C22H24FN3O2/c23-17-9-7-16(8-10-17)21(27)6-3-13-25-14-11-18(12-15-25)26-20-5-2-1-4-19(20)24-22(26)28/h1-2,4-5,7-10,18H,3,6,11-15H2,(H,24,28)",O=C(CCCN1CCC(n2c(=O)[nH]c3ccccc32)CC1)c1ccc(F)cc1,benperidol,Benperidol,,MODERATE,MODERATE,3.52,-3.38,1
1179.0,COC1(NC(=O)CSC(F)F)C(=O)N2C(C(=O)O)=C(CSc3nnnn3CCO)COC21,"InChI=1S/C15H18F2N6O7S2/c1-29-15(18-8(25)6-31-13(16)17)11(28)23-9(10(26)27)7(4-30-12(15)23)5-32-14-19-20-21-22(14)2-3-24/h12-13,24H,2-6H2,1H3,(H,18,25)(H,26,27)/t12-,15+/m1/s1",CO[C@@]1(NC(=O)CSC(F)F)C(=O)N2C(C(=O)O)=C(CSc3nnnn3CCO)CO[C@@H]21,flomoxef,Flomoxef,,LOW,INACTIVE,-0.6,-2.61,0
3572.0,COc1cc(O)c(C(=O)c2ccccc2)cc1S(=O)(=O)O,"InChI=1S/C14H12O6S/c1-20-12-8-11(15)10(7-13(12)21(17,18)19)14(16)9-5-3-2-4-6-9/h2-8,15H,1H3,(H,17,18,19)",COc1cc(O)c(C(=O)c2ccccc2)cc1S(=O)(=O)O,sulisobenzone,Sulisobenzone,,LOW,INACTIVE,0.39,-3.16,0
2197.0,NC(=O)CN1CCCC1=O,"InChI=1S/C6H10N2O2/c7-5(9)4-8-3-1-2-6(8)10/h1-4H2,(H2,7,9)",NC(=O)CN1CCCC1=O,piracetam,Piracetam,NCGC00015821-07,MODERATE,MODERATE,-1.58,0.53,1
1228.0,C[N+]1(CCF)C2CCC1CC(OC(=O)C(O)(c1ccccc1)c1ccccc1)C2,"InChI=1S/C24H29FNO3/c1-26(15-14-25)20-12-13-21(26)17-22(16-20)29-23(27)24(28,18-8-4-2-5-9-18)19-10-6-3-7-11-19/h2-11,20-22,28H,12-17H2,1H3/q+1/t20-,21+,22+,26+",C[N@@+]1(CCF)[C@H]2CC[C@@H]1C[C@H](OC(=O)C(O)(c1ccccc1)c1ccccc1)C2,flutropium,Flutropium bromide,,MODERATE,MODERATE,1.84,-6.23,1
4606.0,CC1CC2C3CC(F)C4=CC(=O)C=CC4(C)C3(Cl)C(O)CC2(C)C1C(=O)COC(=O)C(C)(C)C,"InChI=1S/C27H36ClFO5/c1-14-9-16-17-11-19(29)18-10-15(30)7-8-26(18,6)27(17,28)21(32)12-25(16,5)22(14)20(31)13-34-23(33)24(2,3)4/h7-8,10,14,16-17,19,21-22,32H,9,11-13H2,1-6H3/t14-,16+,17+,19+,21+,22-,25+,26+,27+/m1/s1",C[C@@H]1C[C@H]2[C@@H]3C[C@H](F)C4=CC(=O)C=C[C@]4(C)[C@@]3(Cl)[C@@H](O)C[C@]2(C)[C@H]1C(=O)COC(=O)C(C)(C)C,clocortolone pivalate,Clocortolone pivalate,,MODERATE,LOW,4.14,-5.68,1
1706.0,CCC1(c2cccc(O)c2)CCCCN(C)C1,"InChI=1S/C15H23NO/c1-3-15(9-4-5-10-16(2)12-15)13-7-6-8-14(17)11-13/h6-8,11,17H,3-5,9-10,12H2,1-2H3",CCC1(c2cccc(O)c2)CCCCN(C)C1,meptazinol,Meptazinol hydrochloride,,LOW,INACTIVE,3.75,-2.81,0
2435.0,O=C1NCCN1CCN1CCC(c2cn(-c3ccc(F)cc3)c3ccc(Cl)cc23)CC1,"InChI=1S/C24H26ClFN4O/c25-18-1-6-23-21(15-18)22(16-30(23)20-4-2-19(26)3-5-20)17-7-10-28(11-8-17)13-14-29-12-9-27-24(29)31/h1-6,15-17H,7-14H2,(H,27,31)",O=C1NCCN1CCN1CCC(c2cn(-c3ccc(F)cc3)c3ccc(Cl)cc23)CC1,sertindole,Sertindole,,HIGH,MODERATE,4.3,-4.66,1
1829.0,COc1ccc(-c2noc(CC(=O)O)c2-c2ccc(OC)cc2)cc1,"InChI=1S/C19H17NO5/c1-23-14-7-3-12(4-8-14)18-16(11-17(21)22)25-20-19(18)13-5-9-15(24-2)10-6-13/h3-10H,11H2,1-2H3,(H,21,22)",COc1ccc(-c2noc(CC(=O)O)c2-c2ccc(OC)cc2)cc1,mofezolac,Mofezolac,,MODERATE,LOW,3.56,-3.84,1
786.0,COc1cccc2c1C(=O)c1c(O)c3c(c(O)c1C2=O)CC(O)(C(C)=O)CC3OC1CC(N)C(O)C(C)O1,"InChI=1S/C27H29NO10/c1-10-22(30)14(28)7-17(37-10)38-16-9-27(35,11(2)29)8-13-19(16)26(34)21-20(24(13)32)23(31)12-5-4-6-15(36-3)18(12)25(21)33/h4-6,10,14,16-17,22,30,32,34-35H,7-9,28H2,1-3H3/t10-,14-,16-,17-,22+,27-/m0/s1",COc1cccc2c1C(=O)c1c(O)c3c(c(O)c1C2=O)C[C@@](O)(C(C)=O)C[C@@H]3O[C@H]1C[C@H](N)[C@H](O)[C@H](C)O1,daunorubicin,Daunorubicin,"NCGC00024246-16, NCGC00024246-13",HIGH,MODERATE,1.68,-2.93,1
,O=C(O)C(O)C(O)C(O)C(O)C(=O)O,"InChI=1S/C6H10O8/c7-1(3(9)5(11)12)2(8)4(10)6(13)14/h1-4,7-10H,(H,11,12)(H,13,14)/t1-,2+,3+,4-",O=C(O)[C@@H](O)[C@H](O)[C@H](O)[C@@H](O)C(=O)O,,Mucic acid,,LOW,INACTIVE,-1.77,-0.52,0
4721.0,O=C(NC1CCN(CCCCC2(C(=O)NCC(F)(F)F)c3ccccc3-c3ccccc32)CC1)c1ccccc1-c1ccc(C(F)(F)F)cc1,"InChI=1S/C39H37F6N3O2/c40-38(41,42)25-46-36(50)37(33-13-5-3-10-30(33)31-11-4-6-14-34(31)37)21-7-8-22-48-23-19-28(20-24-48)47-35(49)32-12-2-1-9-29(32)26-15-17-27(18-16-26)39(43,44)45/h1-6,9-18,28H,7-8,19-25H2,(H,46,50)(H,47,49)",O=C(NC1CCN(CCCCC2(C(=O)NCC(F)(F)F)c3ccccc3-c3ccccc32)CC1)c1ccccc1-c1ccc(C(F)(F)F)cc1,lomitapide,Lomitapide,NCGC00386364-05,HIGH,LOW,7.18,-6.89,1
1225.0,CCC(=O)OC1(C(=O)SCF)C(C)CC2C3CC(F)C4=CC(=O)C=CC4(C)C3(F)C(O)CC21C,"InChI=1S/C25H31F3O5S/c1-5-20(31)33-25(21(32)34-12-26)13(2)8-15-16-10-18(27)17-9-14(29)6-7-22(17,3)24(16,28)19(30)11-23(15,25)4/h6-7,9,13,15-16,18-19,30H,5,8,10-12H2,1-4H3/t13-,15+,16+,18+,19+,22+,23+,24+,25+/m1/s1",CCC(=O)O[C@]1(C(=O)SCF)[C@H](C)C[C@H]2[C@@H]3C[C@H](F)C4=CC(=O)C=C[C@]4(C)[C@@]3(F)[C@@H](O)C[C@@]21C,fluticasone propionate,Fluticasone propionate,"NCGC00179308-13, NCGC00179308-05",LOW,INACTIVE,3.7,-4.64,0
,CCCc1ncc(C[n+]2ccccc2C)c(N)n1,"InChI=1S/C14H19N4/c1-3-6-13-16-9-12(14(15)17-13)10-18-8-5-4-7-11(18)2/h4-5,7-9H,3,6,10H2,1-2H3,(H2,15,16,17)/q+1",CCCc1ncc(C[n+]2ccccc2C)c(N)n1,,,"NCGC00263460-01, NCGC00017020-06",LOW,INACTIVE,-1.45,-4.2,0
4191.0,CC(C)C(=O)Oc1ccc(CO)cc1C(CCN(C(C)C)C(C)C)c1ccccc1,"InChI=1S/C26H37NO3/c1-18(2)26(29)30-25-13-12-21(17-28)16-24(25)23(22-10-8-7-9-11-22)14-15-27(19(3)4)20(5)6/h7-13,16,18-20,23,28H,14-15,17H2,1-6H3/t23-/m1/s1",CC(C)C(=O)Oc1ccc(CO)cc1[C@H](CCN(C(C)C)C(C)C)c1ccccc1,fesoterodine,FESOTERODINE FUMARATE,"NCGC00346540-02, NCGC00346540-01",HIGH,LOW,5.45,-5.3,1
,NC(Cc1c[nH]c2ccccc12)C(=O)O,"InChI=1S/C11H12N2O2/c12-9(11(14)15)5-7-6-13-10-4-2-1-3-8(7)10/h1-4,6,9,13H,5,12H2,(H,14,15)/t9-/m1/s1",O=C(O)[C@H](N)Cc1c[nH]c2ccccc12,,d-Tryptophan,,LOW,INACTIVE,-0.91,-2.18,0
,CCCCC(CC)COC(=O)c1ccc(Nc2nc(Nc3ccc(C(=O)OCC(CC)CCCC)cc3)nc(Nc3ccc(C(=O)OCC(CC)CCCC)cc3)n2)cc1,"InChI=1S/C48H66N6O6/c1-7-13-16-34(10-4)31-58-43(55)37-19-25-40(26-20-37)49-46-52-47(50-41-27-21-38(22-28-41)44(56)59-32-35(11-5)17-14-8-2)54-48(53-46)51-42-29-23-39(24-30-42)45(57)60-33-36(12-6)18-15-9-3/h19-30,34-36H,7-18,31-33H2,1-6H3,(H3,49,50,51,52,53,54)",CCCCC(CC)COC(=O)c1ccc(Nc2nc(Nc3ccc(C(=O)OCC(CC)CCCC)cc3)nc(Nc3ccc(C(=O)OCC(CC)CCCC)cc3)n2)cc1,,,NCGC00183599-01,LOW,INACTIVE,9.02,-6.73,0
,CC12CCC(=O)C=C1CCC1C2CCC2(C)C(OC(=O)CCc3ccccc3)CCC12,"InChI=1S/C28H36O3/c1-27-16-14-21(29)18-20(27)9-10-22-23-11-12-25(28(23,2)17-15-24(22)27)31-26(30)13-8-19-6-4-3-5-7-19/h3-7,18,22-25H,8-17H2,1-2H3/t22-,23-,24-,25-,27-,28-/m0/s1",C[C@]12CC[C@H]3[C@@H](CCC4=CC(=O)CC[C@@]43C)[C@@H]1CC[C@@H]2OC(=O)CCc1ccccc1,,Testosterone 17-phenylpropionate,,LOW,INACTIVE,4.61,-6.17,0
2646.0,NC(Cc1cc(I)c(Oc2cc(I)c(O)c(I)c2)c(I)c1)C(=O)O,"InChI=1S/C15H11I4NO4/c16-8-4-7(5-9(17)13(8)21)24-14-10(18)1-6(2-11(14)19)3-12(20)15(22)23/h1-2,4-5,12,21H,3,20H2,(H,22,23)/t12-/m0/s1",N[C@@H](Cc1cc(I)c(Oc2cc(I)c(O)c(I)c2)c(I)c1)C(=O)O,levothyroxine,L-Thyroxine,"NCGC00164336-06, NCGC00164336-05, NCGC00094852-03",LOW,INACTIVE,1.37,-4.94,0
581.0,O=C(O)COCCN1CCN(C(c2ccccc2)c2ccc(Cl)cc2)CC1,"InChI=1S/C21H25ClN2O3/c22-19-8-6-18(7-9-19)21(17-4-2-1-3-5-17)24-12-10-23(11-13-24)14-15-27-16-20(25)26/h1-9,21H,10-16H2,(H,25,26)",O=C(O)COCCN1CCN(C(c2ccccc2)c2ccc(Cl)cc2)CC1,cetirizine,CETIRIZINE HYDROCHLORIDE,"NCGC00261047-01, NCGC00167781-07, NCGC00263567-01",LOW,INACTIVE,2.8,-3.77,0
,CCC(C(=O)O)C1OC(C(C)C(O)C(C)C(=O)C(CC)C2OC3(C=CC(O)C4(CCC(C)(C5CCC(O)(CC)C(C)O5)O4)O3)C(C)CC2C)C(C)CC1C,"InChI=1S/C43H72O11/c1-12-30(35(46)27(8)34(45)28(9)36-23(4)21-24(5)37(51-36)31(13-2)39(47)48)38-25(6)22-26(7)42(52-38)18-15-32(44)43(54-42)20-19-40(11,53-43)33-16-17-41(49,14-3)29(10)50-33/h15,18,23-34,36-38,44-45,49H,12-14,16-17,19-22H2,1-11H3,(H,47,48)/t23-,24-,25-,26+,27-,28-,29-,30-,31+,32+,33+,34+,36+,37+,38-,40-,41+,42-,43-/m0/s1",CC[C@@H](C(=O)[C@@H](C)[C@@H](O)[C@H](C)[C@@H]1O[C@@H]([C@@H](CC)C(=O)O)[C@@H](C)C[C@@H]1C)[C@H]1O[C@]2(C=C[C@@H](O)[C@]3(CC[C@@](C)([C@H]4CC[C@](O)(CC)[C@H](C)O4)O3)O2)[C@H](C)C[C@@H]1C,,Narasin,,HIGH,MODERATE,,-5.51,1
2208.0,CCN1CCC(=C2c3ccccc3CCc3ccccc32)C1C,"InChI=1S/C22H25N/c1-3-23-15-14-19(16(23)2)22-20-10-6-4-8-17(20)12-13-18-9-5-7-11-21(18)22/h4-11,16H,3,12-15H2,1-2H3",CCN1CCC(=C2c3ccccc3CCc3ccccc32)C1C,piroheptine,Piroheptine Hydrochloride,,MODERATE,MODERATE,5.46,-4.5,1
2280.0,CCCN(CCC)C(=O)C(CCC(=O)OCCCN1CCN(CCOC(=O)Cc2c(C)n(C(=O)c3ccc(Cl)cc3)c3ccc(OC)cc23)CC1)NC(=O)c1ccccc1,"InChI=1S/C46H58ClN5O8/c1-5-21-51(22-6-2)46(57)40(48-44(55)34-11-8-7-9-12-34)18-20-42(53)59-29-10-23-49-24-26-50(27-25-49)28-30-60-43(54)32-38-33(3)52(41-19-17-37(58-4)31-39(38)41)45(56)35-13-15-36(47)16-14-35/h7-9,11-17,19,31,40H,5-6,10,18,20-30,32H2,1-4H3,(H,48,55)",CCCN(CCC)C(=O)C(CCC(=O)OCCCN1CCN(CCOC(=O)Cc2c(C)n(C(=O)c3ccc(Cl)cc3)c3ccc(OC)cc23)CC1)NC(=O)c1ccccc1,proglumetacin,Proglumetacin,,HIGH,LOW,5.91,-5.86,1
,C=CC1(C)CC(OC(=O)CSCCN(CC)CC)C2(C)C(C)CCC3(CCC(=O)C32)C(C)C1O,"InChI=1S/C28H47NO4S/c1-8-26(6)17-22(33-23(31)18-34-16-15-29(9-2)10-3)27(7)19(4)11-13-28(20(5)25(26)32)14-12-21(30)24(27)28/h8,19-20,22,24-25,32H,1,9-18H2,2-7H3/t19?,20-,22+,24-,25-,26+,27-,28-/m0/s1",C=C[C@]1(C)C[C@@H](OC(=O)CSCCN(CC)CC)[C@]2(C)C(C)CC[C@]3(CCC(=O)[C@H]32)[C@@H](C)[C@@H]1O,,Tiamulin,,HIGH,HIGH,4.47,-5.97,1
4061.0,CC(C)(C)NCC(O)COc1nsnc1N1CCOCC1,"InChI=1S/C13H24N4O3S/c1-13(2,3)14-8-10(18)9-20-12-11(15-21-16-12)17-4-6-19-7-5-17/h10,14,18H,4-9H2,1-3H3/t10-/m0/s1",CC(C)(C)NC[C@H](O)COc1nsnc1N1CCOCC1,timolol,(S)-Timolol,NCGC00016798-07,LOW,INACTIVE,1.44,-3.07,0
1151.0,CCCCC(O)c1ccccc1,"InChI=1S/C11H16O/c1-2-3-9-11(12)10-7-5-4-6-8-10/h4-8,11-12H,2-3,9H2,1H3",CCCCC(O)c1ccccc1,fenipentol,Fenipentol,,MODERATE,LOW,3.05,-2.44,1
1188.0,Nc1nc(=O)[nH]cc1F,"InChI=1S/C4H4FN3O/c5-2-1-7-4(9)8-3(2)6/h1H,(H3,6,7,8,9)",Nc1nc(=O)[nH]cc1F,flucytosine,Flucytosine,"NCGC00016599-10, NCGC00016599-05",LOW,INACTIVE,-0.69,-1.78,0
414.0,CC(C)(S)C(=O)NC(CS)C(=O)O,"InChI=1S/C7H13NO3S2/c1-7(2,13)6(11)8-4(3-12)5(9)10/h4,12-13H,3H2,1-2H3,(H,8,11)(H,9,10)/t4-/m0/s1",CC(C)(S)C(=O)N[C@@H](CS)C(=O)O,bucillamine,Bucillamine,,LOW,INACTIVE,0.86,-2.54,0
1963.0,C#CC1(OC(C)=O)CCC2C3CCC4=CC(=O)CCC4C3CCC21C,"InChI=1S/C22H28O3/c1-4-22(25-14(2)23)12-10-20-19-7-5-15-13-16(24)6-8-17(15)18(19)9-11-21(20,22)3/h1,13,17-20H,5-12H2,2-3H3/t17-,18+,19+,20-,21-,22-/m0/s1",C#C[C@]1(OC(C)=O)CC[C@H]2[C@@H]3CCC4=CC(=O)CC[C@@H]4[C@H]3CC[C@@]21C,norethindrone acetate,NORETHINDRONE ACETATE,,MODERATE,LOW,3.58,-4.8,1
3952.0,N=C(N)NN=Cc1c(Cl)cccc1Cl,"InChI=1S/C8H8Cl2N4/c9-6-2-1-3-7(10)5(6)4-13-14-8(11)12/h1-4H,(H4,11,12,14)/b13-4+",N=C(N)N/N=C/c1c(Cl)cccc1Cl,guanabenz,Guanabenz,NCGC00024846-05,MODERATE,MODERATE,1.69,-3.3,1
198.0,CC1(C)SC2C(NC(=O)C(N)c3ccccc3)C(=O)N2C1C(=O)O,"InChI=1S/C16H19N3O4S/c1-16(2)11(15(22)23)19-13(21)10(14(19)24-16)18-12(20)9(17)8-6-4-3-5-7-8/h3-7,9-11,14H,17H2,1-2H3,(H,18,20)(H,22,23)/t9-,10-,11+,14-/m1/s1",CC1(C)S[C@@H]2[C@H](NC(=O)[C@H](N)c3ccccc3)C(=O)N2[C@H]1C(=O)O,ampicillin,AMPICILLIN SODIUM,NCGC00178944-03,LOW,MODERATE,1.05,-2.76,0
562.0,Nc1nc(C(=CCC(=O)O)C(=O)NC2C(=O)N3C(C(=O)O)=CCSC23)cs1,"InChI=1S/C15H14N4O6S2/c16-15-17-7(5-27-15)6(1-2-9(20)21)11(22)18-10-12(23)19-8(14(24)25)3-4-26-13(10)19/h1,3,5,10,13H,2,4H2,(H2,16,17)(H,18,22)(H,20,21)(H,24,25)/b6-1-/t10-,13-/m1/s1",Nc1nc(/C(=C/CC(=O)O)C(=O)N[C@@H]2C(=O)N3C(C(=O)O)=CCS[C@H]23)cs1,ceftibuten,CEFTIBUTEN,,LOW,INACTIVE,0.31,-3.76,0
4493.0,CCC(=O)OCC(=O)C1(OC(=O)CC)C(C)CC2C3C(Cl)CC4=CC(=O)C=CC4(C)C3C(O)CC21C,"InChI=1S/C28H37ClO7/c1-6-22(33)35-14-21(32)28(36-23(34)7-2)15(3)10-18-24-19(29)12-16-11-17(30)8-9-26(16,4)25(24)20(31)13-27(18,28)5/h8-9,11,15,18-20,24-25,31H,6-7,10,12-14H2,1-5H3/t15-,18+,19-,20+,24-,25+,26+,27+,28+/m1/s1",CCC(=O)OCC(=O)[C@@]1(OC(=O)CC)[C@H](C)C[C@H]2[C@H]3[C@H]([C@@H](O)C[C@@]21C)[C@@]1(C)C=CC(=O)C=C1C[C@H]3Cl,alclometasone dipropionate,Alclometasone dipropionate,,LOW,INACTIVE,3.27,-5.27,0
1817.0,CCCCC(C)(O)CC=CC1C(O)CC(=O)C1CCCCCCC(=O)OC,"InChI=1S/C22H38O5/c1-4-5-14-22(2,26)15-10-12-18-17(19(23)16-20(18)24)11-8-6-7-9-13-21(25)27-3/h10,12,17-18,20,24,26H,4-9,11,13-16H2,1-3H3/b12-10+/t17-,18-,20-,22?/m1/s1",CCCCC(C)(O)C/C=C/[C@H]1[C@H](O)CC(=O)[C@@H]1CCCCCCC(=O)OC,misoprostol,Misoprostol,,MODERATE,MODERATE,3.87,-4.4,1
305.0,NS(=O)(=O)c1cc2c(cc1C(F)(F)F)NC(Cc1ccccc1)NS2(=O)=O,"InChI=1S/C15H14F3N3O4S2/c16-15(17,18)10-7-11-13(8-12(10)26(19,22)23)27(24,25)21-14(20-11)6-9-4-2-1-3-5-9/h1-5,7-8,14,20-21H,6H2,(H2,19,22,23)",NS(=O)(=O)c1cc2c(cc1C(F)(F)F)NC(Cc1ccccc1)NS2(=O)=O,bendroflumethiazide,Bendroflumethiazide,,LOW,INACTIVE,1.84,-3.3,0
707.0,Clc1ccc(C(OCCN2CCCCC2)c2ccccc2)cc1,"InChI=1S/C20H24ClNO/c21-19-11-9-18(10-12-19)20(17-7-3-1-4-8-17)23-16-15-22-13-5-2-6-14-22/h1,3-4,7-12,20H,2,5-6,13-16H2",Clc1ccc(C(OCCN2CCCCC2)c2ccccc2)cc1,cloperastine,Cloperastine hydrochloride,,MODERATE,MODERATE,5.08,-5.64,1
1765.0,O=C1CCC2(O)C3Cc4ccc(O)c5c4C2(CCN3CC2CC2)C1O5,"InChI=1S/C20H23NO4/c22-13-4-3-12-9-15-20(24)6-5-14(23)18-19(20,16(12)17(13)25-18)7-8-21(15)10-11-1-2-11/h3-4,11,15,18,22,24H,1-2,5-10H2/t15-,18+,19+,20-/m1/s1",O=C1CC[C@@]2(O)[C@H]3Cc4ccc(O)c5c4[C@@]2(CCN3CC2CC2)[C@H]1O5,naltrexone,Naltrexone hydrochloride,"NCGC00024427-09, NCGC00024427-03",LOW,INACTIVE,2.07,-2.05,0
559.0,CC(C)(ON=C(C(=O)NC1C(=O)N2C(C(=O)O)=C(C[n+]3ccccc3)CSC12)c1csc(N)n1)C(=O)O,"InChI=1S/C22H22N6O7S2/c1-22(2,20(33)34)35-26-13(12-10-37-21(23)24-12)16(29)25-14-17(30)28-15(19(31)32)11(9-36-18(14)28)8-27-6-4-3-5-7-27/h3-7,10,14,18H,8-9H2,1-2H3,(H4-,23,24,25,29,31,32,33,34)/p+1/b26-13-/t14-,18-/m1/s1",CC(C)(O/N=C(\C(=O)N[C@@H]1C(=O)N2C(C(=O)O)=C(C[n+]3ccccc3)CS[C@H]12)c1csc(N)n1)C(=O)O,ceftazidime,Ceftazidime,,LOW,INACTIVE,-1.13,-5.11,0
,CC12C(=O)OC(=O)C1(C)C1CCC2O1,"InChI=1S/C10H12O4/c1-9-5-3-4-6(13-5)10(9,2)8(12)14-7(9)11/h5-6H,3-4H2,1-2H3/t5?,6?,9-,10+",C[C@]12C(=O)OC(=O)[C@@]1(C)C1CCC2O1,,Cantharidin,,HIGH,HIGH,1.1,-1.07,1
972.0,CNCCC(Oc1cccc2ccccc12)c1cccs1,"InChI=1S/C18H19NOS/c1-19-12-11-17(18-10-5-13-21-18)20-16-9-4-7-14-6-2-3-8-15(14)16/h2-10,13,17,19H,11-12H2,1H3/t17-/m0/s1",CNCC[C@H](Oc1cccc2ccccc12)c1cccs1,duloxetine,Duloxetine hydrochloride,NCGC00164559-04,HIGH,MODERATE,4.72,-5.01,1
2159.0,CNC(=O)Oc1ccc2c(c1)C1(C)CCN(C)C1N2C,"InChI=1S/C15H21N3O2/c1-15-7-8-17(3)13(15)18(4)12-6-5-10(9-11(12)15)20-14(19)16-2/h5-6,9,13H,7-8H2,1-4H3,(H,16,19)/t13-,15+/m1/s1",CNC(=O)Oc1ccc2c(c1)[C@]1(C)CCN(C)[C@@H]1N2C,physostigmine,Physostigmine,"NCGC00093889-13, NCGC00093889-08",LOW,INACTIVE,1.65,-2.44,0
2769.0,COC1CC(OC2C(C)C(=O)OC(C)C(C)C(OC(C)=O)C(C)C(=O)C3(CO3)CC(C)C(OC3OC(C)CC(N(C)C)C3OC(C)=O)C2C)OC(C)C1OC(C)=O,"InChI=1S/C41H67NO15/c1-19-17-41(18-49-41)38(46)23(5)34(53-27(9)43)21(3)25(7)52-39(47)24(6)35(56-32-16-31(48-14)36(26(8)51-32)54-28(10)44)22(4)33(19)57-40-37(55-29(11)45)30(42(12)13)15-20(2)50-40/h19-26,30-37,40H,15-18H2,1-14H3/t19-,20+,21-,22+,23+,24+,25+,26-,30-,31-,32-,33-,34-,35-,36-,37+,40-,41+/m0/s1",CO[C@H]1C[C@H](O[C@@H]2[C@@H](C)C(=O)O[C@H](C)[C@H](C)[C@H](OC(C)=O)[C@@H](C)C(=O)[C@]3(CO3)C[C@H](C)[C@H](O[C@@H]3O[C@H](C)C[C@H](N(C)C)[C@H]3OC(C)=O)[C@H]2C)O[C@@H](C)[C@@H]1OC(C)=O,troleandomycin,Troleandomycin,,MODERATE,LOW,3.75,-4.63,1
,CC(C)(S)C(N)C(=O)O,"InChI=1S/C5H11NO2S/c1-5(2,9)3(6)4(7)8/h3,9H,6H2,1-2H3,(H,7,8)/t3-/m1/s1",CC(C)(S)[C@H](N)C(=O)O,,L-Penicillamine,,MODERATE,LOW,-1.7,-1.51,1
1451.0,CC(=O)N(CC(C)C(=O)O)c1c(I)cc(I)c(N)c1I,"InChI=1S/C12H13I3N2O3/c1-5(12(19)20)4-17(6(2)18)11-8(14)3-7(13)10(16)9(11)15/h3,5H,4,16H2,1-2H3,(H,19,20)",CC(=O)N(CC(C)C(=O)O)c1c(I)cc(I)c(N)c1I,iocetamic acid,Iocetamic acid,,LOW,LOW,3.15,-4.06,0
3181.0,CC12CCC3C(CCC4CC5SC5CC43C)C1CCC2O,"InChI=1S/C19H30OS/c1-18-8-7-14-12(13(18)5-6-17(18)20)4-3-11-9-15-16(21-15)10-19(11,14)2/h11-17,20H,3-10H2,1-2H3/t11-,12-,13-,14-,15-,16+,17-,18-,19-/m0/s1",C[C@]12CC[C@H]3[C@@H](CC[C@H]4C[C@@H]5S[C@@H]5C[C@@]43C)[C@@H]1CC[C@@H]2O,epitiostanol,Epitiostanol,,LOW,INACTIVE,4.38,-5.69,0
527.0,Cn1nnnc1SCC1=C(C(=O)O)N2C(=O)C(NC(=O)C(O)c3ccccc3)C2SC1,"InChI=1S/C18H18N6O5S2/c1-23-18(20-21-22-23)31-8-10-7-30-16-11(15(27)24(16)12(10)17(28)29)19-14(26)13(25)9-5-3-2-4-6-9/h2-6,11,13,16,25H,7-8H2,1H3,(H,19,26)(H,28,29)/t11-,13-,16-/m1/s1",Cn1nnnc1SCC1=C(C(=O)O)N2C(=O)[C@@H](NC(=O)[C@H](O)c3ccccc3)[C@H]2SC1,cefamandole,CEFAMANDOLE SODIUM,,LOW,INACTIVE,-0.05,-2.9,0
1412.0,CCCCCCCN(CC)CCCC(O)c1ccc(NS(C)(=O)=O)cc1,"InChI=1S/C20H36N2O3S/c1-4-6-7-8-9-16-22(5-2)17-10-11-20(23)18-12-14-19(15-13-18)21-26(3,24)25/h12-15,20-21,23H,4-11,16-17H2,1-3H3",CCCCCCCN(CC)CCCC(O)c1ccc(NS(C)(=O)=O)cc1,ibutilide,Ibutilide fumarate,NCGC00181771-01,LOW,INACTIVE,4.72,-4.91,0
333.0,CN1C2CCC1CC(OC(c1ccccc1)c1ccccc1)C2,"InChI=1S/C21H25NO/c1-22-18-12-13-19(22)15-20(14-18)23-21(16-8-4-2-5-9-16)17-10-6-3-7-11-17/h2-11,18-21H,12-15H2,1H3/t18-,19+,20+",CN1[C@H]2CC[C@@H]1C[C@H](OC(c1ccccc1)c1ccccc1)C2,benzatropine,Benztropine mesylate,,HIGH,MODERATE,4.48,-5.41,1
,O=C(OCC1OC(OC(=O)c2cc(O)c(O)c(O)c2)C(O)C(OC(=O)c2cc(O)c(O)c(O)c2)C1O)c1cc(O)c(O)c(O)c1,"InChI=1S/C27H24O18/c28-11-1-8(2-12(29)18(11)34)24(39)42-7-17-21(37)23(44-25(40)9-3-13(30)19(35)14(31)4-9)22(38)27(43-17)45-26(41)10-5-15(32)20(36)16(33)6-10/h1-6,17,21-23,27-38H,7H2/t17-,21-,22-,23+,27+/m1/s1",O=C(OC[C@H]1O[C@@H](OC(=O)c2cc(O)c(O)c(O)c2)[C@H](O)[C@@H](OC(=O)c2cc(O)c(O)c(O)c2)[C@@H]1O)c1cc(O)c(O)c(O)c1,,,NCGC00179867-02,HIGH,LOW,1.94,-2.74,1
,O=C(O)c1ccccn1,"InChI=1S/C6H5NO2/c8-6(9)5-3-1-2-4-7-5/h1-4H,(H,8,9)",O=C(O)c1ccccn1,,Picolinic acid,,LOW,INACTIVE,0.22,-0.3,0
1980.0,CC(O)C(CO)NC(=O)C1CSSCC(NC(=O)C(N)Cc2ccccc2)C(=O)NC(Cc2ccccc2)C(=O)NC(Cc2c[nH]c3ccccc23)C(=O)NC(CCCCN)C(=O)NC(C(C)O)C(=O)N1,"InChI=1S/C49H66N10O10S2/c1-28(61)39(25-60)56-48(68)41-27-71-70-26-40(57-43(63)34(51)21-30-13-5-3-6-14-30)47(67)54-37(22-31-15-7-4-8-16-31)45(65)55-38(23-32-24-52-35-18-10-9-17-33(32)35)46(66)53-36(19-11-12-20-50)44(64)59-42(29(2)62)49(69)58-41/h3-10,13-18,24,28-29,34,36-42,52,60-62H,11-12,19-23,25-27,50-51H2,1-2H3,(H,53,66)(H,54,67)(H,55,65)(H,56,68)(H,57,63)(H,58,69)(H,59,64)/t28-,29-,34+,36+,37+,38+,39+,40+,41+,42+/m1/s1",C[C@@H](O)[C@H](CO)NC(=O)[C@@H]1CSSC[C@H](NC(=O)[C@@H](N)Cc2ccccc2)C(=O)N[C@@H](Cc2ccccc2)C(=O)N[C@@H](Cc2c[nH]c3ccccc23)C(=O)N[C@@H](CCCCN)C(=O)N[C@@H]([C@@H](C)O)C(=O)N1,octreotide,Octreotide acetate,NCGC00181796-01,LOW,INACTIVE,0.42,-4.93,0
1085.0,CCOC(=O)C1(c2ccccc2)CCCN(C)CC1,"InChI=1S/C16H23NO2/c1-3-19-15(18)16(14-8-5-4-6-9-14)10-7-12-17(2)13-11-16/h4-6,8-9H,3,7,10-13H2,1-2H3",CCOC(=O)C1(c2ccccc2)CCCN(C)CC1,ethoheptazine,Ethoheptazine hydrochloride,,MODERATE,LOW,3.32,-2.66,1
4874.0,C=C1CCN(C(C)C(O)(Cn2cncn2)c2ccc(F)cc2F)CC1,"InChI=1S/C18H22F2N4O/c1-13-5-7-23(8-6-13)14(2)18(25,10-24-12-21-11-22-24)16-4-3-15(19)9-17(16)20/h3-4,9,11-12,14,25H,1,5-8,10H2,2H3/t14-,18-/m1/s1",C=C1CCN([C@H](C)[C@](O)(Cn2cncn2)c2ccc(F)cc2F)CC1,efinaconazole,Efinaconazole,NCGC00390702-01,LOW,INACTIVE,1.49,-2.76,0
268.0,CN1CCC(=C2c3ccccc3CCc3cccnc32)CC1,"InChI=1S/C20H22N2/c1-22-13-10-16(11-14-22)19-18-7-3-2-5-15(18)8-9-17-6-4-12-21-20(17)19/h2-7,12H,8-11,13-14H2,1H3",CN1CCC(=C2c3ccccc3CCc3cccnc32)CC1,azatadine,Azatadine,,MODERATE,LOW,3.67,-3.41,1
4617.0,CC(C)=CCCC(C)=CC=CC(C)=CC=CC(C)=CC=CC=C(C)C=CC=C(C)C=CC=C(C)CCC=C(C)C,"InChI=1S/C40H56/c1-33(2)19-13-23-37(7)27-17-31-39(9)29-15-25-35(5)21-11-12-22-36(6)26-16-30-40(10)32-18-28-38(8)24-14-20-34(3)4/h11-12,15-22,25-32H,13-14,23-24H2,1-10H3/b12-11+,25-15+,26-16+,31-17+,32-18+,35-21+,36-22+,37-27+,38-28+,39-29+,40-30+",CC(C)=CCC/C(C)=C/C=C/C(C)=C/C=C/C(C)=C/C=C/C=C(C)/C=C/C=C(C)/C=C/C=C(\C)CCC=C(C)C,lycopene,Lycopene,,LOW,INACTIVE,9.15,-6.13,0
571.0,CC1=C(C(=O)O)N2C(=O)C(NC(=O)C(N)c3ccccc3)C2SC1,"InChI=1S/C16H17N3O4S/c1-8-7-24-15-11(14(21)19(15)12(8)16(22)23)18-13(20)10(17)9-5-3-2-4-6-9/h2-6,10-11,15H,7,17H2,1H3,(H,18,20)(H,22,23)/t10-,11-,15-/m1/s1",CC1=C(C(=O)O)N2C(=O)[C@@H](NC(=O)[C@H](N)c3ccccc3)[C@H]2SC1,cefalexin,Cephalexin,NCGC00093706-05,LOW,INACTIVE,0.86,-3.07,0
,CC[N+](CC)(CC(=O)Nc1c(C)cccc1C)Cc1ccccc1,"InChI=1S/C21H28N2O/c1-5-23(6-2,15-19-13-8-7-9-14-19)16-20(24)22-21-17(3)11-10-12-18(21)4/h7-14H,5-6,15-16H2,1-4H3/p+1",CC[N+](CC)(CC(=O)Nc1c(C)cccc1C)Cc1ccccc1,,Denatonium benzoate,,MODERATE,HIGH,2.4,-6.68,1
3384.0,Cc1ncc(CNC(=O)N(CCCl)N=O)c(N)n1,"InChI=1S/C9H13ClN6O2/c1-6-12-4-7(8(11)14-6)5-13-9(17)16(15-18)3-2-10/h4H,2-3,5H2,1H3,(H,13,17)(H2,11,12,14)",Cc1ncc(CNC(=O)N(CCCl)N=O)c(N)n1,nimustine,Nimustine,NCGC00015755-08,LOW,INACTIVE,0.81,-3.26,0
3032.0,Oc1c(Cl)cc(Cl)cc1Sc1cc(Cl)cc(Cl)c1O,"InChI=1S/C12H6Cl4O2S/c13-5-1-7(15)11(17)9(3-5)19-10-4-6(14)2-8(16)12(10)18/h1-4,17-18H",Oc1c(Cl)cc(Cl)cc1Sc1cc(Cl)cc(Cl)c1O,bithionol,Bithionol,,HIGH,LOW,6.12,-5.33,1
2806.0,CCCCC(=O)N(Cc1ccc(-c2ccccc2-c2nnn[nH]2)cc1)C(C(=O)O)C(C)C,"InChI=1S/C24H29N5O3/c1-4-5-10-21(30)29(22(16(2)3)24(31)32)15-17-11-13-18(14-12-17)19-8-6-7-9-20(19)23-25-27-28-26-23/h6-9,11-14,16,22H,4-5,10,15H2,1-3H3,(H,31,32)(H,25,26,27,28)/t22-/m0/s1",CCCCC(=O)N(Cc1ccc(-c2ccccc2-c2nnn[nH]2)cc1)[C@H](C(=O)O)C(C)C,valsartan,VALSARTAN|Valsartan,,LOW,LOW,2.95,-4.28,0
2798.0,CC(C)C(N)C(=O)OCCOCn1cnc2c(=O)[nH]c(N)nc21,"InChI=1S/C13H20N6O4/c1-7(2)8(14)12(21)23-4-3-22-6-19-5-16-9-10(19)17-13(15)18-11(9)20/h5,7-8H,3-4,6,14H2,1-2H3,(H3,15,17,18,20)/t8-/m0/s1",CC(C)[C@H](N)C(=O)OCCOCn1cnc2c(=O)[nH]c(N)nc21,valaciclovir,Valaciclovir,"NCGC00389281-02, NCGC00178638-04",MODERATE,LOW,-0.98,-1.97,1
124.0,Oc1ncnc2[nH]ncc12,"InChI=1S/C5H4N4O/c10-5-3-1-8-9-4(3)6-2-7-5/h1-2H,(H2,6,7,8,9,10)",Oc1ncnc2[nH]ncc12,allopurinol,Allopurinol,"NCGC00015094-06, NCGC00094580-10, NCGC00015094-18, NCGC00094580-05, NCGC00094580-04",LOW,INACTIVE,-0.18,-0.79,0
2635.0,CN1CCN(CCCN2c3ccccc3Sc3ccc(S(=O)(=O)N(C)C)cc32)CC1,"InChI=1S/C22H30N4O2S2/c1-23(2)30(27,28)18-9-10-22-20(17-18)26(19-7-4-5-8-21(19)29-22)12-6-11-25-15-13-24(3)14-16-25/h4-5,7-10,17H,6,11-16H2,1-3H3",CN1CCN(CCCN2c3ccccc3Sc3ccc(S(=O)(=O)N(C)C)cc32)CC1,thioproperazine,Thioproperazine dimethanesulfonate,,HIGH,LOW,3.09,-3.89,1
847.0,CC12CCCCCC(Cc3ccc(O)cc31)C2N,"InChI=1S/C16H23NO/c1-16-8-4-2-3-5-12(15(16)17)9-11-6-7-13(18)10-14(11)16/h6-7,10,12,15,18H,2-5,8-9,17H2,1H3/t12-,15-,16+/m0/s1",C[C@@]12CCCCC[C@@H](Cc3ccc(O)cc31)[C@@H]2N,dezocine,,NCGC00274273-01,MODERATE,LOW,3.76,-4.24,1
2528.0,O=C1C(CCS(=O)c2ccccc2)C(=O)N(c2ccccc2)N1c1ccccc1,"InChI=1S/C23H20N2O3S/c26-22-21(16-17-29(28)20-14-8-3-9-15-20)23(27)25(19-12-6-2-7-13-19)24(22)18-10-4-1-5-11-18/h1-15,21H,16-17H2",O=C1C(CCS(=O)c2ccccc2)C(=O)N(c2ccccc2)N1c1ccccc1,sulfinpyrazone,SULFINPYRAZONE,,LOW,INACTIVE,2.92,-3.1,0
829.0,CCCCC(=O)OC1(C(=O)CO)C(C)CC2C3CCC4=CC(=O)C=CC4(C)C3(F)C(O)CC21C,"InChI=1S/C27H37FO6/c1-5-6-7-23(33)34-27(22(32)15-29)16(2)12-20-19-9-8-17-13-18(30)10-11-24(17,3)26(19,28)21(31)14-25(20,27)4/h10-11,13,16,19-21,29,31H,5-9,12,14-15H2,1-4H3/t16-,19+,20+,21+,24+,25+,26+,27+/m1/s1",CCCCC(=O)O[C@]1(C(=O)CO)[C@H](C)C[C@H]2[C@@H]3CCC4=CC(=O)C=C[C@]4(C)[C@@]3(F)[C@@H](O)C[C@@]21C,dexamethasone valerate,Betamethasone valerate,,LOW,INACTIVE,3.76,-4.85,0
1707.0,c1ccc2c(c1)Sc1ccccc1N2CC1CN2CCC1CC2,"InChI=1S/C20H22N2S/c1-3-7-19-17(5-1)22(18-6-2-4-8-20(18)23-19)14-16-13-21-11-9-15(16)10-12-21/h1-8,15-16H,9-14H2",c1ccc2c(c1)Sc1ccccc1N2CC1CN2CCC1CC2,mequitazine,Mequitazine,,HIGH,MODERATE,5.38,-4.91,1
915.0,C[N+]1(C)CCC(=C(c2ccccc2)c2ccccc2)CC1,"InChI=1S/C20H24N/c1-21(2)15-13-19(14-16-21)20(17-9-5-3-6-10-17)18-11-7-4-8-12-18/h3-12H,13-16H2,1-2H3/q+1",C[N+]1(C)CCC(=C(c2ccccc2)c2ccccc2)CC1,diphemanil,Diphemanil methylsulfate,,MODERATE,MODERATE,-0.4,-5.93,1
1115.0,Cc1cc(C#N)cc(C)c1Oc1nc(Nc2ccc(C#N)cc2)nc(N)c1Br,"InChI=1S/C20H15BrN6O/c1-11-7-14(10-23)8-12(2)17(11)28-19-16(21)18(24)26-20(27-19)25-15-5-3-13(9-22)4-6-15/h3-8H,1-2H3,(H3,24,25,26,27)",Cc1cc(C#N)cc(C)c1Oc1nc(Nc2ccc(C#N)cc2)nc(N)c1Br,etravirine,Etravirine|Etravirine (TMC125),,HIGH,LOW,3.66,-4.41,1
3309.0,Clc1ccc(C(Cn2ccnc2)OCc2c(Cl)cccc2Cl)c(Cl)c1,"InChI=1S/C18H14Cl4N2O/c19-12-4-5-13(17(22)8-12)18(9-24-7-6-23-11-24)25-10-14-15(20)2-1-3-16(14)21/h1-8,11,18H,9-10H2/t18-/m0/s1",Clc1ccc([C@H](Cn2ccnc2)OCc2c(Cl)cccc2Cl)c(Cl)c1,isoconazole,Isoconazole nitrate,,HIGH,LOW,5.86,-5.7,1
39.0,CC1OC(OC2C(CO)OC(OC3C(CO)OC(O)C(O)C3O)C(O)C2O)C(O)C(O)C1NC1C=C(CO)C(O)C(O)C1O,"InChI=1S/C25H43NO18/c1-6-11(26-8-2-7(3-27)12(30)15(33)13(8)31)14(32)19(37)24(40-6)43-22-10(5-29)42-25(20(38)17(22)35)44-21-9(4-28)41-23(39)18(36)16(21)34/h2,6,8-39H,3-5H2,1H3/t6-,8+,9-,10-,11-,12-,13+,14+,15+,16-,17-,18-,19-,20-,21-,22-,23?,24-,25-/m1/s1",C[C@H]1O[C@H](O[C@@H]2[C@@H](CO)O[C@H](O[C@@H]3[C@@H](CO)OC(O)[C@H](O)[C@H]3O)[C@H](O)[C@H]2O)[C@H](O)[C@@H](O)[C@@H]1N[C@H]1C=C(CO)[C@@H](O)[C@H](O)[C@H]1O,acarbose,Acarbose,"NCGC00160515-01, NCGC00160515-03",LOW,LOW,-2.64,-0.64,0
2355.0,CCC(=O)NCCC1CCc2ccc3c(c21)CCO3,"InChI=1S/C16H21NO2/c1-2-15(18)17-9-7-12-4-3-11-5-6-14-13(16(11)12)8-10-19-14/h5-6,12H,2-4,7-10H2,1H3,(H,17,18)/t12-/m0/s1",CCC(=O)NCC[C@@H]1CCc2ccc3c(c21)CCO3,ramelteon,RAMELTEON,"NCGC00178707-05, NCGC00178707-06, NCGC00095187-09, NCGC00178707-03",MODERATE,LOW,3.03,-4.2,1
,N=c1ccn2c(n1)OC1C(O)C(CO)OC12,"InChI=1S/C9H11N3O4/c10-5-1-2-12-8-7(16-9(12)11-5)6(14)4(3-13)15-8/h1-2,4,6-8,10,13-14H,3H2/t4-,6-,7+,8-/m0/s1",N=c1ccn2c(n1)O[C@@H]1[C@@H](O)[C@H](CO)O[C@@H]12,,,NCGC00263968-02,HIGH,MODERATE,-3.13,-1.84,1
1243.0,CC1OC1P(=O)(O)O,"InChI=1S/C3H7O4P/c1-2-3(7-2)8(4,5)6/h2-3H,1H3,(H2,4,5,6)/t2-,3+/m0/s1",C[C@@H]1O[C@@H]1P(=O)(O)O,fosfomycin,FOSFOMYCIN,,MODERATE,HIGH,-0.82,-0.47,1
2523.0,Nc1ccc(S(=O)(=O)Nc2ccnn2-c2ccccc2)cc1,"InChI=1S/C15H14N4O2S/c16-12-6-8-14(9-7-12)22(20,21)18-15-10-11-17-19(15)13-4-2-1-3-5-13/h1-11,18H,16H2",Nc1ccc(S(=O)(=O)Nc2ccnn2-c2ccccc2)cc1,sulfaphenazole,Sulfaphenazole,"NCGC00015925-10, NCGC00015925-13",LOW,INACTIVE,1.59,-3.05,0
1034.0,CCCCCC(O)C=CC1C(O)CC2OC(=CCCCC(=O)O)CC21,"InChI=1S/C20H32O5/c1-2-3-4-7-14(21)10-11-16-17-12-15(8-5-6-9-20(23)24)25-19(17)13-18(16)22/h8,10-11,14,16-19,21-22H,2-7,9,12-13H2,1H3,(H,23,24)/b11-10+,15-8-/t14-,16+,17+,18+,19-/m0/s1",CCCCC[C@H](O)/C=C/[C@H]1[C@H](O)C[C@@H]2O/C(=C\CCCC(=O)O)C[C@@H]21,epoprostenol,Epoprostenol sodium,,MODERATE,LOW,3.83,-3.43,1
3064.0,COc1cc(CNC(=O)CCCCC=CC(C)C)ccc1O,"InChI=1S/C18H27NO3/c1-14(2)8-6-4-5-7-9-18(21)19-13-15-10-11-16(20)17(12-15)22-3/h6,8,10-12,14,20H,4-5,7,9,13H2,1-3H3,(H,19,21)/b8-6+",COc1cc(CNC(=O)CCCC/C=C/C(C)C)ccc1O,capsaicin,(E)-Capsaicin,"NCGC00017337-18, NCGC00017337-22, NCGC00017337-15",MODERATE,MODERATE,3.8,-4.56,1
2168.0,CCC1C=C(C)CC(C)CC(OC)C2OC(O)(C(=O)C(=O)N3CCCCC3C(=O)OC(C(C)=CC3CCC(Cl)C(OC)C3)C(C)C(O)CC1=O)C(C)CC2OC,"InChI=1S/C43H68ClNO11/c1-10-30-18-24(2)17-25(3)19-36(53-8)39-37(54-9)21-27(5)43(51,56-39)40(48)41(49)45-16-12-11-13-32(45)42(50)55-38(28(6)33(46)23-34(30)47)26(4)20-29-14-15-31(44)35(22-29)52-7/h18,20,25,27-33,35-39,46,51H,10-17,19,21-23H2,1-9H3/b24-18-,26-20+/t25-,27+,28+,29-,30+,31-,32-,33-,35+,36-,37-,38+,39+,43+/m0/s1",CC[C@@H]1/C=C(\C)C[C@H](C)C[C@H](OC)[C@H]2O[C@@](O)(C(=O)C(=O)N3CCCC[C@H]3C(=O)O[C@H](/C(C)=C/[C@@H]3CC[C@H](Cl)[C@H](OC)C3)[C@H](C)[C@@H](O)CC1=O)[C@H](C)C[C@@H]2OC,pimecrolimus,Pimecrolimus,NCGC00167506-03,MODERATE,LOW,4.34,-5.74,1
2745.0,OC(CCN1CCCCC1)(c1ccccc1)C1CCCCC1,"InChI=1S/C20H31NO/c22-20(18-10-4-1-5-11-18,19-12-6-2-7-13-19)14-17-21-15-8-3-9-16-21/h1,4-5,10-11,19,22H,2-3,6-9,12-17H2",OC(CCN1CCCCC1)(c1ccccc1)C1CCCCC1,trihexyphenidyl,Trihexyphenidyl hydrochloride,NCGC00016003-06,MODERATE,MODERATE,4.93,-4.98,1
,Cn1cncc1C(N)(c1ccc(Cl)cc1)c1ccc2c(c1)c(-c1cccc(Cl)c1)cc(=O)n2C,"InChI=1S/C27H22Cl2N4O/c1-32-16-31-15-25(32)27(30,18-6-9-20(28)10-7-18)19-8-11-24-23(13-19)22(14-26(34)33(24)2)17-4-3-5-21(29)12-17/h3-16H,30H2,1-2H3/t27-/m1/s1",Cn1cncc1[C@@](N)(c1ccc(Cl)cc1)c1ccc2c(c1)c(-c1cccc(Cl)c1)cc(=O)n2C,,Tipifarnib,"NCGC00250406-03, NCGC00250406-01",HIGH,LOW,4.78,-6.01,1
4825.0,CCN(C(=O)c1c(O)c2c(Cl)cccc2n(C)c1=O)c1ccccc1,"InChI=1S/C19H17ClN2O3/c1-3-22(12-8-5-4-6-9-12)19(25)16-17(23)15-13(20)10-7-11-14(15)21(2)18(16)24/h4-11,23H,3H2,1-2H3",CCN(C(=O)c1c(O)c2c(Cl)cccc2n(C)c1=O)c1ccccc1,laquinimod,Laquinimod,"NCGC00346701-09, NCGC00346701-01",LOW,INACTIVE,2.77,-3.91,0
5008.0,Cc1c(C(=O)Nc2ccc(N3CC(C)OC(C)C3)nc2)cccc1-c1ccc(OC(F)(F)F)cc1,"InChI=1S/C26H26F3N3O3/c1-16-14-32(15-17(2)34-16)24-12-9-20(13-30-24)31-25(33)23-6-4-5-22(18(23)3)19-7-10-21(11-8-19)35-26(27,28)29/h4-13,16-17H,14-15H2,1-3H3,(H,31,33)/t16-,17+",Cc1c(C(=O)Nc2ccc(N3C[C@H](C)O[C@H](C)C3)nc2)cccc1-c1ccc(OC(F)(F)F)cc1,sonidegib,Sonidegib,"NCGC00250382-06, NCGC00250382-05, NCGC00250382-01",MODERATE,LOW,5.58,-5.51,1
,Cc1cc(O)ccc1C(C)(C)C,"InChI=1S/C11H16O/c1-8-7-9(12)5-6-10(8)11(2,3)4/h5-7,12H,1-4H3",Cc1cc(O)ccc1C(C)(C)C,,P-T-BUTYL-M-CRESOL,,LOW,INACTIVE,3.75,-2.81,0
1110.0,C#CC1(O)CCC2C3CCC4=CC(=O)CCC4C3C(=C)CC21CC,"InChI=1S/C22H28O2/c1-4-21-13-14(3)20-17-9-7-16(23)12-15(17)6-8-18(20)19(21)10-11-22(21,24)5-2/h2,12,17-20,24H,3-4,6-11,13H2,1H3/t17-,18-,19-,20+,21-,22-/m0/s1",C#C[C@]1(O)CC[C@H]2[C@@H]3CCC4=CC(=O)CC[C@@H]4[C@H]3C(=C)C[C@@]21CC,etonogestrel,Etonogestrel,,MODERATE,LOW,3.19,-4.64,1
1507.0,CC(CN1c2ccccc2Sc2cccnc21)N(C)C,"InChI=1S/C16H19N3S/c1-12(18(2)3)11-19-13-7-4-5-8-14(13)20-15-9-6-10-17-16(15)19/h4-10,12H,11H2,1-3H3",CC(CN1c2ccccc2Sc2cccnc21)N(C)C,isothipendyl,Isothipendyl hydrochloride,,HIGH,MODERATE,3.6,-3.31,1
5155.0,CCC1C(O)C2C3CCC(C(C)CCC(=O)O)C3(C)CCC2C2(C)CCC(O)CC12,"InChI=1S/C26H44O4/c1-5-17-21-14-16(27)10-12-26(21,4)20-11-13-25(3)18(15(2)6-9-22(28)29)7-8-19(25)23(20)24(17)30/h15-21,23-24,27,30H,5-14H2,1-4H3,(H,28,29)/t15-,16-,17-,18-,19+,20+,21+,23+,24-,25-,26-/m1/s1",CC[C@@H]1[C@@H]2C[C@H](O)CC[C@]2(C)[C@H]2CC[C@@]3(C)[C@@H](CC[C@@H]3[C@H](C)CCC(=O)O)[C@@H]2[C@@H]1O,obeticholic acid,INT-747 (Obeticholic acid),,LOW,INACTIVE,3.5,-4.62,0
4897.0,CN1CCc2nc(C(=O)NC3CC(C(=O)N(C)C)CCC3NC(=O)C(=O)Nc3ccc(Cl)cn3)sc2C1,"InChI=1S/C24H30ClN7O4S/c1-31(2)24(36)13-4-6-15(27-20(33)21(34)30-19-7-5-14(25)11-26-19)17(10-13)28-22(35)23-29-16-8-9-32(3)12-18(16)37-23/h5,7,11,13,15,17H,4,6,8-10,12H2,1-3H3,(H,27,33)(H,28,35)(H,26,30,34)/t13-,15-,17+/m0/s1",CN1CCc2nc(C(=O)N[C@@H]3C[C@@H](C(=O)N(C)C)CC[C@@H]3NC(=O)C(=O)Nc3ccc(Cl)cn3)sc2C1,edoxaban,Edoxaban tosylate monohydrate|Edoxaban,NCGC00378907-03,LOW,INACTIVE,1.61,-4.68,0
435.0,CC(NC(C)(C)C)C(=O)c1cccc(Cl)c1,"InChI=1S/C13H18ClNO/c1-9(15-13(2,3)4)12(16)10-6-5-7-11(14)8-10/h5-9,15H,1-4H3",CC(NC(C)(C)C)C(=O)c1cccc(Cl)c1,bupropion,Bupropion hydrochloride,"NCGC00015122-14, NCGC00015122-06, NCGC00015122-09",LOW,INACTIVE,3.28,-3.54,0
1813.0,CN(C)c1ccc(O)c2c1CC1CC3C(N(C)C)C(O)=C(C(N)=O)C(=O)C3(O)C(O)=C1C2=O,"InChI=1S/C23H27N3O7/c1-25(2)12-5-6-13(27)15-10(12)7-9-8-11-17(26(3)4)19(29)16(22(24)32)21(31)23(11,33)20(30)14(9)18(15)28/h5-6,9,11,17,27,29-30,33H,7-8H2,1-4H3,(H2,24,32)/t9-,11-,17-,23-/m0/s1",CN(C)c1ccc(O)c2c1C[C@H]1C[C@H]3[C@H](N(C)C)C(O)=C(C(N)=O)C(=O)[C@@]3(O)C(O)=C1C2=O,minocycline,Minocycline hydrochloride,NCGC00183044-01,MODERATE,LOW,-0.07,-2.18,1
,C=C1C(=O)OC2C1CCC(C)=CCCC1(C)OC21,"InChI=1S/C15H20O3/c1-9-5-4-8-15(3)13(18-15)12-11(7-6-9)10(2)14(16)17-12/h5,11-13H,2,4,6-8H2,1,3H3/b9-5-/t11-,12-,13+,15+/m0/s1",C=C1C(=O)O[C@H]2[C@H]1CC/C(C)=C/CC[C@@]1(C)O[C@H]21,,,"NCGC00163415-04, NCGC00163415-03",HIGH,LOW,3.03,-3.1,1
1178.0,O=C(OCC(O)CO)c1ccccc1Nc1ccnc2c(C(F)(F)F)cccc12,"InChI=1S/C20H17F3N2O4/c21-20(22,23)15-6-3-5-13-17(8-9-24-18(13)15)25-16-7-2-1-4-14(16)19(28)29-11-12(27)10-26/h1-9,12,26-27H,10-11H2,(H,24,25)",O=C(OCC(O)CO)c1ccccc1Nc1ccnc2c(C(F)(F)F)cccc12,floctafenine,Floctafenine,,MODERATE,MODERATE,2.97,-4.07,1
,O=C([O-])CSc1nnc(Br)n1-c1ccc(C2CC2)c2ccccc12.[Na+],"InChI=1S/C17H14BrN3O2S.Na/c18-16-19-20-17(24-9-15(22)23)21(16)14-8-7-11(10-5-6-10)12-3-1-2-4-13(12)14;/h1-4,7-8,10H,5-6,9H2,(H,22,23);/q;+1/p-1",O=C(CSc1nnc(Br)n1-c1ccc(C2CC2)c2ccccc12)O[Na],,Lesinurad (sodium),,LOW,INACTIVE,4.23,-4.64,0
2527.0,Nc1ccc(S(=O)(=O)Nc2nccs2)cc1,"InChI=1S/C9H9N3O2S2/c10-7-1-3-8(4-2-7)16(13,14)12-9-11-5-6-15-9/h1-6H,10H2,(H,11,12)",Nc1ccc(S(=O)(=O)Nc2nccs2)cc1,sulfathiazole,Sulfathiazole,NCGC00016309-14,LOW,INACTIVE,0.94,-2.44,0
641.0,CCOC(=O)C(CCc1ccccc1)NC1CCCN2CCCC(C(=O)O)N2C1=O,"InChI=1S/C22H31N3O5/c1-2-30-22(29)18(13-12-16-8-4-3-5-9-16)23-17-10-6-14-24-15-7-11-19(21(27)28)25(24)20(17)26/h3-5,8-9,17-19,23H,2,6-7,10-15H2,1H3,(H,27,28)/t17-,18-,19-/m0/s1",CCOC(=O)[C@H](CCc1ccccc1)N[C@H]1CCCN2CCC[C@@H](C(=O)O)N2C1=O,cilazapril,Cilazapril,,LOW,INACTIVE,-0.23,-2.6,0
790.0,Nc1ncn(C2CC(O)C(CO)O2)c(=O)n1,"InChI=1S/C8H12N4O4/c9-7-10-3-12(8(15)11-7)6-1-4(14)5(2-13)16-6/h3-6,13-14H,1-2H2,(H2,9,11,15)/t4-,5+,6+/m0/s1",Nc1ncn([C@H]2C[C@H](O)[C@@H](CO)O2)c(=O)n1,decitabine,Decitabine,"NCGC00166088-10, NCGC00166088-05",HIGH,MODERATE,-1.96,-1.62,1
1389.0,CCC(=O)OC1(C(=O)COC(C)=O)CCC2C3CCC4=CC(=O)CCC4(C)C3C(O)CC21C,"InChI=1S/C26H36O7/c1-5-22(31)33-26(21(30)14-32-15(2)27)11-9-19-18-7-6-16-12-17(28)8-10-24(16,3)23(18)20(29)13-25(19,26)4/h12,18-20,23,29H,5-11,13-14H2,1-4H3/t18-,19-,20-,23+,24-,25-,26-/m0/s1",CCC(=O)O[C@]1(C(=O)COC(C)=O)CC[C@H]2[C@@H]3CCC4=CC(=O)CC[C@]4(C)[C@H]3[C@@H](O)C[C@@]21C,hydrocortisone aceponate,HYDROCORTISONE ACEPONATE,,LOW,INACTIVE,3.26,-4.94,0
3207.0,CCOc1ccc2c3c1OC1C(O)C=CC4C(C2)N(C)CCC341,"InChI=1S/C19H23NO3/c1-3-22-15-7-4-11-10-13-12-5-6-14(21)18-19(12,8-9-20(13)2)16(11)17(15)23-18/h4-7,12-14,18,21H,3,8-10H2,1-2H3/t12-,13+,14-,18-,19-/m0/s1",CCOc1ccc2c3c1O[C@H]1[C@@H](O)C=C[C@H]4[C@@H](C2)N(C)CC[C@]314,ethylmorphine,Ethylmorphine,,MODERATE,LOW,1.72,-2.58,1
992.0,CC1=C(C(=O)OCCN(Cc2ccccc2)c2ccccc2)C(c2cccc([N+](=O)[O-])c2)C(P2(=O)OCC(C)(C)CO2)=C(C)N1,"InChI=1S/C34H38N3O7P/c1-24-30(33(38)42-19-18-36(28-15-9-6-10-16-28)21-26-12-7-5-8-13-26)31(27-14-11-17-29(20-27)37(39)40)32(25(2)35-24)45(41)43-22-34(3,4)23-44-45/h5-17,20,31,35H,18-19,21-23H2,1-4H3",CC1=C(C(=O)OCCN(Cc2ccccc2)c2ccccc2)C(c2cccc([N+](=O)[O-])c2)C(P2(=O)OCC(C)(C)CO2)=C(C)N1,efonidipine,Efonidipine hydrochloride monoethanolate,NCGC00371105-01,LOW,INACTIVE,5.35,-6.41,0
,[Mn+2].[Mn+3].[Mn+3].[O-2].[O-2].[O-2].[O-2],InChI=1S/3Mn.4O,O=[Mn]O[Mn]O[Mn]=O,,,NCGC00166257-03,MODERATE,LOW,-0.71,-0.32,1
1066.0,CC12CCC3c4ccc(OC(=O)N(CCCl)CCCl)cc4CCC3C1CCC2OP(=O)(O)O,"InChI=1S/C23H32Cl2NO6P/c1-23-9-8-18-17-5-3-16(31-22(27)26(12-10-24)13-11-25)14-15(17)2-4-19(18)20(23)6-7-21(23)32-33(28,29)30/h3,5,14,18-21H,2,4,6-13H2,1H3,(H2,28,29,30)/t18-,19-,20+,21+,23+/m1/s1",C[C@]12CC[C@@H]3c4ccc(OC(=O)N(CCCl)CCCl)cc4CC[C@H]3[C@@H]1CC[C@@H]2OP(=O)(O)O,estramustine phosphate,Estramustine PhosphateÂ·Na,,HIGH,LOW,4.23,-6.04,1
220.0,CCOC(=O)C1(c2ccccc2)CCN(CCc2ccc(N)cc2)CC1,"InChI=1S/C22H28N2O2/c1-2-26-21(25)22(19-6-4-3-5-7-19)13-16-24(17-14-22)15-12-18-8-10-20(23)11-9-18/h3-11H,2,12-17,23H2,1H3",CCOC(=O)C1(c2ccccc2)CCN(CCc2ccc(N)cc2)CC1,anileridine,Anileridine,,MODERATE,INACTIVE,4.05,-4.46,1
1957.0,CC(=O)OC1(C(C)=O)CCC2C3C=C(C)C4=CC(=O)CCC4C3CCC21C,"InChI=1S/C23H30O4/c1-13-11-20-18(17-6-5-16(26)12-19(13)17)7-9-22(4)21(20)8-10-23(22,14(2)24)27-15(3)25/h11-12,17-18,20-21H,5-10H2,1-4H3/t17-,18-,20-,21+,22+,23+/m1/s1",CC(=O)O[C@]1(C(C)=O)CC[C@H]2[C@@H]3C=C(C)C4=CC(=O)CC[C@@H]4[C@H]3CC[C@@]21C,nomegestrol acetate,Nomegestrol acetate,,MODERATE,LOW,3.46,-4.95,1
4381.0,CN(C)C(CCOc1cccc2ccccc12)c1ccccc1,"InChI=1S/C21H23NO/c1-22(2)20(18-10-4-3-5-11-18)15-16-23-21-14-8-12-17-9-6-7-13-19(17)21/h3-14,20H,15-16H2,1-2H3/t20-/m0/s1",CN(C)[C@@H](CCOc1cccc2ccccc12)c1ccccc1,dapoxetine,Dapoxetine,NCGC00253658-02,HIGH,MODERATE,4.77,-5.56,1
1259.0,CC(=C(CCO)SSCC1CCCO1)N(C=O)Cc1cnc(C)nc1N,"InChI=1S/C17H26N4O3S2/c1-12(16(5-6-22)26-25-10-15-4-3-7-24-15)21(11-23)9-14-8-19-13(2)20-17(14)18/h8,11,15,22H,3-7,9-10H2,1-2H3,(H2,18,19,20)/b16-12+",C/C(=C(/CCO)SSCC1CCCO1)N(C=O)Cc1cnc(C)nc1N,fursultiamine,Fursultiamine Hydrochloride,,MODERATE,LOW,1.38,-3.51,1
1531.0,CC(CCc1ccccc1)NCC(O)c1ccc(O)c(C(N)=O)c1,"InChI=1S/C19H24N2O3/c1-13(7-8-14-5-3-2-4-6-14)21-12-18(23)15-9-10-17(22)16(11-15)19(20)24/h2-6,9-11,13,18,21-23H,7-8,12H2,1H3,(H2,20,24)",CC(CCc1ccccc1)NCC(O)c1ccc(O)c(C(N)=O)c1,labetalol,Labetalol HCl,"NCGC00015595-06, NCGC00015595-12",MODERATE,INACTIVE,1.73,-4.75,1
1789.0,CC(=O)Nc1c(I)c(C(=O)O)c(I)c(N(C)C(C)=O)c1I,"InChI=1S/C12H11I3N2O4/c1-4(18)16-10-7(13)6(12(20)21)8(14)11(9(10)15)17(3)5(2)19/h1-3H3,(H,16,18)(H,20,21)",CC(=O)Nc1c(I)c(C(=O)O)c(I)c(N(C)C(C)=O)c1I,metrizoic acid,Metrizoate sodium,,LOW,INACTIVE,2.18,-3.85,0
,O=C(NCNC(=O)NC1C(=O)NC(=O)N1CO)NC1C(=O)NC(=O)N1CO,"InChI=1S/C11H16N8O8/c20-2-18-4(6(22)16-10(18)26)14-8(24)12-1-13-9(25)15-5-7(23)17-11(27)19(5)3-21/h4-5,20-21H,1-3H2,(H2,12,14,24)(H2,13,15,25)(H,16,22,26)(H,17,23,27)",O=C(NCNC(=O)NC1C(=O)NC(=O)N1CO)NC1C(=O)NC(=O)N1CO,,Imidazolidinyl urea,,LOW,INACTIVE,-2.43,-2.71,0
176.0,CCCCc1oc2ccccc2c1C(=O)c1cc(I)c(OCCN(CC)CC)c(I)c1,"InChI=1S/C25H29I2NO3/c1-4-7-11-22-23(18-10-8-9-12-21(18)31-22)24(29)17-15-19(26)25(20(27)16-17)30-14-13-28(5-2)6-3/h8-10,12,15-16H,4-7,11,13-14H2,1-3H3",CCCCc1oc2ccccc2c1C(=O)c1cc(I)c(OCCN(CC)CC)c(I)c1,amiodarone,Amiodarone hydrochloride,"NCGC00015096-10, NCGC00015096-27, NCGC00015096-11",HIGH,MODERATE,6.5,-5.13,1
1028.0,CNCC(O)c1ccc(O)c(O)c1,"InChI=1S/C9H13NO3/c1-10-5-9(13)6-2-3-7(11)8(12)4-6/h2-4,9-13H,5H2,1H3/t9-/m0/s1",CNC[C@H](O)c1ccc(O)c(O)c1,epinephrine,Epinephrine,"NCGC00261187-01, NCGC00142615-10, NCGC00015417-04, NCGC00142615-03",LOW,INACTIVE,-0.6,-0.99,0
1009.0,FC(F)OC(F)(F)C(F)Cl,"InChI=1S/C3H2ClF5O/c4-1(5)3(8,9)10-2(6)7/h1-2H",FC(F)OC(F)(F)C(F)Cl,enflurane,Enflurane,,MODERATE,LOW,2.23,-1.68,1
4654.0,CNC(=O)c1cc(Oc2ccc(NC(=O)Nc3ccc(Cl)c(C(F)(F)F)c3)c(F)c2)ccn1,"InChI=1S/C21H15ClF4N4O3/c1-27-19(31)18-10-13(6-7-28-18)33-12-3-5-17(16(23)9-12)30-20(32)29-11-2-4-15(22)14(8-11)21(24,25)26/h2-10H,1H3,(H,27,31)(H2,29,30,32)",CNC(=O)c1cc(Oc2ccc(NC(=O)Nc3ccc(Cl)c(C(F)(F)F)c3)c(F)c2)ccn1,regorafenib,Regorafenib,"NCGC00263138-10, NCGC00263138-13, NCGC00263138-01",HIGH,HIGH,4.53,-5.67,1
4575.0,O=C1C(=C2Nc3ccc(S(=O)(=O)O)cc3C2=O)Nc2ccc(S(=O)(=O)O)cc21,"InChI=1S/C16H10N2O8S2/c19-15-9-5-7(27(21,22)23)1-3-11(9)17-13(15)14-16(20)10-6-8(28(24,25)26)2-4-12(10)18-14/h1-6,17-18H,(H,21,22,23)(H,24,25,26)/b14-13+",O=C1/C(=C2\Nc3ccc(S(=O)(=O)O)cc3C2=O)Nc2ccc(S(=O)(=O)O)cc21,indigo carmine,Indigo carmine,,LOW,INACTIVE,-0.93,-3.62,0
3474.0,O=C(O)CCCCC(=O)O,"InChI=1S/C6H10O4/c7-5(8)3-1-2-4-6(9)10/h1-4H2,(H,7,8)(H,9,10)",O=C(O)CCCCC(=O)O,adipic acid,Hexanedioic acid,,LOW,INACTIVE,0.12,-0.66,0
384.0,Cc1ccc(C(=O)Oc2ccc(C(O)CNC(C)(C)C)cc2OC(=O)c2ccc(C)cc2)cc1,"InChI=1S/C28H31NO5/c1-18-6-10-20(11-7-18)26(31)33-24-15-14-22(23(30)17-29-28(3,4)5)16-25(24)34-27(32)21-12-8-19(2)9-13-21/h6-16,23,29-30H,17H2,1-5H3",Cc1ccc(C(=O)Oc2ccc(C(O)CNC(C)(C)C)cc2OC(=O)c2ccc(C)cc2)cc1,bitolterol,Bitolterol,,LOW,INACTIVE,4.54,-5.98,0
508.0,CC1(C)SC2C(NC(=O)C(C(=O)Oc3ccc4c(c3)CCC4)c3ccccc3)C(=O)N2C1C(=O)O,"InChI=1S/C26H26N2O6S/c1-26(2)20(24(31)32)28-22(30)19(23(28)35-26)27-21(29)18(15-7-4-3-5-8-15)25(33)34-17-12-11-14-9-6-10-16(14)13-17/h3-5,7-8,11-13,18-20,23H,6,9-10H2,1-2H3,(H,27,29)(H,31,32)/t18?,19-,20+,23-/m1/s1",CC1(C)S[C@@H]2[C@H](NC(=O)C(C(=O)Oc3ccc4c(c3)CCC4)c3ccccc3)C(=O)N2[C@H]1C(=O)O,carindacillin,Carbenicillin indanyl,,LOW,INACTIVE,3.57,-5.0,0
,Cc1c(Cl)c(=O)oc2cc(OP(=O)(OCCCl)OCCCl)ccc12,"InChI=1S/C14H14Cl3O6P/c1-9-11-3-2-10(8-12(11)22-14(18)13(9)17)23-24(19,20-6-4-15)21-7-5-16/h2-3,8H,4-7H2,1H3",Cc1c(Cl)c(=O)oc2cc(OP(=O)(OCCCl)OCCCl)ccc12,,Haloxon,,LOW,INACTIVE,3.4,-4.3,0
734.0,CC(=O)OCC(=O)C1(O)CCC2C3CCC4=CC(=O)CCC4(C)C3C(=O)CC21C,"InChI=1S/C23H30O6/c1-13(24)29-12-19(27)23(28)9-7-17-16-5-4-14-10-15(25)6-8-21(14,2)20(16)18(26)11-22(17,23)3/h10,16-17,20,28H,4-9,11-12H2,1-3H3/t16-,17-,20+,21-,22-,23-/m0/s1",CC(=O)OCC(=O)[C@@]1(O)CC[C@H]2[C@@H]3CCC4=CC(=O)CC[C@]4(C)[C@H]3C(=O)C[C@@]21C,cortisone acetate,Cortisone acetate,"NCGC00260956-01, NCGC00021191-15, NCGC00021191-05",LOW,INACTIVE,2.35,-4.16,0
532.0,CCC=C(C(=O)NC1C(=O)N2C(C(=O)OCOC(=O)C(C)(C)C)=C(COC(N)=O)CSC12)c1csc(N)n1,"InChI=1S/C23H29N5O8S2/c1-5-6-12(13-9-38-21(24)26-13)16(29)27-14-17(30)28-15(11(7-34-22(25)33)8-37-18(14)28)19(31)35-10-36-20(32)23(2,3)4/h6,9,14,18H,5,7-8,10H2,1-4H3,(H2,24,26)(H2,25,33)(H,27,29)/b12-6-/t14-,18-/m1/s1",CC/C=C(\C(=O)N[C@@H]1C(=O)N2C(C(=O)OCOC(=O)C(C)(C)C)=C(COC(N)=O)CS[C@H]12)c1csc(N)n1,cefcapene pivoxil,Cefcapene pivoxil hydrochloride,NCGC00183048-01,LOW,INACTIVE,2.15,-4.8,0
621.0,CN(C)CCCN1c2ccccc2Sc2ccc(Cl)cc21,"InChI=1S/C17H19ClN2S/c1-19(2)10-5-11-20-14-6-3-4-7-16(14)21-17-9-8-13(18)12-15(17)20/h3-4,6-9,12H,5,10-11H2,1-2H3",CN(C)CCCN1c2ccccc2Sc2ccc(Cl)cc21,chlorpromazine,Chlorpromazine|Chlorpromazine hydrochloride,NCGC00015273-14,HIGH,LOW,5.26,-4.88,1
1552.0,Cc1oncc1C(=O)Nc1ccc(C(F)(F)F)cc1,"InChI=1S/C12H9F3N2O2/c1-7-10(6-16-19-7)11(18)17-9-4-2-8(3-5-9)12(13,14)15/h2-6H,1H3,(H,17,18)",Cc1oncc1C(=O)Nc1ccc(C(F)(F)F)cc1,leflunomide,Leflunomide,"NCGC00015610-12, NCGC00015610-29, NCGC00015610-18",LOW,INACTIVE,2.52,-3.5,0
973.0,CC12C=CC(=O)NC1CCC1C2CCC2(C)C(C(=O)Nc3cc(C(F)(F)F)ccc3C(F)(F)F)CCC12,"InChI=1S/C27H30F6N2O2/c1-24-11-9-17-15(4-8-21-25(17,2)12-10-22(36)35-21)16(24)6-7-19(24)23(37)34-20-13-14(26(28,29)30)3-5-18(20)27(31,32)33/h3,5,10,12-13,15-17,19,21H,4,6-9,11H2,1-2H3,(H,34,37)(H,35,36)/t15-,16-,17-,19+,21+,24-,25+/m0/s1",C[C@]12CC[C@H]3[C@@H](CC[C@H]4NC(=O)C=C[C@]34C)[C@@H]1CC[C@@H]2C(=O)Nc1cc(C(F)(F)F)ccc1C(F)(F)F,dutasteride,Dutasteride,"NCGC00389726-01, NCGC00263522-02",LOW,INACTIVE,5.45,-5.78,0
,CCOC(=O)c1ccc(OCCN2CC(O)C(O)C(O)C2CO)cc1,"InChI=1S/C17H25NO7/c1-2-24-17(23)11-3-5-12(6-4-11)25-8-7-18-9-14(20)16(22)15(21)13(18)10-19/h3-6,13-16,19-22H,2,7-10H2,1H3/t13-,14+,15-,16-/m1/s1",CCOC(=O)c1ccc(OCCN2C[C@H](O)[C@@H](O)[C@H](O)[C@H]2CO)cc1,,Emiglitate,,LOW,INACTIVE,-0.24,-1.76,0
2816.0,C=Cc1c(C)c2cc3nc(cc4[nH]c(cc5nc(cc1[nH]2)C(C)=C5CCC(=O)O)c(CCC(=O)OC)c4C)C1(C)C3=CC=C(C(=O)OC)C1C(=O)OC,"InChI=1S/C41H42N4O8/c1-9-23-20(2)29-17-34-27-13-10-26(39(49)52-7)38(40(50)53-8)41(27,5)35(45-34)19-30-22(4)25(12-15-37(48)51-6)33(44-30)18-32-24(11-14-36(46)47)21(3)28(43-32)16-31(23)42-29/h9-10,13,16-19,38,42,44H,1,11-12,14-15H2,2-8H3,(H,46,47)/b28-16-,29-17-,30-19-,31-16-,32-18-,33-18-,34-17-,35-19-/t38-,41+/m0/s1",C=Cc1c(C)c2cc3nc(cc4[nH]c(cc5nc(cc1[nH]2)C(C)=C5CCC(=O)O)c(CCC(=O)OC)c4C)[C@@]1(C)C3=CC=C(C(=O)OC)[C@H]1C(=O)OC,verteporfin,Verteporfin,"NCGC00346712-05, NCGC00346712-01",HIGH,LOW,5.03,-4.73,1
,O=C1c2c(O)cccc2C(C2OC(CO)C(O)C(O)C2O)c2cc(CO)cc(O)c21,"InChI=1S/C21H22O9/c22-6-8-4-10-14(21-20(29)19(28)17(26)13(7-23)30-21)9-2-1-3-11(24)15(9)18(27)16(10)12(25)5-8/h1-5,13-14,17,19-26,28-29H,6-7H2/t13-,14-,17-,19+,20-,21+/m1/s1",O=C1c2c(O)cccc2[C@@H]([C@@H]2O[C@H](CO)[C@@H](O)[C@H](O)[C@H]2O)c2cc(CO)cc(O)c21,,,NCGC00389730-01,MODERATE,LOW,-0.49,-2.2,1
1299.0,Cc1ccc(S(=O)(=O)NC(=O)NN2CC3CCCC3C2)cc1,"InChI=1S/C15H21N3O3S/c1-11-5-7-14(8-6-11)22(20,21)17-15(19)16-18-9-12-3-2-4-13(12)10-18/h5-8,12-13H,2-4,9-10H2,1H3,(H2,16,17,19)",Cc1ccc(S(=O)(=O)NC(=O)NN2CC3CCCC3C2)cc1,gliclazide,Gliclazide,"NCGC00095107-18, NCGC00095107-10",LOW,INACTIVE,1.49,-3.23,0
123.0,C=CCOc1cc(Cl)ccc1C(=O)NCCN(CC)CC,"InChI=1S/C16H23ClN2O2/c1-4-11-21-15-12-13(17)7-8-14(15)16(20)18-9-10-19(5-2)6-3/h4,7-8,12H,1,5-6,9-11H2,2-3H3,(H,18,20)",C=CCOc1cc(Cl)ccc1C(=O)NCCN(CC)CC,alloclamide,Alloclamide,,MODERATE,MODERATE,3.54,-3.52,1
4877.0,OB1OCc2cc(F)ccc21,"InChI=1S/C7H6BFO2/c9-6-1-2-7-5(3-6)4-11-8(7)10/h1-3,10H,4H2",OB1OCc2cc(F)ccc21,tavaborole,AN-2690,,LOW,INACTIVE,1.52,-1.13,0
,CC1(C)C2CCC1(C)C(OC(=O)CSC#N)C2,"InChI=1S/C13H19NO2S/c1-12(2)9-4-5-13(12,3)10(6-9)16-11(15)7-17-8-14/h9-10H,4-7H2,1-3H3/t9-,10-,13+/m1/s1",CC1(C)[C@@H]2CC[C@@]1(C)[C@H](OC(=O)CSC#N)C2,,Thanite,,LOW,INACTIVE,3.45,-3.51,0
981.0,CC(C)c1cc2c(cc1S(=O)(=O)O)C1(C)CCCC(C)(C(=O)O)C1CC2,"InChI=1S/C20H28O5S/c1-12(2)14-10-13-6-7-17-19(3,8-5-9-20(17,4)18(21)22)15(13)11-16(14)26(23,24)25/h10-12,17H,5-9H2,1-4H3,(H,21,22)(H,23,24,25)/t17-,19-,20-/m1/s1",CC(C)c1cc2c(cc1S(=O)(=O)O)[C@@]1(C)CCC[C@@](C)(C(=O)O)[C@@H]1CC2,ecabet,Ecabet,,LOW,INACTIVE,1.5,-4.95,0
4806.0,Cc1ccc(Sc2ccccc2N2CCNCC2)c(C)c1,"InChI=1S/C18H22N2S/c1-14-7-8-17(15(2)13-14)21-18-6-4-3-5-16(18)20-11-9-19-10-12-20/h3-8,13,19H,9-12H2,1-2H3",Cc1ccc(Sc2ccccc2N2CCNCC2)c(C)c1,vortioxetine,Brintellix,NCGC00386237-01,HIGH,MODERATE,4.52,-4.92,1
1759.0,CN1C(CCl)Nc2cc(Cl)c(S(N)(=O)=O)cc2S1(=O)=O,"InChI=1S/C9H11Cl2N3O4S2/c1-14-9(4-10)13-6-2-5(11)7(19(12,15)16)3-8(6)20(14,17)18/h2-3,9,13H,4H2,1H3,(H2,12,15,16)",CN1C(CCl)Nc2cc(Cl)c(S(N)(=O)=O)cc2S1(=O)=O,methylclothiazide,Methyclothiazide,NCGC00167446-03,LOW,INACTIVE,0.92,-2.64,0
3451.0,COc1ccccc1OC(=O)Oc1ccccc1OC,"InChI=1S/C15H14O5/c1-17-11-7-3-5-9-13(11)19-15(16)20-14-10-6-4-8-12(14)18-2/h3-10H,1-2H3",COc1ccccc1OC(=O)Oc1ccccc1OC,guaiacol carbonate,Guaiacol carbonate,,LOW,MODERATE,3.29,-4.1,0
2728.0,Nc1nc(N)c2nc(-c3ccccc3)c(N)nc2n1,"InChI=1S/C12H11N7/c13-9-7(6-4-2-1-3-5-6)16-8-10(14)18-12(15)19-11(8)17-9/h1-5H,(H6,13,14,15,17,18,19)",Nc1nc(N)c2nc(-c3ccccc3)c(N)nc2n1,triamterene,Triamterene,NCGC00016016-12,LOW,INACTIVE,1.21,-2.42,0
1996.0,CCCCCCCCCCCC(CC1OC(=O)C1CCCCCC)OC(=O)C(CC(C)C)NC=O,"InChI=1S/C29H53NO5/c1-5-7-9-11-12-13-14-15-16-18-24(34-29(33)26(30-22-31)20-23(3)4)21-27-25(28(32)35-27)19-17-10-8-6-2/h22-27H,5-21H2,1-4H3,(H,30,31)/t24-,25-,26-,27-/m0/s1",CCCCCCCCCCC[C@@H](C[C@@H]1OC(=O)[C@H]1CCCCCC)OC(=O)[C@H](CC(C)C)NC=O,orlistat,Orlistat,"NCGC00095128-04, NCGC00165856-14",LOW,INACTIVE,7.61,-6.73,0
2550.0,CCOC(=O)Oc1c(OC)cc(C(=O)OC2CC3CN4CCc5c([nH]c6cc(OC)ccc56)C4CC3C(C(=O)OC)C2OC)cc1OC,"InChI=1S/C35H42N2O11/c1-7-46-35(40)48-31-26(42-3)12-18(13-27(31)43-4)33(38)47-28-14-19-17-37-11-10-22-21-9-8-20(41-2)15-24(21)36-30(22)25(37)16-23(19)29(32(28)44-5)34(39)45-6/h8-9,12-13,15,19,23,25,28-29,32,36H,7,10-11,14,16-17H2,1-6H3/t19-,23+,25-,28-,29+,32+/m1/s1",CCOC(=O)Oc1c(OC)cc(C(=O)O[C@@H]2C[C@@H]3CN4CCc5c([nH]c6cc(OC)ccc56)[C@H]4C[C@@H]3[C@H](C(=O)OC)[C@H]2OC)cc1OC,syrosingopine,Syrosingopine,,HIGH,MODERATE,4.4,-4.84,1
2705.0,Cc1ccc(O)c(C(CCN(C(C)C)C(C)C)c2ccccc2)c1,"InChI=1S/C22H31NO/c1-16(2)23(17(3)4)14-13-20(19-9-7-6-8-10-19)21-15-18(5)11-12-22(21)24/h6-12,15-17,20,24H,13-14H2,1-5H3/t20-/m1/s1",Cc1ccc(O)c([C@H](CCN(C(C)C)C(C)C)c2ccccc2)c1,tolterodine,Tolterodine Tartrate,"NCGC00263557-01, NCGC00159519-01",MODERATE,MODERATE,5.39,-4.79,1
1993.0,OCCN1CCN(CCCN2c3ccccc3C=Cc3ccccc32)CC1,"InChI=1S/C23H29N3O/c27-19-18-25-16-14-24(15-17-25)12-5-13-26-22-8-3-1-6-20(22)10-11-21-7-2-4-9-23(21)26/h1-4,6-11,27H,5,12-19H2",OCCN1CCN(CCCN2c3ccccc3C=Cc3ccccc32)CC1,opipramol,Opipramol dihydrochloride,NCGC00162068-05,MODERATE,LOW,3.21,-3.54,1
1285.0,Cc1ccc(C)c(OCCCC(C)(C)C(=O)O)c1,"InChI=1S/C15H22O3/c1-11-6-7-12(2)13(10-11)18-9-5-8-15(3,4)14(16)17/h6-7,10H,5,8-9H2,1-4H3,(H,16,17)",Cc1ccc(C)c(OCCCC(C)(C)C(=O)O)c1,gemfibrozil,Gemfibrozil,NCGC00016794-14,LOW,INACTIVE,3.59,-3.95,0
1870.0,CCN(CC)CCOC(=O)C(Cc1cccc2ccccc12)CC1CCCO1,"InChI=1S/C24H33NO3/c1-3-25(4-2)14-16-28-24(26)21(18-22-12-8-15-27-22)17-20-11-7-10-19-9-5-6-13-23(19)20/h5-7,9-11,13,21-22H,3-4,8,12,14-18H2,1-2H3",CCN(CC)CCOC(=O)C(Cc1cccc2ccccc12)CC1CCCO1,naftidrofuryl,Nafronyl oxalate,,HIGH,MODERATE,4.73,-5.78,1
714.0,CC(C)NCC(O)c1ccccc1Cl,"InChI=1S/C11H16ClNO/c1-8(2)13-7-11(14)9-5-3-4-6-10(9)12/h3-6,8,11,13-14H,7H2,1-2H3",CC(C)NCC(O)c1ccccc1Cl,clorprenaline,Clorprenaline hydrochloride,,LOW,INACTIVE,2.31,-2.36,0
,COc1ccc(-c2c(Cl)ncn2-c2ccc(S(N)(=O)=O)cc2)cc1F,"InChI=1S/C16H13ClFN3O3S/c1-24-14-7-2-10(8-13(14)18)15-16(17)20-9-21(15)11-3-5-12(6-4-11)25(19,22)23/h2-9H,1H3,(H2-,19,22,23)",COc1ccc(-c2c(Cl)ncn2-c2ccc([S+](N)(=O)[O-])cc2)cc1F,,Cimicoxib,,MODERATE,MODERATE,3.21,-4.33,1
,O=C1CCC(C(=O)O)N1,"InChI=1S/C5H7NO3/c7-4-2-1-3(6-4)5(8)9/h3H,1-2H2,(H,6,7)(H,8,9)",O=C1CCC(C(=O)O)N1,,2-Pyrrolidone-5-carboxylic acid,,LOW,INACTIVE,-0.99,0.07,0
,CC(=O)Oc1cccc(O)c1,"InChI=1S/C8H8O3/c1-6(9)11-8-4-2-3-7(10)5-8/h2-5,10H,1H3",CC(=O)Oc1cccc(O)c1,,Resorcinol monoacetate,,LOW,INACTIVE,1.79,-1.66,0
430.0,CC(C)(C)NCC(O)COc1ccccc1C#N,"InChI=1S/C14H20N2O2/c1-14(2,3)16-9-12(17)10-18-13-7-5-4-6-11(13)8-15/h4-7,12,16-17H,9-10H2,1-3H3",CC(C)(C)NCC(O)COc1ccccc1C#N,bunitrolol,BUNITROLOL,,LOW,INACTIVE,1.86,-3.2,0
2639.0,CN1CCN(CCC=C2c3ccccc3Sc3ccc(S(=O)(=O)N(C)C)cc32)CC1,"InChI=1S/C23H29N3O2S2/c1-24(2)30(27,28)18-10-11-23-21(17-18)19(20-7-4-5-9-22(20)29-23)8-6-12-26-15-13-25(3)14-16-26/h4-5,7-11,17H,6,12-16H2,1-3H3/b19-8-",CN1CCN(CC/C=C2/c3ccccc3Sc3ccc(S(=O)(=O)N(C)C)cc32)CC1,thiothixene,THIOTHIXENE,,HIGH,MODERATE,4.01,-4.5,1
687.0,NC(=O)C1(N2CCCCC2)CCN(CCCN2c3ccccc3CCc3ccc(Cl)cc32)CC1,"InChI=1S/C28H37ClN4O/c29-24-12-11-23-10-9-22-7-2-3-8-25(22)33(26(23)21-24)18-6-15-31-19-13-28(14-20-31,27(30)34)32-16-4-1-5-17-32/h2-3,7-8,11-12,21H,1,4-6,9-10,13-20H2,(H2,30,34)",NC(=O)C1(N2CCCCC2)CCN(CCCN2c3ccccc3CCc3ccc(Cl)cc32)CC1,clocapramine,Clocapramine,,HIGH,LOW,5.14,-4.75,1
1018.0,CCN(CC)C(=O)C(C#N)=Cc1cc(O)c(O)c([N+](=O)[O-])c1,"InChI=1S/C14H15N3O5/c1-3-16(4-2)14(20)10(8-15)5-9-6-11(17(21)22)13(19)12(18)7-9/h5-7,18-19H,3-4H2,1-2H3/b10-5+",CCN(CC)C(=O)/C(C#N)=C/c1cc(O)c(O)c([N+](=O)[O-])c1,entacapone,Entacapone,,LOW,INACTIVE,2.46,-3.58,0
,CC(CN(C)C)CN1c2ccccc2Sc2ccc(C(F)(F)F)cc21,"InChI=1S/C19H21F3N2S/c1-13(11-23(2)3)12-24-15-6-4-5-7-17(15)25-18-9-8-14(10-16(18)24)19(20,21)22/h4-10,13H,11-12H2,1-3H3",CC(CN(C)C)CN1c2ccccc2Sc2ccc(C(F)(F)F)cc21,,Trifluomeprazine 2-butenedioate,,HIGH,LOW,5.61,-5.54,1
4870.0,CCOC(=O)NC1CCC2C(C1)CC1C(=O)OC(C)C1C2C=Cc1ccc(-c2cccc(F)c2)cn1,"InChI=1S/C29H33FN2O4/c1-3-35-29(34)32-23-10-11-24-20(14-23)15-26-27(17(2)36-28(26)33)25(24)12-9-22-8-7-19(16-31-22)18-5-4-6-21(30)13-18/h4-9,12-13,16-17,20,23-27H,3,10-11,14-15H2,1-2H3,(H,32,34)/b12-9+/t17-,20+,23-,24-,25+,26-,27+/m1/s1",CCOC(=O)N[C@@H]1CC[C@@H]2[C@@H](C1)C[C@H]1C(=O)O[C@H](C)[C@H]1[C@H]2/C=C/c1ccc(-c2cccc(F)c2)cn1,vorapaxar,Vorapaxar Sulfate,"NCGC00263108-02, NCGC00263108-01",HIGH,LOW,5.0,-5.88,1
2041.0,CN(C)C1C(O)=C(C(N)=O)C(=O)C2(O)C(O)=C3C(=O)c4c(O)cccc4C(C)(O)C3C(O)C12,"InChI=1S/C22H24N2O9/c1-21(32)7-5-4-6-8(25)9(7)15(26)10-12(21)17(28)13-14(24(2)3)16(27)11(20(23)31)19(30)22(13,33)18(10)29/h4-6,12-14,17,25,27-29,32-33H,1-3H3,(H2,23,31)/t12-,13-,14+,17+,21-,22+/m1/s1",CN(C)[C@@H]1C(O)=C(C(N)=O)C(=O)[C@@]2(O)C(O)=C3C(=O)c4c(O)cccc4[C@@](C)(O)[C@H]3[C@H](O)[C@@H]12,oxytetracycline,Oxytetracycline,NCGC00091268-11,LOW,INACTIVE,-1.1,-2.52,0
2445.0,CCC(C)(C)C(=O)OC1CC(C)C=C2C=CC(C)C(CCC3CC(O)CC(=O)O3)C21,"InChI=1S/C25H38O5/c1-6-25(4,5)24(28)30-21-12-15(2)11-17-8-7-16(3)20(23(17)21)10-9-19-13-18(26)14-22(27)29-19/h7-8,11,15-16,18-21,23,26H,6,9-10,12-14H2,1-5H3/t15-,16-,18+,19+,20-,21-,23-/m0/s1",CCC(C)(C)C(=O)O[C@H]1C[C@@H](C)C=C2C=C[C@H](C)[C@H](CC[C@@H]3C[C@@H](O)CC(=O)O3)[C@H]21,simvastatin,Simvastatin,"NCGC00017324-15, NCGC00017324-08",HIGH,MODERATE,4.51,-4.56,1
1279.0,CCNC(=NCCCCC(NC(=O)C(Cc1ccc(O)cc1)NC(=O)C(CO)NC(=O)C(Cc1cccnc1)NC(=O)C(Cc1ccc(Cl)cc1)NC(=O)C(Cc1ccc2ccccc2c1)NC(C)=O)C(=O)NC(CC(C)C)C(=O)NC(CCCCN=C(NCC)NCC)C(=O)N1CCCC1C(=O)NC(C)C(N)=O)NCC,"InChI=1S/C80H113ClN18O13/c1-9-84-79(85-10-2)88-38-17-15-24-60(70(104)94-62(41-49(5)6)71(105)93-61(25-16-18-39-89-80(86-11-3)87-12-4)78(112)99-40-20-26-68(99)77(111)90-50(7)69(82)103)92-73(107)64(44-53-30-35-59(102)36-31-53)97-76(110)67(48-100)98-75(109)66(46-55-21-19-37-83-47-55)96-74(108)65(43-52-28-33-58(81)34-29-52)95-72(106)63(91-51(8)101)45-54-27-32-56-22-13-14-23-57(56)42-54/h13-14,19,21-23,27-37,42,47,49-50,60-68,100,102H,9-12,15-18,20,24-26,38-41,43-46,48H2,1-8H3,(H2,82,103)(H,90,111)(H,91,101)(H,92,107)(H,93,105)(H,94,104)(H,95,106)(H,96,108)(H,97,110)(H,98,109)(H2,84,85,88)(H2,86,87,89)/t50-,60-,61+,62+,63-,64+,65-,66-,67+,68+/m1/s1",CCNC(=NCCCC[C@H](NC(=O)[C@H](CC(C)C)NC(=O)[C@@H](CCCCN=C(NCC)NCC)NC(=O)[C@H](Cc1ccc(O)cc1)NC(=O)[C@H](CO)NC(=O)[C@@H](Cc1cccnc1)NC(=O)[C@@H](Cc1ccc(Cl)cc1)NC(=O)[C@@H](Cc1ccc2ccccc2c1)NC(C)=O)C(=O)N1CCC[C@H]1C(=O)N[C@H](C)C(N)=O)NCC,ganirelix,Ganirelix,,LOW,INACTIVE,,,0
1247.0,O=C1NC(c2ccccc2)(c2ccccc2)C(=O)N1COP(=O)(O)O,"InChI=1S/C16H15N2O6P/c19-14-16(12-7-3-1-4-8-12,13-9-5-2-6-10-13)17-15(20)18(14)11-24-25(21,22)23/h1-10H,11H2,(H,17,20)(H2,21,22,23)",O=C1NC(c2ccccc2)(c2ccccc2)C(=O)N1COP(=O)(O)O,fosphenytoin,Fosphenytoin,,LOW,INACTIVE,1.08,-3.4,0
,O=C([O-])P(=O)([O-])[O-],"InChI=1S/CH3O5P/c2-1(3)7(4,5)6/h(H,2,3)(H2,4,5,6)/p-3",O=C([O-])P(=O)([O-])[O-],,Foscarnet trisodium,,LOW,INACTIVE,-1.63,-0.88,0
,CCOC(=O)C=C(C)C=CCC(C)CCCC(C)C,"InChI=1S/C17H30O2/c1-6-19-17(18)13-16(5)12-8-11-15(4)10-7-9-14(2)3/h8,12-15H,6-7,9-11H2,1-5H3/b12-8+,16-13+/t15-/m0/s1",CCOC(=O)/C=C(C)/C=C/C[C@@H](C)CCCC(C)C,,S-Hydroprene,,LOW,INACTIVE,6.22,-5.44,0
660.0,COc1cc(N)c(Cl)cc1C(=O)NC1CCN(CCCOc2ccc(F)cc2)CC1OC,"InChI=1S/C23H29ClFN3O4/c1-30-21-13-19(26)18(24)12-17(21)23(29)27-20-8-10-28(14-22(20)31-2)9-3-11-32-16-6-4-15(25)5-7-16/h4-7,12-13,20,22H,3,8-11,14,26H2,1-2H3,(H,27,29)",COc1cc(N)c(Cl)cc1C(=O)NC1CCN(CCCOc2ccc(F)cc2)CC1OC,cisapride,Cisapride,,MODERATE,MODERATE,2.92,-4.59,1
1943.0,CC(=O)Oc1ccccc1C(=O)Nc1ncc([N+](=O)[O-])s1,"InChI=1S/C12H9N3O5S/c1-7(16)20-9-5-3-2-4-8(9)11(17)14-12-13-6-10(21-12)15(18)19/h2-6H,1H3,(H,13,14,17)",CC(=O)Oc1ccccc1C(=O)Nc1ncc([N+](=O)[O-])s1,nitazoxanide,Nitazoxanide,"NCGC00090774-12, NCGC00090774-03",HIGH,MODERATE,2.15,-4.61,1
2277.0,Nc1ccc2cc3ccc(N)cc3nc2c1,"InChI=1S/C13H11N3/c14-10-3-1-8-5-9-2-4-11(15)7-13(9)16-12(8)6-10/h1-7H,14-15H2",Nc1ccc2cc3ccc(N)cc3nc2c1,proflavine,Proflavin hemisulfate,,HIGH,HIGH,2.1,-3.3,1
2359.0,COc1ccccc1OCC(O)CN1CCN(CC(=O)Nc2c(C)cccc2C)CC1,"InChI=1S/C24H33N3O4/c1-18-7-6-8-19(2)24(18)25-23(29)16-27-13-11-26(12-14-27)15-20(28)17-31-22-10-5-4-9-21(22)30-3/h4-10,20,28H,11-17H2,1-3H3,(H,25,29)",COc1ccccc1OCC(O)CN1CCN(CC(=O)Nc2c(C)cccc2C)CC1,ranolazine,Ranolazine,"NCGC00261747-01, NCGC00015897-06",MODERATE,LOW,2.08,-3.59,1
3446.0,C=CCCCCCCCCC(=O)O,"InChI=1S/C11H20O2/c1-2-3-4-5-6-7-8-9-10-11(12)13/h2H,1,3-10H2,(H,12,13)",C=CCCCCCCCCC(=O)O,undecylenic acid,ZINC UNDECYLENATE,NCGC00159425-04,LOW,INACTIVE,3.84,-3.99,0
2807.0,CNC(CC(C)C)C(=O)NC1C(=O)NC(CC(N)=O)C(=O)NC2C(=O)NC3C(=O)NC(C(=O)NC(C(=O)O)c4cc(O)cc(O)c4-c4cc3ccc4O)C(O)c3ccc(c(Cl)c3)Oc3cc2cc(c3OC2OC(CO)C(O)C(O)C2OC2CC(C)(N)C(O)C(C)O2)Oc2ccc(cc2Cl)C1O,"InChI=1S/C66H75Cl2N9O24/c1-23(2)12-34(71-5)58(88)76-49-51(83)26-7-10-38(32(67)14-26)97-40-16-28-17-41(55(40)101-65-56(54(86)53(85)42(22-78)99-65)100-44-21-66(4,70)57(87)24(3)96-44)98-39-11-8-27(15-33(39)68)52(84)50-63(93)75-48(64(94)95)31-18-29(79)19-37(81)45(31)30-13-25(6-9-36(30)80)46(60(90)77-50)74-61(91)47(28)73-59(89)35(20-43(69)82)72-62(49)92/h6-11,13-19,23-24,34-35,42,44,46-54,56-57,65,71,78-81,83-87H,12,20-22,70H2,1-5H3,(H2,69,82)(H,72,92)(H,73,89)(H,74,91)(H,75,93)(H,76,88)(H,77,90)(H,94,95)/t24-,34+,35-,42+,44-,46+,47+,48-,49+,50-,51+,52+,53+,54-,56+,57+,65-,66-/m0/s1",CN[C@H](CC(C)C)C(=O)N[C@H]1C(=O)N[C@@H](CC(N)=O)C(=O)N[C@H]2C(=O)N[C@H]3C(=O)N[C@H](C(=O)N[C@H](C(=O)O)c4cc(O)cc(O)c4-c4cc3ccc4O)[C@H](O)c3ccc(c(Cl)c3)Oc3cc2cc(c3O[C@@H]2O[C@H](CO)[C@@H](O)[C@H](O)[C@H]2O[C@H]2C[C@](C)(N)[C@H](O)[C@H](C)O2)Oc2ccc(cc2Cl)[C@H]1O,vancomycin,Vancomycin hydrochloride,"NCGC00261952-01, NCGC00162383-05, NCGC00162383-02",LOW,INACTIVE,,,0
1684.0,CC1(S(=O)(=O)O)CC(=O)c2ccccc2C1=O,"InChI=1S/C11H10O5S/c1-11(17(14,15)16)6-9(12)7-4-2-3-5-8(7)10(11)13/h2-5H,6H2,1H3,(H,14,15,16)",CC1(S(=O)(=O)O)CC(=O)c2ccccc2C1=O,menadione sodium bisulfite,Menadione sodium bisulfite,,LOW,INACTIVE,-0.47,-2.14,0
761.0,NS(=O)(=O)c1cc2c(cc1Cl)NC(C1CC3C=CC1C3)NS2(=O)=O,"InChI=1S/C14H16ClN3O4S2/c15-10-5-11-13(6-12(10)23(16,19)20)24(21,22)18-14(17-11)9-4-7-1-2-8(9)3-7/h1-2,5-9,14,17-18H,3-4H2,(H2,16,19,20)",NS(=O)(=O)c1cc2c(cc1Cl)NC(C1CC3C=CC1C3)NS2(=O)=O,cyclothiazide,Cyclothiazide,,MODERATE,INACTIVE,1.32,-3.15,1
,Cc1ccc(S(=O)(=O)[O-])cc1C,"InChI=1S/C8H10O3S/c1-6-3-4-8(5-7(6)2)12(9,10)11/h3-5H,1-2H3,(H,9,10,11)/p-1",Cc1ccc(S(=O)(=O)[O-])cc1C,,Sodium xylenesulfonate,,LOW,INACTIVE,-0.65,-2.28,0
,CC1CCC2C(C)C3C(CC4C5CC=C6CC(OC7OC(CO)C(O)C(OC8OC(CO)C(O)C(O)C8O)C7OC7OC(C)C(O)C(O)C7O)CCC6(C)C5CCC43C)N2C1,"InChI=1S/C45H73NO15/c1-19-6-9-27-20(2)31-28(46(27)16-19)15-26-24-8-7-22-14-23(10-12-44(22,4)25(24)11-13-45(26,31)5)57-43-40(61-41-37(54)35(52)32(49)21(3)56-41)39(34(51)30(18-48)59-43)60-42-38(55)36(53)33(50)29(17-47)58-42/h7,19-21,23-43,47-55H,6,8-18H2,1-5H3/t19-,20+,21-,23-,24+,25-,26-,27+,28-,29+,30+,31-,32-,33+,34-,35+,36-,37+,38+,39-,40+,41-,42-,43+,44-,45-/m0/s1",C[C@H]1CC[C@@H]2[C@@H](C)[C@H]3[C@H](C[C@H]4[C@@H]5CC=C6C[C@@H](O[C@@H]7O[C@H](CO)[C@H](O)[C@H](O[C@@H]8O[C@H](CO)[C@@H](O)[C@H](O)[C@H]8O)[C@H]7O[C@@H]7O[C@@H](C)[C@H](O)[C@@H](O)[C@H]7O)CC[C@]6(C)[C@H]5CC[C@@]43C)N2C1,,Solanine alpha,,HIGH,MODERATE,,-3.15,1
,OC(COc1cccc2ncccc12)CN1CCN(C2c3ccccc3C3C(c4ccccc42)C3(F)F)CC1,"InChI=1S/C32H31F2N3O2/c33-32(34)29-22-7-1-3-9-24(22)31(25-10-4-2-8-23(25)30(29)32)37-17-15-36(16-18-37)19-21(38)20-39-28-13-5-12-27-26(28)11-6-14-35-27/h1-14,21,29-31,38H,15-20H2/t21-,29-,30+,31-/m1/s1",O[C@@H](COc1cccc2ncccc12)CN1CCN([C@@H]2c3ccccc3[C@@H]3[C@H](c4ccccc42)C3(F)F)CC1,,Zosuquidar trihydrochloride,,MODERATE,LOW,5.17,-4.74,1
2082.0,CC1(C)SC2C(NC(=O)Cc3ccccc3)C(=O)N2C1C(=O)O,"InChI=1S/C16H18N2O4S/c1-16(2)12(15(21)22)18-13(20)11(14(18)23-16)17-10(19)8-9-6-4-3-5-7-9/h3-7,11-12,14H,8H2,1-2H3,(H,17,19)(H,21,22)/t11-,12+,14-/m1/s1",CC1(C)S[C@@H]2[C@H](NC(=O)Cc3ccccc3)C(=O)N2[C@H]1C(=O)O,benzylpenicillin,Penicillin G Sodium,NCGC00021679-07,MODERATE,LOW,1.92,-3.07,1
626.0,O=c1[nH]c2cc(Cl)ccc2o1,"InChI=1S/C7H4ClNO2/c8-4-1-2-6-5(3-4)9-7(10)11-6/h1-3H,(H,9,10)",O=c1[nH]c2cc(Cl)ccc2o1,chlorzoxazone,Chlorzoxazone,NCGC00015238-09,LOW,INACTIVE,1.9,-1.76,0
,O=C(c1ccccc1)c1ccccc1,InChI=1S/C13H10O/c14-13(11-7-3-1-4-8-11)12-9-5-2-6-10-12/h1-10H,O=C(c1ccccc1)c1ccccc1,,Benzophenone,,LOW,INACTIVE,3.03,-3.66,0
3825.0,COC(=O)C1C2CC3c4[nH]c5cc(OC)ccc5c4CCN3CC2CC(OC(=O)C=Cc2ccc(O)c(OC)c2)C1OC,"InChI=1S/C33H38N2O8/c1-39-20-7-8-21-22-11-12-35-17-19-14-28(43-29(37)10-6-18-5-9-26(36)27(13-18)40-2)32(41-3)30(33(38)42-4)23(19)16-25(35)31(22)34-24(21)15-20/h5-10,13,15,19,23,25,28,30,32,34,36H,11-12,14,16-17H2,1-4H3/b10-6+/t19-,23+,25-,28-,30+,32+/m1/s1",COC(=O)[C@H]1[C@H]2C[C@@H]3c4[nH]c5cc(OC)ccc5c4CCN3C[C@H]2C[C@@H](OC(=O)/C=C/c2ccc(O)c(OC)c2)[C@@H]1OC,rescimetol,Rescimetol,,HIGH,LOW,3.98,-4.81,1
2390.0,CC(NCCc1ccc(O)cc1)C(O)c1ccc(O)cc1,"InChI=1S/C17H21NO3/c1-12(17(21)14-4-8-16(20)9-5-14)18-11-10-13-2-6-15(19)7-3-13/h2-9,12,17-21H,10-11H2,1H3/t12-,17-/m1/s1",C[C@@H](NCCc1ccc(O)cc1)[C@@H](O)c1ccc(O)cc1,ritodrine,Ritodrine hydrochloride,NCGC00162324-02,LOW,INACTIVE,1.8,-3.21,0
460.0,C=CCN1CC(C(=O)N(CCCN(C)C)C(=O)NCC)CC2c3cccc4[nH]cc(c34)CC21,"InChI=1S/C26H37N5O2/c1-5-11-30-17-19(25(32)31(26(33)27-6-2)13-8-12-29(3)4)14-21-20-9-7-10-22-24(20)18(16-28-22)15-23(21)30/h5,7,9-10,16,19,21,23,28H,1,6,8,11-15,17H2,2-4H3,(H,27,33)/t19-,21-,23-/m1/s1",C=CCN1C[C@H](C(=O)N(CCCN(C)C)C(=O)NCC)C[C@@H]2c3cccc4[nH]cc(c34)C[C@H]21,cabergoline,Cabergoline,NCGC00378744-02,HIGH,MODERATE,2.95,-3.85,1
2354.0,O=C(O)CCn1c2c(c3ccccc31)CC(NS(=O)(=O)c1ccc(F)cc1)CC2,"InChI=1S/C21H21FN2O4S/c22-14-5-8-16(9-6-14)29(27,28)23-15-7-10-20-18(13-15)17-3-1-2-4-19(17)24(20)12-11-21(25)26/h1-6,8-9,15,23H,7,10-13H2,(H,25,26)/t15-/m1/s1",O=C(O)CCn1c2c(c3ccccc31)C[C@H](NS(=O)(=O)c1ccc(F)cc1)CC2,ramatroban,Ramatroban,"NCGC00167519-07, NCGC00167519-04",LOW,INACTIVE,2.3,-4.26,0
90.0,Nc1ncnc2c1ncn2C1OC(CO)C(O)C1O,"InChI=1S/C10H13N5O4/c11-8-5-9(13-2-12-8)15(3-14-5)10-7(18)6(17)4(1-16)19-10/h2-4,6-7,10,16-18H,1H2,(H2,11,12,13)/t4-,6-,7-,10-/m1/s1",Nc1ncnc2c1ncn2[C@@H]1O[C@H](CO)[C@@H](O)[C@H]1O,adenosine,Adenosine,"NCGC00023673-07, NCGC00023673-18, NCGC00023673-08, NCGC00178869-03",LOW,INACTIVE,-1.21,-1.28,0
4727.0,C=C1C(=CC=C2CCCC3(C)C2CCC3C(C)CCC(O)C(C)C)CC(O)CC1O,"InChI=1S/C27H44O3/c1-17(2)25(29)13-8-18(3)23-11-12-24-20(7-6-14-27(23,24)5)9-10-21-15-22(28)16-26(30)19(21)4/h9-10,17-18,22-26,28-30H,4,6-8,11-16H2,1-3,5H3/b20-9+,21-10-/t18-,22-,23-,24+,25-,26+,27-/m1/s1",C=C1/C(=C\C=C2/CCC[C@@]3(C)[C@H]2CC[C@@H]3[C@H](C)CC[C@@H](O)C(C)C)C[C@@H](O)C[C@@H]1O,tacalcitol,Tacalcitol,,MODERATE,LOW,5.35,-4.62,1
2424.0,CN1C2CC(OC(=O)C(CO)c3ccccc3)CC1C1OC12,"InChI=1S/C17H21NO4/c1-18-13-7-11(8-14(18)16-15(13)22-16)21-17(20)12(9-19)10-5-3-2-4-6-10/h2-6,11-16,19H,7-9H2,1H3/t11-,12-,13+,14-,15+,16-/m1/s1",CN1[C@H]2C[C@@H](OC(=O)[C@H](CO)c3ccccc3)C[C@@H]1[C@H]1O[C@@H]21,scopolamine,Scopolamine hydrobromide,,LOW,INACTIVE,1.41,-1.65,0
1170.0,CC(C)(C(=O)O)c1ccc(C(O)CCCN2CCC(C(O)(c3ccccc3)c3ccccc3)CC2)cc1,"InChI=1S/C32H39NO4/c1-31(2,30(35)36)25-17-15-24(16-18-25)29(34)14-9-21-33-22-19-28(20-23-33)32(37,26-10-5-3-6-11-26)27-12-7-4-8-13-27/h3-8,10-13,15-18,28-29,34,37H,9,14,19-23H2,1-2H3,(H,35,36)",CC(C)(C(=O)O)c1ccc(C(O)CCCN2CCC(C(O)(c3ccccc3)c3ccccc3)CC2)cc1,fexofenadine,Fexofenadine hydrochloride,"NCGC00015453-10, NCGC00015453-06",LOW,LOW,5.02,-5.3,0
2860.0,CC1CCCC(O)CCCCCc2cc(O)cc(O)c2C(=O)O1,"InChI=1S/C18H26O5/c1-12-6-5-9-14(19)8-4-2-3-7-13-10-15(20)11-16(21)17(13)18(22)23-12/h10-12,14,19-21H,2-9H2,1H3/t12-,14+/m0/s1",C[C@H]1CCC[C@H](O)CCCCCc2cc(O)cc(O)c2C(=O)O1,zeranol,,NCGC00184708-02,HIGH,MODERATE,3.23,-3.29,1
1112.0,COc1cc(C2c3cc4c(cc3C(OC3OC5COC(C)OC5C(O)C3O)C3COC(=O)C23)OCO4)cc(OC)c1O,"InChI=1S/C29H32O13/c1-11-36-9-20-27(40-11)24(31)25(32)29(41-20)42-26-14-7-17-16(38-10-39-17)6-13(14)21(22-15(26)8-37-28(22)33)12-4-18(34-2)23(30)19(5-12)35-3/h4-7,11,15,20-22,24-27,29-32H,8-10H2,1-3H3/t11-,15+,20-,21-,22+,24-,25-,26-,27-,29+/m1/s1",COc1cc([C@@H]2c3cc4c(cc3[C@@H](O[C@@H]3O[C@@H]5CO[C@@H](C)O[C@H]5[C@H](O)[C@H]3O)[C@H]3COC(=O)[C@H]23)OCO4)cc(OC)c1O,etoposide,Etoposide,NCGC00179504-06,HIGH,MODERATE,0.72,-2.78,1
1675.0,CN(C)CCC=C1c2ccccc2C(C)(C)c2ccccc21,"InChI=1S/C21H25N/c1-21(2)19-13-7-5-10-17(19)16(12-9-15-22(3)4)18-11-6-8-14-20(18)21/h5-8,10-14H,9,15H2,1-4H3",CN(C)CCC=C1c2ccccc2C(C)(C)c2ccccc21,melitracen,Melitracen hydrochloride,,HIGH,MODERATE,5.58,-4.96,1
105.0,CC(C)(C)NCC(O)c1ccc(O)c(CO)c1,"InChI=1S/C13H21NO3/c1-13(2,3)14-7-12(17)9-4-5-11(16)10(6-9)8-15/h4-6,12,14-17H,7-8H2,1-3H3",CC(C)(C)NCC(O)c1ccc(O)c(CO)c1,salbutamol,Salbutamol sulfate,"NCGC00015955-22, NCGC00261783-01, NCGC00015955-09",LOW,INACTIVE,0.59,-2.05,0
3312.0,COc1cc2c(cc1OC)CC(=O)N(CCCN(C)CC1Cc3cc(OC)c(OC)cc31)CC2,"InChI=1S/C27H36N2O5/c1-28(17-21-11-20-14-25(33-4)26(34-5)16-22(20)21)8-6-9-29-10-7-18-12-23(31-2)24(32-3)13-19(18)15-27(29)30/h12-14,16,21H,6-11,15,17H2,1-5H3/t21-/m1/s1",COc1cc2c(cc1OC)CC(=O)N(CCCN(C)C[C@H]1Cc3cc(OC)c(OC)cc31)CC2,ivabradine,Ivabradine hydrochloride,"NCGC00181343-04, NCGC00181343-01",MODERATE,LOW,3.13,-4.37,1
1388.0,CC12CCC(=O)C=C1CCC1C2C(O)CC2(C)C1CCC2(O)C(=O)CO,"InChI=1S/C21H30O5/c1-19-7-5-13(23)9-12(19)3-4-14-15-6-8-21(26,17(25)11-22)20(15,2)10-16(24)18(14)19/h9,14-16,18,22,24,26H,3-8,10-11H2,1-2H3/t14-,15-,16-,18+,19-,20-,21-/m0/s1",C[C@]12C[C@H](O)[C@H]3[C@@H](CCC4=CC(=O)CC[C@@]43C)[C@@H]1CC[C@]2(O)C(=O)CO,hydrocortisone,Hydrocortisone,"NCGC00022848-25, NCGC00022848-12, NCGC00022848-06",LOW,INACTIVE,1.71,-3.26,0
,CCCCCCCCCCCCNCCNCCNCC(=O)O,"InChI=1S/C18H39N3O2/c1-2-3-4-5-6-7-8-9-10-11-12-19-13-14-20-15-16-21-17-18(22)23/h19-21H,2-17H2,1H3,(H,22,23)",CCCCCCCCCCCCNCCNCCNCC(=O)O,,,NCGC00274269-01,HIGH,MODERATE,2.05,-4.36,1
1627.0,CC(C)OC(=O)C(C(=O)OC(C)C)=C1SC=CS1,"InChI=1S/C12H16O4S2/c1-7(2)15-10(13)9(11(14)16-8(3)4)12-17-5-6-18-12/h5-8H,1-4H3",CC(C)OC(=O)C(C(=O)OC(C)C)=C1SC=CS1,malotilate,Malotilate,"NCGC00164588-06, NCGC00164588-03",MODERATE,LOW,3.58,-3.8,1
4130.0,NC(CSSCC(N)C(=O)O)C(=O)O,"InChI=1S/C6H12N2O4S2/c7-3(5(9)10)1-13-14-2-4(8)6(11)12/h3-4H,1-2,7-8H2,(H,9,10)(H,11,12)/t3-,4-/m0/s1",N[C@@H](CSSC[C@H](N)C(=O)O)C(=O)O,cystine,L-Cystine,,LOW,INACTIVE,-3.16,-1.16,0
,Nc1c(NCC=CCOc2cc(CN3CCCCC3)ccn2)c(=O)c1=O,"InChI=1S/C19H24N4O3/c20-16-17(19(25)18(16)24)22-7-2-5-11-26-15-12-14(6-8-21-15)13-23-9-3-1-4-10-23/h2,5-6,8,12,22H,1,3-4,7,9-11,13,20H2/b5-2-",Nc1c(NC/C=C\COc2cc(CN3CCCCC3)ccn2)c(=O)c1=O,,Pibutidine,,MODERATE,LOW,2.14,-3.5,1
,CC(=O)OC1CC(OC2C(O)CC(OC3C(O)CC(OC4CCC5(C)C(CCC6C5CC(O)C5(C)C(C7=CC(=O)OC7)CCC65O)C4)OC3C)OC2C)OC(C)C1OC1OC(CO)C(O)C(O)C1O,"InChI=1S/C49H76O20/c1-21-43(67-38-17-32(53)44(22(2)62-38)68-39-18-33(64-24(4)51)45(23(3)63-39)69-46-42(58)41(57)40(56)34(19-50)66-46)31(52)16-37(61-21)65-27-9-11-47(5)26(14-27)7-8-29-30(47)15-35(54)48(6)28(10-12-49(29,48)59)25-13-36(55)60-20-25/h13,21-23,26-35,37-46,50,52-54,56-59H,7-12,14-20H2,1-6H3/t21?,22?,23-,26?,27?,28?,29?,30?,31?,32?,33?,34?,35?,37-,38+,39+,40?,41?,42?,43+,44+,45-,46-,47-,48-,49-/m1/s1",CC(=O)OC1C[C@H](O[C@@H]2C(O)C[C@H](O[C@@H]3C(O)C[C@@H](OC4CC[C@]5(C)C(CCC6C5CC(O)[C@@]5(C)C(C7=CC(=O)OC7)CC[C@@]65O)C4)OC3C)OC2C)O[C@H](C)[C@H]1O[C@H]1OC(CO)C(O)C(O)C1O,,,NCGC00094932-04,HIGH,HIGH,,-3.52,1
,O=c1c(-c2ccccc2)c1-c1ccccc1,InChI=1S/C15H10O/c16-15-13(11-7-3-1-4-8-11)14(15)12-9-5-2-6-10-12/h1-10H,O=c1c(-c2ccccc2)c1-c1ccccc1,,Diphenylcyclopropenone,,MODERATE,MODERATE,3.72,-4.31,1
