DC.ID,SMILES_stand,InChI,SMILES,DC.NAME,NCATS.SYNONYMS,NCGC.ID,cytotox.ACTIVITY,cytotox.SIGNIFICANCE,logPow {predicted by ochem.eu/model/535 in Log unit},Aqueous Solubility {predicted by ochem.eu/model/536 in log(mol/L)},Label
3408.0,Clc1ccc(CON=C(Cn2ccnc2)c2ccc(Cl)cc2Cl)c(Cl)c1,,Clc1ccc(CO/N=C(\Cn2ccnc2)c2ccc(Cl)cc2Cl)c(Cl)c1,oxiconazole,Oxiconazole nitrate,,HIGH,LOW,5.43,-5.35,1
3429.0,FC(F)(F)C(F)(F)C(F)(F)C(F)(F)C(F)(F)C(F)(F)F,,FC(F)(F)C(F)(F)C(F)(F)C(F)(F)C(F)(F)C(F)(F)F,perflexane,Perflexane,,LOW,INACTIVE,4.19,-3.98,0
,COc1ccc2c(c1)c(C1=C(c3c[nH]c4ccccc34)C(=O)NC1=O)cn2CCCN(C)C,,COc1ccc2c(c1)c(C1=C(c3c[nH]c4ccccc34)C(=O)NC1=O)cn2CCCN(C)C,,,NCGC00163505-09,MODERATE,LOW,4.21,-4.78,1
,Cn1ncc(Cl)c1-c1cc(C(=O)NC(CN)Cc2ccc(F)c(F)c2)sc1Cl,,Cn1ncc(Cl)c1-c1cc(C(=O)N[C@H](CN)Cc2ccc(F)c(F)c2)sc1Cl,,,NCGC00390611-02,HIGH,MODERATE,3.44,-4.91,1
351.0,CC1CC2C3CCC4=CC(=O)C=CC4(C)C3(F)C(O)CC2(C)C1(OC(=O)c1ccccc1)C(=O)CO,,C[C@H]1C[C@H]2[C@@H]3CCC4=CC(=O)C=C[C@]4(C)[C@@]3(F)[C@@H](O)C[C@]2(C)[C@@]1(OC(=O)c1ccccc1)C(=O)CO,betamethasone benzoate,,NCGC00183040-01,LOW,INACTIVE,3.77,-5.12,0
1581.0,CCCCC(C)CC(O)C=CC1C(O)CC(=O)C1CCCCC=CC(=O)O,,CCCC[C@H](C)C[C@H](O)/C=C/[C@H]1[C@H](O)CC(=O)[C@@H]1CCCC/C=C/C(=O)O,limaprost,Limaprost,,LOW,INACTIVE,4.0,-4.23,0
,Cc1cc(C(=O)N2CCN(c3cccc(Cl)c3)CC2)n(-c2ccccc2)n1,,Cc1cc(C(=O)N2CCN(c3cccc(Cl)c3)CC2)n(-c2ccccc2)n1,,,NCGC00346805-02,MODERATE,MODERATE,4.3,-3.76,1
2339.0,CCCN1CC(NS(=O)(=O)N(CC)CC)CC2Cc3c(O)cccc3CC21,,CCCN1C[C@@H](NS(=O)(=O)N(CC)CC)C[C@@H]2Cc3c(O)cccc3C[C@H]21,quinagolide,Quinagolide (hydrochloride),,LOW,INACTIVE,2.56,-3.41,0
,O=C(Nc1cccc(Br)c1)c1cccc(S(=O)(=O)N2CCCCCC2)c1,,O=C(Nc1cccc(Br)c1)c1cccc(S(=O)(=O)N2CCCCCC2)c1,,,NCGC00347936-06,LOW,INACTIVE,3.48,-5.13,0
,COc1ccc(-c2cc(C(F)(F)F)n3nc(C(=O)Nc4sc5c(c4C(=O)OC(C)C)CCC(C)C5)cc3n2)cc1,,COc1ccc(-c2cc(C(F)(F)F)n3nc(C(=O)Nc4sc5c(c4C(=O)OC(C)C)CCC(C)C5)cc3n2)cc1,,,NCGC00098694-01,LOW,INACTIVE,6.25,-6.09,0
,COc1cc2ncnc(Nc3cccc(Cl)c3)c2cc1OC,,COc1cc2ncnc(Nc3cccc(Cl)c3)c2cc1OC,,,NCGC00016017-20,HIGH,LOW,3.77,-4.37,1
,CCN1CCN(CC(=O)Nc2ccc(-c3cccc4c(=O)cc(N5CCOCC5)oc34)c3sc4ccccc4c23)CC1,,CCN1CCN(CC(=O)Nc2ccc(-c3cccc4c(=O)cc(N5CCOCC5)oc34)c3sc4ccccc4c23)CC1,,,NCGC00250387-06,HIGH,HIGH,4.78,-5.49,1
,CC(NC(=O)Cc1cc(F)cc(F)c1)C(=O)NC(C(=O)OC(C)(C)C)c1ccccc1,,C[C@H](NC(=O)Cc1cc(F)cc(F)c1)C(=O)N[C@H](C(=O)OC(C)(C)C)c1ccccc1,,GSI-IX,,LOW,INACTIVE,3.27,-5.34,0
328.0,O=C(OOC(=O)c1ccccc1)c1ccccc1,,O=C(OOC(=O)c1ccccc1)c1ccccc1,benzoyl peroxide,Benzoyl peroxide,,LOW,INACTIVE,2.74,-3.92,0
3214.0,CCN1C(=O)c2ccccc2C1Nc1ccc(OCCN2CCCCC2)cc1,,CCN1C(=O)c2ccccc2C1Nc1ccc(OCCN2CCCCC2)cc1,etomidoline,Etomidoline,,LOW,INACTIVE,4.05,-3.67,0
,COc1cc(-c2oc3cc(O)cc(O)c3c(=O)c2O)ccc1O,,COc1cc(-c2oc3cc(O)cc(O)c3c(=O)c2O)ccc1O,,ISORHAMNETINE,,LOW,INACTIVE,1.96,-3.33,0
,CC1COC2=C1C(=O)C(=O)c1c2ccc2c1CCCC2(C)C,,C[C@H]1COC2=C1C(=O)C(=O)c1c2ccc2c1CCCC2(C)C,,,NCGC00163650-04,LOW,INACTIVE,4.32,-4.48,0
,COc1cc(-c2nn(C3CCC(N4CCN(C(C)=O)CC4)CC3)c3ncnc(N)c23)ccc1NC(=O)c1cc2ccccc2n1C,,COc1cc(-c2nn(C3CCC(N4CCN(C(C)=O)CC4)CC3)c3ncnc(N)c23)ccc1NC(=O)c1cc2ccccc2n1C,,,NCGC00346955-02,MODERATE,MODERATE,3.32,-3.93,1
1742.0,CN1CCC(CN2c3ccccc3Sc3ccccc32)C1,,CN1CCC(CN2c3ccccc3Sc3ccccc32)C1,methdilazine,Methdilazine hydrochloride,,MODERATE,LOW,4.6,-4.3,1
382.0,CC(=O)Oc1ccc(C2(c3ccc(OC(C)=O)cc3)Oc3ccccc3NC2=O)cc1,,CC(=O)Oc1ccc(C2(c3ccc(OC(C)=O)cc3)Oc3ccccc3NC2=O)cc1,bisoxatin acetate,Bisoxatin acetate,,MODERATE,MODERATE,4.14,-5.5,1
,COc1ccc(Cn2ccc3ccc(C(=O)NO)cc32)cc1,,COc1ccc(Cn2ccc3ccc(C(=O)NO)cc32)cc1,,PCI-34051,,MODERATE,HIGH,2.86,-3.92,1
,C=CC(=O)N1CC(=Cc2ccc([N+](=O)[O-])cc2)C(=O)C(=Cc2ccc([N+](=O)[O-])cc2)C1,,C=CC(=O)N1C/C(=C\c2ccc([N+](=O)[O-])cc2)C(=O)/C(=C/c2ccc([N+](=O)[O-])cc2)C1,,b-AP15,,HIGH,MODERATE,3.39,-5.38,1
2106.0,C1CCC(C(CC2CCCCN2)C2CCCCC2)CC1,,C1CCC(C(CC2CCCCN2)C2CCCCC2)CC1,perhexiline,Perhexiline,,HIGH,LOW,5.86,-7.01,1
,Cc1n[nH]c2ccc(-c3cncc(OCC(N)Cc4c[nH]c5ccccc45)c3)cc12,,Cc1n[nH]c2ccc(-c3cncc(OC[C@@H](N)Cc4c[nH]c5ccccc45)c3)cc12,,,NCGC00347278-03,HIGH,MODERATE,3.72,-5.36,1
,Cn1c(CCCCCCC(=O)NO)nc2cc(N(CCCl)CCCl)ccc21,,Cn1c(CCCCCCC(=O)NO)nc2cc(N(CCCl)CCCl)ccc21,,,NCGC00510486-01,MODERATE,MODERATE,4.6,-4.54,1
2237.0,O=C(Nc1cccc2c(=O)cc(-c3nnn[nH]3)oc12)c1ccc(OCCCCc2ccccc2)cc1,,O=C(Nc1cccc2c(=O)cc(-c3nnn[nH]3)oc12)c1ccc(OCCCCc2ccccc2)cc1,pranlukast,Pranlukast hydrate,,LOW,INACTIVE,4.56,-5.2,0
,O=c1[nH]nc2c3c(cccc13)NC(CN1Cc3ccccc3C1)=N2,,O=c1[nH]nc2nc(CN3Cc4ccccc4C3)[nH]c3cccc1c23,,E-7449,,LOW,INACTIVE,1.75,-3.04,0
,Nc1nccc(-c2c(-c3ccc(F)cc3)ncn2C2CCCCC2)n1,,Nc1nccc(-c2c(-c3ccc(F)cc3)ncn2C2CCCCC2)n1,,,NCGC00370842-02,LOW,INACTIVE,3.85,-4.3,0
,COc1cc(C)[nH]c(=O)c1CNC(=O)c1c(C)n(C(C)C2CCN(CC(F)(F)F)CC2)c2ccccc12,,COc1cc(C)[nH]c(=O)c1CNC(=O)c1c(C)n([C@H](C)C2CCN(CC(F)(F)F)CC2)c2ccccc12,,,NCGC00507883-01,LOW,INACTIVE,4.31,-4.84,0
,COC(C)Cn1c(=O)n(C)c2cnc3ccc(-c4cncc(C(C)(C)O)c4)cc3c21,,CO[C@@H](C)Cn1c(=O)n(C)c2cnc3ccc(-c4cncc(C(C)(C)O)c4)cc3c21,,,NCGC00485487-01,HIGH,MODERATE,2.37,-3.66,1
,Cc1cc(Nc2cc(N3CCN(C)CC3)nc(C=Cc3ccccc3)n2)n[nH]1,,Cc1cc(Nc2cc(N3CCN(C)CC3)nc(/C=C/c3ccccc3)n2)n[nH]1,,,NCGC00263178-03,HIGH,MODERATE,3.74,-4.04,1
,Cc1cc2c(C(N)=O)cccc2n1-c1nc2c(c(NCc3ccccc3)n1)COCC2,,Cc1cc2c(C(N)=O)cccc2n1-c1nc2c(c(NCc3ccccc3)n1)COCC2,,CB-5083,,HIGH,HIGH,3.32,-4.43,1
2446.0,COC1CC2CCC(C)C(O)(O2)C(=O)C(=O)N2CCCCC2C(=O)OC(C(C)CC2CCC(O)C(OC)C2)CC(=O)C(C)C=C(C)C(O)C(OC)C(=O)C(C)CC(C)C=CC=CC=C1C,,CO[C@H]1C[C@@H]2CC[C@@H](C)[C@@](O)(O2)C(=O)C(=O)N2CCCC[C@H]2C(=O)O[C@H]([C@H](C)C[C@@H]2CC[C@@H](O)[C@H](OC)C2)CC(=O)[C@H](C)/C=C(\C)[C@@H](O)[C@@H](OC)C(=O)[C@H](C)C[C@H](C)/C=C/C=C/C=C/1C,sirolimus,Sirolimus,NCGC00021305-08,LOW,INACTIVE,4.82,-5.74,0
,Cc1cc(OCc2nnc(SC3CCCC3)n2-c2cccnc2)ccc1-c1ccc(S(C)(=O)=O)cc1,,Cc1cc(OCc2nnc(SC3CCCC3)n2-c2cccnc2)ccc1-c1ccc(S(C)(=O)=O)cc1,,NMS-873,NCGC00371131-09,HIGH,HIGH,4.62,-5.34,1
,O=C(CCCCCCNC(=O)c1cnc(N(c2ccccc2)c2ccccc2Cl)nc1)NO,,O=C(CCCCCCNC(=O)c1cnc(N(c2ccccc2)c2ccccc2Cl)nc1)NO,,ACY-241,,MODERATE,HIGH,3.61,-4.69,1
,O=C(CC12CC3CC(CC(C3)C1)C2)Nc1cccc2nc(NCCNCCO)ccc12,,O=C(CC12CC3CC(CC(C3)C1)C2)Nc1cccc2nc(NCCNCCO)ccc12,,,NCGC00347905-02,LOW,INACTIVE,4.09,-4.91,0
,O=C(CCCCCN1C(=O)c2cccc3cccc(c23)C1=O)NO,,O=C(CCCCCN1C(=O)c2cccc3cccc(c23)C1=O)NO,,Scriptaid,,HIGH,HIGH,1.71,-4.44,1
4178.0,COc1cc2c(Nc3ccc(Br)cc3F)ncnc2cc1OCC1CCN(C)CC1,,COc1cc2c(Nc3ccc(Br)cc3F)ncnc2cc1OCC1CCN(C)CC1,vandetanib,Vandetanib,NCGC00167513-13,HIGH,MODERATE,5.02,-4.67,1
,CCC(CC)COC(=O)C(C)NP(=O)(OCC1OC(C#N)(c2ccc3c(N)ncnn23)C(O)C1O)Oc1ccccc1,,CCC(CC)COC(=O)[C@H](C)N[P@](=O)(OC[C@H]1O[C@@](C#N)(c2ccc3c(N)ncnn23)[C@H](O)[C@@H]1O)Oc1ccccc1,,Remdesivir,,LOW,INACTIVE,2.2,-3.25,0
925.0,CCC1OC(=O)C(C)C(OC2CC(C)(OC)C(O)C(C)O2)C(C)C(OC2OC(C)CC(N(C)C)C2O)C(C)(O)CC(C)C2NC(COCCOC)OC(C2C)C1(C)O,,CC[C@H]1OC(=O)[C@H](C)[C@@H](O[C@H]2C[C@@](C)(OC)[C@@H](O)[C@H](C)O2)[C@H](C)[C@@H](O[C@@H]2O[C@H](C)C[C@H](N(C)C)[C@H]2O)[C@](C)(O)C[C@@H](C)[C@@H]2N[C@@H](COCCOC)O[C@H]([C@H]2C)[C@]1(C)O,dirithromycin,Dirithromycin,,LOW,INACTIVE,2.5,-3.56,0
1349.0,CCC(=O)OC1(C(=O)CCl)C(C)CC2C3CC(F)C4=CC(=O)C=CC4(C)C3(F)C(O)CC21C,,CCC(=O)O[C@]1(C(=O)CCl)[C@@H](C)C[C@H]2[C@@H]3C[C@H](F)C4=CC(=O)C=C[C@]4(C)[C@@]3(F)[C@@H](O)C[C@@]21C,ulobetasol propionate,Halobetasol Propionate,,LOW,INACTIVE,3.81,-4.81,0
,O=c1ccc2cc3ccoc3cc2o1,,O=c1ccc2cc3ccoc3cc2o1,,Psoralen,,LOW,INACTIVE,2.15,-3.14,0
,CC(C)(C)C(=O)CN1C(=O)C(NC(=O)Nc2cccc(C(=O)O)c2)CN(C2CCCCC2)c2ccccc21,,CC(C)(C)C(=O)CN1C(=O)[C@H](NC(=O)Nc2cccc(C(=O)O)c2)CN(C2CCCCC2)c2ccccc21,,,NCGC00485486-02,LOW,INACTIVE,4.03,-4.09,0
5330.0,O=C(C=Cn1cnc(-c2cc(C(F)(F)F)cc(C(F)(F)F)c2)n1)NNc1cnccn1,,O=C(/C=C\n1cnc(-c2cc(C(F)(F)F)cc(C(F)(F)F)c2)n1)NNc1cnccn1,selinexor,Selinexor,NCGC00386310-03,HIGH,MODERATE,2.85,-4.9,1
,O=C(c1cc(-c2ccccc2)n[nH]1)N1CCCC(Cc2noc(-c3cccnc3)n2)C1,,O=C(c1cc(-c2ccccc2)n[nH]1)N1CCCC(Cc2noc(-c3cccnc3)n2)C1,,,NCGC00453407-01,LOW,INACTIVE,3.26,-3.52,0
,O=C(Cc1cccc(OC(F)(F)F)c1)Nc1ccc(CCCCc2nnc(NC(=O)Cc3ccccn3)s2)nn1,,O=C(Cc1cccc(OC(F)(F)F)c1)Nc1ccc(CCCCc2nnc(NC(=O)Cc3ccccn3)s2)nn1,,CB-839,,MODERATE,HIGH,3.73,-5.54,1
1297.0,O=C(OCC(O)CO)c1ccccc1Nc1ccnc2cc(Cl)ccc12,,O=C(OCC(O)CO)c1ccccc1Nc1ccnc2cc(Cl)ccc12,glafenine,Glafenine hydrochloride,,LOW,INACTIVE,2.76,-4.04,0
,COC1=C2CC(C)CC(OC)C(O)C(C)C=C(C)C(OC(N)=O)C(OC)C=CC=C(C)C(=O)NC(=CC1=O)C2=O,,COC1=C2C[C@H](C)C[C@H](OC)[C@H](O)[C@@H](C)/C=C(/C)[C@H](OC(N)=O)[C@@H](OC)/C=C\C=C(\C)C(=O)NC(=CC1=O)C2=O,,,NCGC00162413-14,LOW,INACTIVE,2.24,-4.94,0
,Cc1c(CN2CCC(Nc3ncnc4sc(CC(F)(F)F)cc34)CC2)ccc2c1cc(C#N)n2Cc1cn[nH]c1,,Cc1c(CN2CCC(Nc3ncnc4sc(CC(F)(F)F)cc34)CC2)ccc2c1cc(C#N)n2Cc1cn[nH]c1,,,NCGC00507854-01,HIGH,LOW,4.8,-4.53,1
2727.0,CC(=O)OCC(=O)C1(O)C(OC(C)=O)CC2C3CCC4=CC(=O)C=CC4(C)C3(F)C(O)CC21C,,CC(=O)OCC(=O)[C@@]1(O)[C@H](OC(C)=O)C[C@H]2[C@@H]3CCC4=CC(=O)C=C[C@]4(C)[C@@]3(F)[C@@H](O)C[C@@]21C,triamcinolone diacetate,Triamcinolone diacetate,,LOW,INACTIVE,2.05,-4.31,0
1517.0,CC(=Cc1csc(C)n1)C1CC2OC2(C)CCCC(C)C(O)C(C)C(=O)C(C)(C)C(O)CC(=O)N1,,C/C(=C\c1csc(C)n1)[C@@H]1C[C@@H]2O[C@]2(C)CCC[C@H](C)[C@H](O)[C@@H](C)C(=O)C(C)(C)[C@@H](O)CC(=O)N1,ixabepilone,Ixabepilone,NCGC00378665-03,MODERATE,HIGH,3.28,-5.16,1
,CC(C)c1cc(C(C)C)c(CC(=O)NS(=O)(=O)Oc2c(C(C)C)cccc2C(C)C)c(C(C)C)c1,,CC(C)c1cc(C(C)C)c(CC(=O)NS(=O)(=O)Oc2c(C(C)C)cccc2C(C)C)c(C(C)C)c1,,,NCGC00346572-02,HIGH,MODERATE,5.98,-7.49,1
1870.0,CCN(CC)CCOC(=O)C(Cc1cccc2ccccc12)CC1CCCO1,,CCN(CC)CCOC(=O)C(Cc1cccc2ccccc12)CC1CCCO1,naftidrofuryl,Nafronyl oxalate,,LOW,INACTIVE,4.73,-5.78,0
,CCCCCCCCCC(=O)O,,CCCCCCCCCC(=O)O,,Decanoic acid,,LOW,INACTIVE,3.93,-3.26,0
,CCOc1cccc2cc(-c3nc4sc(C(=O)Nc5ccc(C)cc5)c(C)c4c(=O)[nH]3)c(=O)oc12,,CCOc1cccc2cc(-c3nc4sc(C(=O)Nc5ccc(C)cc5)c(C)c4c(=O)[nH]3)c(=O)oc12,,,NCGC00120966-01,LOW,INACTIVE,4.47,-5.57,0
,c1ccc(Cn2c(-c3ccc(OCC(C4CCNCC4)n4c(-c5ccccc5)nc5ccccc54)cc3)nc3ccccc32)cc1,,c1ccc(Cn2c(-c3ccc(OCC(C4CCNCC4)n4c(-c5ccccc5)nc5ccccc54)cc3)nc3ccccc32)cc1,,,NCGC00387826-01,HIGH,LOW,7.91,-5.46,1
,CCN1CCN(Cc2ccc(NC(=O)c3ccc(C)c(C=Cc4cnc5[nH]ccc5c4OC)c3)cc2C(F)(F)F)CC1,,CCN1CCN(Cc2ccc(NC(=O)c3ccc(C)c(/C=C/c4cnc5[nH]ccc5c4OC)c3)cc2C(F)(F)F)CC1,,,NCGC00390570-02,HIGH,HIGH,5.48,-5.27,1
82.0,Cc1ccc(C(=CCN2CCCC2)c2cccc(C=CC(=O)O)n2)cc1,,Cc1ccc(/C(=C\CN2CCCC2)c2cccc(/C=C/C(=O)O)n2)cc1,acrivastine,Acrivastine,,LOW,INACTIVE,4.29,-4.55,0
2637.0,CSc1ccc2c(c1)N(CCC1CCCCN1C)c1ccccc1S2,,CSc1ccc2c(c1)N(CCC1CCCCN1C)c1ccccc1S2,thioridazine,Thioridazine,,HIGH,LOW,5.93,-5.64,1
,CC(=O)OC1C2C(OC(=O)Cc3ccccc3)C(C)CC2(OC(C)=O)C(=O)C(C)=CC2C(CCC13CO3)C2(C)C,,CC(=O)O[C@H]1[C@H]2[C@@H](OC(=O)Cc3ccccc3)[C@@H](C)C[C@]2(OC(C)=O)C(=O)C(C)=C[C@@H]2[C@H](CC[C@@]13CO3)C2(C)C,,Euphobiasteroid,,LOW,INACTIVE,3.92,-5.74,0
,O=c1cc(N2CCOCC2)oc2c(-c3cccc4c3sc3ccccc34)cccc12,,O=c1cc(N2CCOCC2)oc2c(-c3cccc4c3sc3ccccc34)cccc12,,,NCGC00250377-09,HIGH,HIGH,5.39,-5.7,1
,OCCn1cc(-c2ccc3c(c2)CCC3=NO)c(-c2ccncc2)n1,,OCCn1cc(-c2ccc3c(c2)CC/C3=N\O)c(-c2ccncc2)n1,,,NCGC00263179-09,LOW,INACTIVE,1.81,-3.53,0
,NC(CO)(CO)CCc1ccc(Sc2cccc(OCc3ccccc3)c2)cc1Cl,,NC(CO)(CO)CCc1ccc(Sc2cccc(OCc3ccccc3)c2)cc1Cl,,,NCGC00250388-04,HIGH,LOW,4.49,-6.17,1
2032.0,Cc1cc(C(C)(C)C)c(O)c(C)c1CC1=NCCN1,,Cc1cc(C(C)(C)C)c(O)c(C)c1CC1=NCCN1,oxymetazoline,Oxymetazoline hydrochloride,NCGC00015766-16,LOW,INACTIVE,3.7,-3.71,0
,CC1=C(C(=O)Nc2cc3cn[nH]c3cc2F)C(c2ccc(C(F)(F)F)cc2)CC(=O)N1,,CC1=C(C(=O)Nc2cc3cn[nH]c3cc2F)C(c2ccc(C(F)(F)F)cc2)CC(=O)N1,,,NCGC00346096-02,LOW,INACTIVE,3.54,-4.65,0
,CC(C)(O)CCc1ccc(OCc2cc(-c3cccc(OC(F)F)c3)c3ncccc3c2)cc1,,CC(C)(O)CCc1ccc(OCc2cc(-c3cccc(OC(F)F)c3)c3ncccc3c2)cc1,,,NCGC00249759-02,MODERATE,LOW,6.17,-6.3,1
,CCCCCCC(=O)OC1CCC2C3CCC4CC(=O)C=C(C)C4(C)C3CCC12C,,CCCCCCC(=O)O[C@H]1CC[C@H]2[C@@H]3CC[C@H]4CC(=O)C=C(C)[C@]4(C)[C@H]3CC[C@]12C,,Methenolone enanthate,,LOW,INACTIVE,5.73,-6.23,0
,COc1ccc(Cl)cc1-c1cc(=O)[nH]c(=S)n1CC(N)=O,,COc1ccc(Cl)cc1-c1cc(=O)[nH]c(=S)n1CC(N)=O,,,NCGC00521070-01,LOW,INACTIVE,1.78,-4.25,0
,OCCNC1CCCc2c1[nH]c1ccc(-c3ccccc3)cc21,,OCCNC1CCCc2c1[nH]c1ccc(-c3ccccc3)cc21,,,NCGC00347941-04,HIGH,LOW,3.68,-5.12,1
60.0,CC(=O)SCC(Cc1ccccc1)C(=O)NCC(=O)OCc1ccccc1,,CC(=O)SCC(Cc1ccccc1)C(=O)NCC(=O)OCc1ccccc1,racecadotril,,NCGC00179511-08,LOW,INACTIVE,2.72,-5.34,0
1212.0,OCCN1CCN(CCCN2c3ccccc3Sc3ccc(C(F)(F)F)cc32)CC1,,OCCN1CCN(CCCN2c3ccccc3Sc3ccc(C(F)(F)F)cc32)CC1,fluphenazine,Fluphenazine hydrochloride,NCGC00015436-14,HIGH,LOW,4.4,-4.36,1
4326.0,CS(=O)(=O)c1cc(F)cc2c3c(n(Cc4ccc(Cl)cc4)c12)C(CC(=O)O)CC3,,CS(=O)(=O)c1cc(F)cc2c3c(n(Cc4ccc(Cl)cc4)c12)[C@@H](CC(=O)O)CC3,laropiprant,,NCGC00345790-03,LOW,INACTIVE,3.54,-5.01,0
2668.0,O=C(CCCN1CCC(n2c(=S)[nH]c3ccccc32)CC1)c1ccc(F)cc1,,O=C(CCCN1CCC(n2c(=S)[nH]c3ccccc32)CC1)c1ccc(F)cc1,timiperone,Timiperone,,LOW,INACTIVE,4.02,-4.74,0
,O=C1C(Cc2ccc(O)cc2)N2C(=O)CCN(C(=O)NCc3ccccc3)C2CN1Cc1cccc2ccccc12,,O=C1[C@H](Cc2ccc(O)cc2)N2C(=O)CCN(C(=O)NCc3ccccc3)[C@H]2CN1Cc1cccc2ccccc12,,,"NCGC00263116-12, NCGC00263116-09",LOW,INACTIVE,3.59,-4.38,0
1186.0,COC(=O)Nc1nc2cc(C(=O)c3ccc(F)cc3)ccc2[nH]1,,COC(=O)Nc1nc2cc(C(=O)c3ccc(F)cc3)ccc2[nH]1,flubendazole,,NCGC00246966-11,MODERATE,INACTIVE,2.87,-4.04,1
2817.0,COc1ccc(C(=O)N2CCN(c3ccc4c(c3)CCC(=O)N4)CC2)cc1OC,,COc1ccc(C(=O)N2CCN(c3ccc4c(c3)CCC(=O)N4)CC2)cc1OC,vesnarinone,Vesnarinone,NCGC00510509-01,LOW,INACTIVE,2.34,-3.61,0
103.0,CCCSc1ccc2nc(NC(=O)OC)[nH]c2c1,,CCCSc1ccc2nc(NC(=O)OC)[nH]c2c1,albendazole,Albendazole,,LOW,HIGH,3.22,-4.06,0
,COc1cc(C)c(Sc2cnc(NC(=O)c3ccc(CNC(C)C(C)(C)C)cc3)s2)cc1C(=O)N1CCN(C(C)=O)CC1,,COc1cc(C)c(Sc2cnc(NC(=O)c3ccc(CNC(C)C(C)(C)C)cc3)s2)cc1C(=O)N1CCN(C(C)=O)CC1,,,NCGC00229512-05,MODERATE,LOW,4.13,-5.95,1
2475.0,CC(=O)SC1CC2=CC(=O)CCC2(C)C2CCC3(C)C(CCC34CCC(=O)O4)C12,,CC(=O)S[C@@H]1CC2=CC(=O)CC[C@]2(C)[C@H]2CC[C@@]3(C)[C@@H](CC[C@@]34CCC(=O)O4)[C@@H]21,spironolactone,Spironolactone,,LOW,INACTIVE,3.18,-5.32,0
3309.0,Clc1ccc(C(Cn2ccnc2)OCc2c(Cl)cccc2Cl)c(Cl)c1,,Clc1ccc([C@H](Cn2ccnc2)OCc2c(Cl)cccc2Cl)c(Cl)c1,isoconazole,Isoconazole nitrate,NCGC00179642-05,HIGH,LOW,5.86,-5.7,1
,NCC1CCN(c2nccc(-c3ccc4ccccc4c3)n2)CC1,,NCC1CCN(c2nccc(-c3ccc4ccccc4c3)n2)CC1,,,NCGC00386713-03,HIGH,HIGH,3.74,-4.22,1
1014.0,CSc1ccc(C(=O)c2[nH]c(=O)[nH]c2C)cc1,,CSc1ccc(C(=O)c2[nH]c(=O)[nH]c2C)cc1,enoximone,Enoximone,,LOW,INACTIVE,1.92,-3.56,0
,Clc1cc(Cl)cc(CNc2ncncc2-c2ccc3c(c2)OCO3)c1,,Clc1cc(Cl)cc(CNc2ncncc2-c2ccc3c(c2)OCO3)c1,,,NCGC00241342-03,MODERATE,MODERATE,4.61,-4.5,1
,Cc1n[nH]c2ccc(-c3cncc(OCC(N)Cc4ccccc4)c3)cc12,,Cc1n[nH]c2ccc(-c3cncc(OC[C@@H](N)Cc4ccccc4)c3)cc12,,,NCGC00263147-03,HIGH,HIGH,3.38,-5.42,1
4778.0,COC1CC2CCC(C)C(O)(O2)C(=O)C(=O)N2CCCCC2C(=O)OC(C(C)CC2CCC(OP(C)(C)=O)C(OC)C2)CC(=O)C(C)C=C(C)C(O)C(OC)C(=O)C(C)CC(C)C=CC=CC=C1C,,CO[C@H]1C[C@@H]2CC[C@@H](C)[C@@](O)(O2)C(=O)C(=O)N2CCCC[C@H]2C(=O)O[C@H]([C@H](C)C[C@@H]2CC[C@@H](OP(C)(C)=O)[C@H](OC)C2)CC(=O)[C@H](C)/C=C(\C)[C@@H](O)[C@@H](OC)C(=O)[C@H](C)C[C@H](C)/C=C/C=C/C=C/1C,ridaforolimus,,NCGC00346481-02,MODERATE,LOW,4.77,-6.12,1
,COc1cc2ncnc(Nc3cccc(Cl)c3F)c2cc1OC(=O)N1CCN(C)CC1C,,COc1cc2ncnc(Nc3cccc(Cl)c3F)c2cc1OC(=O)N1CCN(C)C[C@H]1C,,,NCGC00483922-01,MODERATE,MODERATE,3.67,-3.82,1
5209.0,C#Cc1cccc(Nc2ncnc3cc4c(cc23)OCCOCCOCCO4)c1,,C#Cc1cccc(Nc2ncnc3cc4c(cc23)OCCOCCOCCO4)c1,icotinib,,NCGC00386224-06,LOW,INACTIVE,2.87,-4.49,0
,CCc1ccc(OCc2ccccc2C(=O)Nc2ccc3nc(C)cc(N)c3c2)cc1,,CCc1ccc(OCc2ccccc2C(=O)Nc2ccc3nc(C)cc(N)c3c2)cc1,,,NCGC00161418-13,HIGH,LOW,4.91,-6.05,1
268.0,CN1CCC(=C2c3ccccc3CCc3cccnc32)CC1,,CN1CCC(=C2c3ccccc3CCc3cccnc32)CC1,azatadine,Azatadine,,LOW,INACTIVE,3.67,-3.41,0
2652.0,CC(C(=O)O)c1ccc(C(=O)c2ccccc2)s1,,CC(C(=O)O)c1ccc(C(=O)c2ccccc2)s1,tiaprofenic acid,Tiaprofenic acid,,LOW,INACTIVE,3.21,-3.91,0
3502.0,COCCCN1CCC(NC(=O)c2cc(Cl)c(N)c3c2OCC3)CC1,,COCCCN1CCC(NC(=O)c2cc(Cl)c(N)c3c2OCC3)CC1,prucalopride,Prucalopride,NCGC00253867-11,LOW,INACTIVE,2.09,-3.45,0
,CC(=O)N1CCC(Nc2cc(C(=O)NCC(O)CN3CCc4ccccc4C3)ncn2)CC1,,CC(=O)N1CCC(Nc2cc(C(=O)NC[C@H](O)CN3CCc4ccccc4C3)ncn2)CC1,,,NCGC00510264-02,LOW,INACTIVE,1.45,-3.79,0
642.0,COCCOC(=O)C1=C(C)NC(C)=C(C(=O)OCC=Cc2ccccc2)C1c1cccc([N+](=O)[O-])c1,,COCCOC(=O)C1=C(C)NC(C)=C(C(=O)OC/C=C/c2ccccc2)C1c1cccc([N+](=O)[O-])c1,cilnidipine,Cilnidipine,,MODERATE,LOW,4.36,-5.95,1
,NC(=O)c1ccccc1Nc1ccnc(Nc2cccc(O)c2)n1,,NC(=O)c1ccccc1Nc1ccnc(Nc2cccc(O)c2)n1,,,NCGC00378943-01,MODERATE,HIGH,2.68,-3.65,1
,COc1ccc2ccc(=O)oc2c1CC=C(C)C,,COc1ccc2ccc(=O)oc2c1CC=C(C)C,,Ostol,,LOW,INACTIVE,3.41,-4.58,0
,Cc1ccc(-c2ncn(-c3ccc(Nc4nccc(-c5cccc(N6CCOCC6)c5)n4)cc3)n2)cn1,,Cc1ccc(-c2ncn(-c3ccc(Nc4nccc(-c5cccc(N6CCOCC6)c5)n4)cc3)n2)cn1,,,NCGC00263146-04,HIGH,HIGH,4.73,-4.56,1
,CC(c1ccc2nccn2c1)n1nnc2ncc(-c3cnn(C)c3)nc21,,C[C@@H](c1ccc2nccn2c1)n1nnc2ncc(-c3cnn(C)c3)nc21,,,NCGC00475727-01,HIGH,LOW,1.88,-3.01,1
,CC(Nc1ncnc2nc[nH]c12)c1nc2ccc(F)cc2c(=O)n1-c1ccccc1,,C[C@H](Nc1ncnc2nc[nH]c12)c1nc2ccc(F)cc2c(=O)n1-c1ccccc1,,,NCGC00408915-01,LOW,INACTIVE,2.8,-4.08,0
3369.0,c1ccc2c(CC3=NCCN3)cccc2c1,,c1ccc2c(CC3=NCCN3)cccc2c1,naphazoline,Naphazoline hydrochloride,,LOW,INACTIVE,3.44,-3.74,0
,COC(=O)C1=C(C)NC(COC(N)=O)=C(C(=O)OC(C)C)C1c1cccc(Cl)c1Cl,,COC(=O)C1=C(C)NC(COC(N)=O)=C(C(=O)OC(C)C)C1c1cccc(Cl)c1Cl,,Lemildipine,,MODERATE,LOW,3.61,-5.45,1
,C=C1C(=O)OC2CC(C)C(C=CC(C)=O)=CCC12,,C=C1C(=O)O[C@H]2C[C@H](C)C(/C=C/C(C)=O)=CC[C@H]12,,,NCGC00522633-01,MODERATE,LOW,2.94,-3.38,1
,COc1ccc(NC(=O)N2CC3CC(C2)c2ccc(NS(=O)(=O)c4ccc(NC(C)=O)cc4)c(=O)n2C3)cc1,,COc1ccc(NC(=O)N2C[C@@H]3C[C@H](C2)c2ccc(NS(=O)(=O)c4ccc(NC(C)=O)cc4)c(=O)n2C3)cc1,,,NCGC00398026-01,LOW,INACTIVE,2.29,-3.72,0
1059.0,CC12CCC3c4ccc(O)cc4CCC3C1CCC2OC(=O)CCC1CCCC1,,C[C@]12CC[C@@H]3c4ccc(O)cc4CC[C@H]3[C@@H]1CC[C@@H]2OC(=O)CCC1CCCC1,estradiol cypionate,Estradiol cypionate,,LOW,INACTIVE,6.48,-6.53,0
,O=C(Nc1cccnc1)N1CCC(Cc2cccc(Oc3ccc(C(F)(F)F)cn3)c2)CC1,,O=C(Nc1cccnc1)N1CCC(Cc2cccc(Oc3ccc(C(F)(F)F)cn3)c2)CC1,,,NCGC00263131-05,HIGH,MODERATE,4.51,-4.89,1
,CC(NC1CC1c1ccccc1)c1ccc2c(c1)OCCO2,,CC(N[C@H]1C[C@@H]1c1ccccc1)c1ccc2c(c1)OCCO2,,,NCGC00347951-03,LOW,INACTIVE,3.65,-4.9,0
,COc1ccc2cc1Oc1ccc(cc1)CC1c3cc(c(OC)cc3CCN1C)Oc1c(O)c(OC)cc3c1C(C2)N(C)CC3,,COc1ccc2cc1Oc1ccc(cc1)C[C@H]1c3cc(c(OC)cc3CCN1C)Oc1c(O)c(OC)cc3c1[C@H](C2)N(C)CC3,,Fangchinoline,,HIGH,LOW,5.65,-4.85,1
,COC1CC(C(=O)c2ccc3c(N)ncc(-c4ccc(-c5cnn(C)c5)cc4)c3n2)C1,,COC1CC(C(=O)c2ccc3c(N)ncc(-c4ccc(-c5cnn(C)c5)cc4)c3n2)C1,,,NCGC00499248-01,HIGH,LOW,3.49,-4.72,1
,Nc1cccc(-c2cc3c(Oc4cccc(O)c4)ncnc3[nH]2)c1,,Nc1cccc(-c2cc3c(Oc4cccc(O)c4)ncnc3[nH]2)c1,,,NCGC00346638-03,HIGH,HIGH,3.27,-3.62,1
2579.0,CCCCCNC(=N)NN=Cc1c[nH]c2ccc(OC)cc12,,CCCCCNC(=N)NN=Cc1c[nH]c2ccc(OC)cc12,tegaserod,Tegaserod maleate,NCGC00095192-05,HIGH,LOW,2.76,-4.03,1
,Cc1ccccc1CN1C(=O)C2=C(CCN(Cc3ccccc3)C2)N2CCN=C12,,Cc1ccccc1CN1C(=O)C2=C(CCN(Cc3ccccc3)C2)N2CCN=C12,,,NCGC00386747-06,MODERATE,LOW,2.47,-3.36,1
,OC(COc1cccc2ncccc12)CN1CCN(C2c3ccccc3C3C(c4ccccc42)C3(F)F)CC1,,O[C@@H](COc1cccc2ncccc12)CN1CCN(C2c3ccccc3[C@@H]3[C@H](c4ccccc42)C3(F)F)CC1,,Zosuquidar trihydrochloride,,HIGH,LOW,5.17,-4.74,1
1859.0,COc1c(C)c2c(c(O)c1CC=C(C)CCC(=O)OCCN1CCOCC1)C(=O)OC2,,COc1c(C)c2c(c(O)c1C/C=C(\C)CCC(=O)OCCN1CCOCC1)C(=O)OC2,mycophenolate mofetil,Mycophenolate mofetil,NCGC00159459-08,MODERATE,HIGH,2.17,-3.66,1
361.0,C=C(c1ccc(C(=O)O)cc1)c1cc2c(cc1C)C(C)(C)CCC2(C)C,,C=C(c1ccc(C(=O)O)cc1)c1cc2c(cc1C)C(C)(C)CCC2(C)C,bexarotene,Bexarotene,NCGC00181016-19,MODERATE,LOW,6.87,-6.37,1
,CC(C)CCC(=O)OC1CCC2C3CCC4=CC(=O)CCC4(C)C3CCC12C,,CC(C)CCC(=O)O[C@H]1CC[C@H]2[C@@H]3CCC4=CC(=O)CC[C@]4(C)[C@H]3CC[C@]12C,,Testosterone isocaproate,,LOW,INACTIVE,4.35,-5.61,0
2422.0,CC(C)(C)NC(=O)C1CC2CCCCC2CN1CC(O)C(Cc1ccccc1)NC(=O)C(CC(N)=O)NC(=O)c1ccc2ccccc2n1,,CC(C)(C)NC(=O)[C@@H]1C[C@@H]2CCCC[C@@H]2CN1C[C@@H](O)[C@H](Cc1ccccc1)NC(=O)[C@H](CC(N)=O)NC(=O)c1ccc2ccccc2n1,saquinavir,Saquinavir|Saquinavir Mesylate,,MODERATE,LOW,4.04,-5.43,1
222.0,COc1ccc(C2C(=O)c3ccccc3C2=O)cc1,,COc1ccc(C2C(=O)c3ccccc3C2=O)cc1,anisindione,Anisindione,,LOW,INACTIVE,2.99,-4.29,0
3548.0,Cc1cc2c(cc1CC(=O)c1sccc1S(=O)(=O)Nc1onc(C)c1Cl)OCO2,,Cc1cc2c(cc1CC(=O)c1sccc1S(=O)(=O)Nc1onc(C)c1Cl)OCO2,sitaxentan,Sitaxentan,NCGC00253587-02,LOW,INACTIVE,3.35,-4.4,0
,O=C(Cc1ccccc1)Nc1nnc(CCSCCc2nnc(NC(=O)Cc3ccccc3)s2)s1,,O=C(Cc1ccccc1)Nc1nnc(CCSCCc2nnc(NC(=O)Cc3ccccc3)s2)s1,,BPTES,,LOW,INACTIVE,3.38,-5.34,0
,CC(=O)c1ccc2c(c1)c1cc(C(C)=O)ccc1n2CCNC(C)C,,CC(=O)c1ccc2c(c1)c1cc(C(C)=O)ccc1n2CCNC(C)C,,,NCGC00509937-01,HIGH,HIGH,3.76,-4.67,1
,O=C(NO)c1cnc(N2CC3CC2CN3c2cc(C(F)(F)F)ccn2)nc1,,O=C(NO)c1cnc(N2C[C@H]3C[C@@H]2CN3c2cc(C(F)(F)F)ccn2)nc1,,,NCGC00499575-01,HIGH,MODERATE,1.97,-3.33,1
,CC(C)(C)CC1NC(C(=O)NC2CCC(O)CC2)C(c2cccc(Cl)c2F)C12C(=O)Nc1cc(Cl)ccc12,,CC(C)(C)C[C@H]1N[C@@H](C(=O)N[C@H]2CC[C@H](O)CC2)[C@H](c2cccc(Cl)c2F)[C@@]12C(=O)Nc1cc(Cl)ccc12,,,NCGC00378611-03,HIGH,MODERATE,4.69,-5.43,1
,CN(C)CCNC(=O)COc1c2cccc1Cc1cccc(c1OCC(=O)NCCN(C)C)Cc1cccc(c1OCC(=O)NCCN(C)C)Cc1cccc(c1OCC(=O)NCCN(C)C)C2,,CN(C)CCNC(=O)COc1c2cccc1Cc1cccc(c1OCC(=O)NCCN(C)C)Cc1cccc(c1OCC(=O)NCCN(C)C)Cc1cccc(c1OCC(=O)NCCN(C)C)C2,,,NCGC00386757-02,LOW,INACTIVE,3.98,-4.65,0
,O=C(NC1COC2C(Nc3nccc(-c4ccc(-c5ccccc5)cc4)n3)COC12)c1ccc2c(c1)OCO2,,O=C(N[C@H]1CO[C@@H]2[C@@H](Nc3nccc(-c4ccc(-c5ccccc5)cc4)n3)CO[C@H]12)c1ccc2c(c1)OCO2,,,NCGC00399493-01,LOW,INACTIVE,3.84,-4.11,0
,O=C(Nc1ccc(Oc2ccnc3[nH]ccc23)c(F)c1)c1cccn(-c2ccc(F)cc2)c1=O,,O=C(Nc1ccc(Oc2ccnc3[nH]ccc23)c(F)c1)c1cccn(-c2ccc(F)cc2)c1=O,,,NCGC00345824-02,LOW,INACTIVE,4.29,-5.42,0
2495.0,Clc1ccc(CSC(Cn2ccnc2)c2ccc(Cl)cc2Cl)cc1,,Clc1ccc(CS[C@@H](Cn2ccnc2)c2ccc(Cl)cc2Cl)cc1,sulconazole,Sulconazole nitrate,,HIGH,LOW,5.78,-5.49,1
,CC(C)(O)CC(=O)NCCn1ccc2ncnc(Nc3ccc(Oc4cccc(C(F)(F)F)c4)c(Cl)c3)c21,,CC(C)(O)CC(=O)NCCn1ccc2ncnc(Nc3ccc(Oc4cccc(C(F)(F)F)c4)c(Cl)c3)c21,,,NCGC00346699-02,HIGH,HIGH,4.5,-4.98,1
,CC(C)(O)CCC(O)C(C)(O)C1CCC2(O)C3=CC(=O)C4CC(O)C(O)CC4(C)C3CCC12C,,CC(C)(O)CC[C@@H](O)[C@](C)(O)[C@H]1CC[C@@]2(O)C3=CC(=O)[C@@H]4C[C@@H](O)[C@@H](O)C[C@]4(C)[C@H]3CC[C@]12C,,,NCGC00346709-02,LOW,INACTIVE,1.3,-3.06,0
,CCCCCCCCCCCCCCCCn1cc[n+](Cc2ccccc2)c1C,,CCCCCCCCCCCCCCCCn1cc[n+](Cc2ccccc2)c1C,,NH125,,HIGH,MODERATE,4.94,-6.09,1
,O=C1Nc2cc(Br)ccc2C1=C1Nc2ccccc2C1=NO,,O=C1Nc2cc(Br)ccc2/C1=C1/Nc2ccccc2/C1=N\O,,,NCGC00094112-11,HIGH,HIGH,2.99,-4.02,1
,CC1(C)CC(=O)c2c(C(F)(F)F)nn(-c3ccc(C(N)=O)c(NC4CCC(OC(=O)CN)CC4)c3)c2C1,,CC1(C)CC(=O)c2c(C(F)(F)F)nn(-c3ccc(C(N)=O)c(NC4CCC(OC(=O)CN)CC4)c3)c2C1,,,NCGC00346640-05,MODERATE,MODERATE,3.15,-4.75,1
,Nc1nc(N)c2nc(-c3cccc(O)c3)c(-c3cccc(O)c3)nc2n1,,Nc1nc(N)c2nc(-c3cccc(O)c3)c(-c3cccc(O)c3)nc2n1,,,NCGC00346508-12,LOW,INACTIVE,2.43,-3.28,0
1406.0,CC(C)C(=O)c1c(C(C)C)nn2ccccc12,,CC(C)C(=O)c1c(C(C)C)nn2ccccc12,ibudilast,Ibudilast,,LOW,INACTIVE,3.35,-3.11,0
828.0,CCCCCCCCCCCCCCCC(=O)OCC(=O)C1(O)C(C)CC2C3CCC4=CC(=O)C=CC4(C)C3(F)C(O)CC21C,,CCCCCCCCCCCCCCCC(=O)OCC(=O)[C@@]1(O)[C@H](C)C[C@H]2[C@@H]3CCC4=CC(=O)C=C[C@]4(C)[C@@]3(F)[C@@H](O)C[C@@]21C,dexamethasone palmitate,Dexamethasone 21-Palmitate,,LOW,INACTIVE,7.2,-6.77,0
,CNC(=O)Nc1ccc(-c2nc(N3CC4CCC(C3)O4)c3cnn(C4CCC5(CC4)OCCO5)c3n2)cc1,,CNC(=O)Nc1ccc(-c2nc(N3CC4CCC(C3)O4)c3cnn(C4CCC5(CC4)OCCO5)c3n2)cc1,,,NCGC00346635-10,HIGH,MODERATE,2.39,-3.74,1
,CNC(=O)c1c(F)cccc1Nc1nc(Nc2cc3c(cc2OC)CCN3C(=O)CN(C)C)nc2[nH]ccc12,,CNC(=O)c1c(F)cccc1Nc1nc(Nc2cc3c(cc2OC)CCN3C(=O)CN(C)C)nc2[nH]ccc12,,,NCGC00346647-03,HIGH,LOW,3.59,-4.21,1
2597.0,CN(CC=CC#CC(C)(C)C)Cc1cccc2ccccc12,,CN(C/C=C/C#CC(C)(C)C)Cc1cccc2ccccc12,terbinafine,Terbinafine,,LOW,INACTIVE,5.51,-5.6,0
,CN(C)Cc1c(C(=O)NCCOc2ccc(C(=O)NO)cc2)oc2ccccc12,,CN(C)Cc1c(C(=O)NCCOc2ccc(C(=O)NO)cc2)oc2ccccc12,,Abexinostat,,HIGH,HIGH,1.79,-3.71,1
1999.0,Cc1ccccc1C(OCCN(C)C)c1ccccc1,,Cc1ccccc1C(OCCN(C)C)c1ccccc1,orphenadrine,Orphenadrine dihydrogen citrate,,LOW,INACTIVE,3.55,-3.95,0
,O=C(CNC(=O)c1ccc2ccccc2c1)OC(C(=O)Nc1cc(C(F)(F)F)ccc1Cl)c1ccccc1,,O=C(CNC(=O)c1ccc2ccccc2c1)OC(C(=O)Nc1cc(C(F)(F)F)ccc1Cl)c1ccccc1,,,NCGC00168696-01,LOW,INACTIVE,5.4,-6.73,0
5231.0,COC1C(N(C)C(=O)c2ccccc2)CC2OC1(C)n1c3ccccc3c3c4c(c5c6ccccc6n2c5c31)C(=O)NC4,,CO[C@@H]1[C@H](N(C)C(=O)c2ccccc2)C[C@H]2O[C@]1(C)n1c3ccccc3c3c4c(c5c6ccccc6n2c5c31)C(=O)NC4,midostaurin,Midostaurin,NCGC00241102-08,HIGH,MODERATE,4.62,-4.56,1
2078.0,CC(C)(C)NCC(O)COc1ccccc1C1CCCC1,,CC(C)(C)NC[C@H](O)COc1ccccc1C1CCCC1,penbutolol,Penbutolol sulfate,,HIGH,LOW,3.85,-4.14,1
,COC1C(CO)OC(n2c3c(Cl)cccc3c3c4c(c5c6cccc(Cl)c6[nH]c5c32)C(=O)NC4=O)C(O)C1O,,CO[C@H]1[C@H](CO)O[C@H](n2c3c(Cl)cccc3c3c4c(c5c6cccc(Cl)c6[nH]c5c32)C(=O)NC4=O)[C@@H](O)[C@@H]1O,,,NCGC00346471-03,HIGH,HIGH,3.32,-4.46,1
,O=C(NOCC(O)CO)c1ccc(F)c(F)c1Nc1ccc(I)cc1F,,O=C(NOCC(O)CO)c1ccc(F)c(F)c1Nc1ccc(I)cc1F,,,NCGC00189075-02,MODERATE,INACTIVE,2.53,-4.19,1
,CC12OC(CC1(O)CO)n1c3ccccc3c3c4c(c5c6ccccc6n2c5c31)CNC4=O,,C[C@@]12O[C@@H](C[C@]1(O)CO)n1c3ccccc3c3c4c(c5c6ccccc6n2c5c31)CNC4=O,,,NCGC00244256-04,HIGH,MODERATE,2.28,-3.62,1
3257.0,CCOC(=O)c1ccc(OC(=O)CCCCCNC(=N)N)cc1,,CCOC(=O)c1ccc(OC(=O)CCCCCNC(=N)N)cc1,gabexate,Gabexate mesilate,NCGC00025297-06,LOW,INACTIVE,1.84,-3.48,0
780.0,O=C1CN(N=Cc2ccc(-c3ccc([N+](=O)[O-])cc3)o2)C(=O)N1,,O=C1CN(/N=C/c2ccc(-c3ccc([N+](=O)[O-])cc3)o2)C(=O)N1,dantrolene,Dantrolene sodium,,LOW,INACTIVE,1.62,-3.59,0
,Cn1cc(-c2ccc(-c3cncc(Cl)c3N3CCC4(CCNC4=O)CC3)cc2)cn1,,Cn1cc(-c2ccc(-c3cncc(Cl)c3N3CCC4(CCNC4=O)CC3)cc2)cn1,,,NCGC00509936-02,LOW,INACTIVE,3.5,-4.32,0
1042.0,CC(CO)NC(=O)C1C=C2c3cccc4[nH]cc(c34)CC2N(C)C1,,C[C@@H](CO)NC(=O)[C@@H]1C=C2c3cccc4[nH]cc(c34)C[C@H]2N(C)C1,ergometrine,Ergobasine,,LOW,INACTIVE,1.53,-3.0,0
,O=C1c2ccccc2C(=O)c2ccccc21,,O=C1c2ccccc2C(=O)c2ccccc21,,Anthraquinone|ANTHRAQUINONE,,LOW,INACTIVE,2.82,-3.65,0
,Fc1cc(F)c2c(c1)C1C=CCC1C(c1cccnc1)N2,,Fc1cc(F)c2c(c1)[C@H]1C=CC[C@H]1C(c1cccnc1)N2,,Golgicide A,,HIGH,HIGH,3.85,-4.3,1
,CC(C)CCN1c2nc(Nc3cc(F)c(O)c(F)c3)ncc2N(C)C(=N)C1C,,CC(C)CCN1c2nc(Nc3cc(F)c(O)c(F)c3)ncc2N(C)C(=N)C1C,,,NCGC00263086-08,HIGH,HIGH,3.93,-3.82,1
,CNc1nc(-c2ccc3c(N)n[nH]c3c2)cc(N2CC(C(=O)NC3CCCCC3)CCC2C)n1,,CNc1nc(-c2ccc3c(N)n[nH]c3c2)cc(N2C[C@@H](C(=O)NC3CCCCC3)CC[C@H]2C)n1,,,NCGC00346836-09,HIGH,MODERATE,4.26,-4.31,1
3615.0,Cc1cccc(N(C)C(=S)Oc2ccc3c(c2)CCC3)c1,,Cc1cccc(N(C)C(=S)Oc2ccc3c(c2)CCC3)c1,tolindate,Tolindate,,LOW,INACTIVE,4.64,-5.57,0
,c1ccc2c(-c3cnn4cc(-c5ccc(OCCN6CCOCC6)cc5)cnc34)ccnc2c1,,c1ccc2c(-c3cnn4cc(-c5ccc(OCCN6CCOCC6)cc5)cnc34)ccnc2c1,,,NCGC00508900-01,LOW,INACTIVE,3.99,-4.88,0
,CC(C)NC(=O)COc1cccc(-c2nc(Nc3ccc4[nH]ncc4c3)c3ccccc3n2)c1,,CC(C)NC(=O)COc1cccc(-c2nc(Nc3ccc4[nH]ncc4c3)c3ccccc3n2)c1,,,NCGC00378903-01,LOW,INACTIVE,4.65,-5.19,0
,C=CC(=O)Nc1cccc(C)c1Nc1ncc2cc(-c3c(Cl)c(OC)cc(OC)c3Cl)ccc2n1,,C=CC(=O)Nc1cccc(C)c1Nc1ncc2cc(-c3c(Cl)c(OC)cc(OC)c3Cl)ccc2n1,,,NCGC00480785-05,LOW,INACTIVE,6.04,-5.56,0
1605.0,CCOC(=O)N1CCC(=C2c3ccc(Cl)cc3CCc3cccnc32)CC1,,CCOC(=O)N1CCC(=C2c3ccc(Cl)cc3CCc3cccnc32)CC1,loratadine,Loratadine,,MODERATE,LOW,4.82,-4.46,1
,CCCCOc1c(C(=O)c2c(F)cc(C)cc2F)cnc2[nH]ncc12,,CCCCOc1c(C(=O)c2c(F)cc(C)cc2F)cnc2[nH]ncc12,,,NCGC00346693-02,MODERATE,MODERATE,3.25,-4.51,1
,Cc1ccc(Nc2nnc(Cc3ccncc3)c3ccccc23)cc1Br,,Cc1ccc(Nc2nnc(Cc3ccncc3)c3ccccc23)cc1Br,,,NCGC00522629-01,HIGH,LOW,5.04,-5.39,1
,O=C(O)c1ccc(CCCc2ccc(OCCc3ccc(F)cc3)cc2)o1,,O=C(O)c1ccc(CCCc2ccc(OCCc3ccc(F)cc3)cc2)o1,,,NCGC00387775-03,MODERATE,LOW,5.11,-4.72,1
930.0,CCN1C(=CC=CC=Cc2sc3ccccc3[n+]2CC)Sc2ccccc21,,CCN1/C(=C\C=C\C=C\c2sc3ccccc3[n+]2CC)Sc2ccccc21,dithiazanine,Dithiazanine chloride,,LOW,LOW,2.42,-6.2,0
,O=C(NCCCNc1nc(Nc2cccc(NC(=O)N3CCCC3)c2)ncc1I)c1cccs1,,O=C(NCCCNc1nc(Nc2cccc(NC(=O)N3CCCC3)c2)ncc1I)c1cccs1,,,NCGC00250386-10,HIGH,LOW,3.88,-4.97,1
,CCCC(C)NC(=O)c1ccc(Cl)c(Cl)c1,,CCCC(C)NC(=O)c1ccc(Cl)c(Cl)c1,,NSC 405020,,LOW,INACTIVE,4.05,-4.46,0
4172.0,CC(C)(C)NC(=O)NC(C(=O)N1CC2C(C1C(=O)NC(CC1CCC1)C(=O)C(N)=O)C2(C)C)C(C)(C)C,,CC(C)(C)NC(=O)N[C@H](C(=O)N1C[C@H]2[C@@H]([C@H]1C(=O)NC(CC1CCC1)C(=O)C(N)=O)C2(C)C)C(C)(C)C,boceprevir,Boceprevir,,LOW,INACTIVE,1.92,-4.35,0
4236.0,CCCCC(CC)COC(=O)C=Cc1ccc(OC)cc1,,CCCCC(CC)COC(=O)C=Cc1ccc(OC)cc1,octinoxate,Octinoxate,,LOW,INACTIVE,5.62,-5.81,0
,CC(C)Oc1ccc(C(=O)NC(CNC(=O)CN(C)C)Cc2ccc(-c3cn4cccc(C(C)O)c4n3)cc2)cc1Cl,,CC(C)Oc1ccc(C(=O)N[C@H](CNC(=O)CN(C)C)Cc2ccc(-c3cn4cccc([C@H](C)O)c4n3)cc2)cc1Cl,,,NCGC00346943-03,MODERATE,MODERATE,4.31,-5.29,1
,COC(=O)C=CC(=O)N(O)CCCCNCc1ccc(COC(=O)Nc2cccc3ccccc23)cc1,,COC(=O)/C=C/C(=O)N(O)CCCCNCc1ccc(COC(=O)Nc2cccc3ccccc23)cc1,,,NCGC00485261-01,HIGH,LOW,3.73,-5.95,1
957.0,C=C1C(=CC=C2CCCC3(C)C2CCC3C(C)C=CC(C)C(C)C)CC(O)CC1O,,C=C1/C(=C\C=C2/CCC[C@@]3(C)[C@H]2CC[C@@H]3[C@H](C)/C=C/[C@H](C)C(C)C)C[C@@H](O)C[C@@H]1O,doxercalciferol,Doxercalciferol,NCGC00182058-03,LOW,INACTIVE,6.28,-5.41,0
,Clc1ccc2c(c1)N=C(N1CCNCC1)c1ccccc1N2,,Clc1ccc2c(c1)N=C(N1CCNCC1)c1ccccc1N2,,N-Desmethylclozapine,,LOW,INACTIVE,3.12,-3.19,0
5222.0,NC(=O)c1cccc2cn(-c3ccc(C4CCCNC4)cc3)nc12,,NC(=O)c1cccc2cn(-c3ccc([C@@H]4CCCNC4)cc3)nc12,niraparib,MK-4827|Niraparib,,LOW,INACTIVE,2.45,-4.33,0
,CC(C=CC1=C(C)CCCC1(C)C)=CC=CC(C)=CC(=O)Nc1ccc(O)cc1,,CC1=C(/C=C/C(C)=C/C=C/C(C)=C/C(=O)Nc2ccc(O)cc2)C(C)(C)CCC1,,,NCGC00090752-04,MODERATE,LOW,6.31,-5.51,1
,CCOC(=O)Cn1cccc1-c1nc(-c2ccc(OC)cc2)c(-c2ccc(OC)cc2)s1,,CCOC(=O)Cn1cccc1-c1nc(-c2ccc(OC)cc2)c(-c2ccc(OC)cc2)s1,,Pamicogrel,,MODERATE,LOW,5.48,-4.92,1
,CC1=C(O)C(=O)C=C2C1=CC=C1C2(C)CCC2(C)C3CC(C)(C(=O)O)CCC3(C)CCC12C,,CC1=C(O)C(=O)C=C2C1=CC=C1[C@@]3(C)CC[C@@]4(C)CC[C@@](C)(C(=O)O)C[C@H]4[C@]3(C)CC[C@@]21C,,Celastrol,NCGC00178913-11,HIGH,HIGH,6.1,-5.3,1
,CC12C=CCC1C1CCC3CC(=O)CCC3(C)C1CC2,,C[C@@]12C=CC[C@H]1[C@@H]1CC[C@H]3CC(=O)CC[C@]3(C)[C@H]1CC2,,Androstenone,,LOW,INACTIVE,4.63,-6.11,0
,Fc1ccc(C(OCCN2CCN(CCCc3ccccc3)CC2)c2ccc(F)cc2)cc1,,Fc1ccc(C(OCCN2CCN(CCCc3ccccc3)CC2)c2ccc(F)cc2)cc1,,,NCGC00015300-11,HIGH,LOW,4.9,-5.51,1
,Cn1ncc2cc(-c3cnc(N)c(Cl)c3N3CCC4(CCNC4=O)CC3)ccc21,,Cn1ncc2cc(-c3cnc(N)c(Cl)c3N3CCC4(CCNC4=O)CC3)ccc21,,,NCGC00489873-03,LOW,INACTIVE,2.72,-3.82,0
4727.0,C=C1C(=CC=C2CCCC3(C)C2CCC3C(C)CCC(O)C(C)C)CC(O)CC1O,,C=C1/C(=C\C=C2/CCC[C@@]3(C)[C@H]2CC[C@@H]3[C@H](C)CC[C@@H](O)C(C)C)C[C@@H](O)C[C@@H]1O,tacalcitol,Tacalcitol,,LOW,INACTIVE,5.35,-4.62,0
,Cn1cncc1C(N)(c1ccc(Cl)cc1)c1ccc2c(c1)c(-c1cccc(Cl)c1)cc(=O)n2C,,Cn1cncc1[C@@](N)(c1ccc(Cl)cc1)c1ccc2c(c1)c(-c1cccc(Cl)c1)cc(=O)n2C,,Tipifarnib,NCGC00250406-03,MODERATE,HIGH,4.78,-6.01,1
,C=CCNC1=C2CC(C)CC(OC)C(O)C(C)C=C(C)C(OC(N)=O)C(OC)C=CC=C(C)C(=O)NC(=CC1=O)C2=O,,C=CCNC1=C2C[C@@H](C)C[C@H](OC)[C@H](O)[C@@H](C)/C=C(\C)[C@H](OC(N)=O)[C@@H](OC)/C=C\C=C(/C)C(=O)NC(=CC1=O)C2=O,,,NCGC00163424-11,LOW,INACTIVE,2.75,-4.49,0
,CC(C)C(=O)OCC1OC(n2ccc(N)nc2=O)C(C)(F)C1OC(=O)C(C)C,,CC(C)C(=O)OC[C@H]1O[C@@H](n2ccc(N)nc2=O)[C@](C)(F)[C@@H]1OC(=O)C(C)C,,R-7128,,LOW,INACTIVE,1.85,-3.48,0
1548.0,CS(=O)(=O)CCNCc1ccc(-c2ccc3ncnc(Nc4ccc(OCc5cccc(F)c5)c(Cl)c4)c3c2)o1,,CS(=O)(=O)CCNCc1ccc(-c2ccc3ncnc(Nc4ccc(OCc5cccc(F)c5)c(Cl)c4)c3c2)o1,lapatinib,Lapatinib,NCGC00167507-13,HIGH,HIGH,5.18,-4.42,1
4897.0,CN1CCc2nc(C(=O)NC3CC(C(=O)N(C)C)CCC3NC(=O)C(=O)Nc3ccc(Cl)cn3)sc2C1,,CN1CCc2nc(C(=O)N[C@@H]3C[C@@H](C(=O)N(C)C)CC[C@@H]3NC(=O)C(=O)Nc3ccc(Cl)cn3)sc2C1,edoxaban,Edoxaban tosylate monohydrate|Edoxaban,,LOW,INACTIVE,1.61,-4.68,0
2087.0,O=[N+]([O-])OCC(CO[N+](=O)[O-])(CO[N+](=O)[O-])CO[N+](=O)[O-],,O=[N+]([O-])OCC(CO[N+](=O)[O-])(CO[N+](=O)[O-])CO[N+](=O)[O-],pentaerithrityl tetranitrate,Pentaerythritol tetranitrate,,LOW,INACTIVE,1.62,-3.38,0
,Nc1nccc(Oc2ccc(NC(=O)c3c[nH]cc(-c4ccc(F)cc4)c3=O)cc2F)c1Cl,,Nc1nccc(Oc2ccc(NC(=O)c3c[nH]cc(-c4ccc(F)cc4)c3=O)cc2F)c1Cl,,,NCGC00263176-03,HIGH,LOW,3.77,-5.53,1
,O=[N+]([O-])c1ccc(Nc2ccccc2-c2ccccc2)c2nonc12,,O=[N+]([O-])c1ccc(Nc2ccccc2-c2ccccc2)c2nonc12,,,NCGC00346825-02,HIGH,HIGH,4.74,-4.03,1
5296.0,CC(Nc1ncnc2[nH]cnc12)c1cc2cccc(Cl)c2c(=O)n1-c1ccccc1,,C[C@H](Nc1ncnc2[nH]cnc12)c1cc2cccc(Cl)c2c(=O)n1-c1ccccc1,duvelisib,,"NCGC00351482-09, NCGC00351482-12",LOW,INACTIVE,3.89,-4.33,0
,CC(=O)c1cnc2ccc(-c3cc(Cl)c(O)c(Cl)c3)nc2c1NC1CCC(CN(C)C)CC1,,CC(=O)c1cnc2ccc(-c3cc(Cl)c(O)c(Cl)c3)nc2c1NC1CCC(CN(C)C)CC1,,,NCGC00386398-03,HIGH,HIGH,5.51,-5.28,1
,O=C1CCCC2=C1C(c1[nH]ncc1Cl)N=C(Nc1nc3ccccc3o1)N2,,O=C1CCCC2=C1C(c1[nH]ncc1Cl)N=C(Nc1nc3ccccc3o1)N2,,,NCGC00238624-07,MODERATE,LOW,2.74,-3.16,1
5077.0,CC(C)N(CCCCOCC(=O)NS(C)(=O)=O)c1cnc(-c2ccccc2)c(-c2ccccc2)n1,,CC(C)N(CCCCOCC(=O)NS(C)(=O)=O)c1cnc(-c2ccccc2)c(-c2ccccc2)n1,selexipag,NS-304,,LOW,INACTIVE,4.4,-5.06,0
1764.0,CCC(CO)NC(=O)C1C=C2c3cccc4[nH]cc(c34)CC2N(C)C1,,CC[C@@H](CO)NC(=O)[C@@H]1C=C2c3cccc4[nH]cc(c34)C[C@H]2N(C)C1,methylergometrine,Methergine,,LOW,INACTIVE,1.74,-3.22,0
,Cc1nc(-c2cn3c(n2)-c2ccc(-c4cnn(C(C)(C)C(N)=O)c4)cc2OCC3)n(C(C)C)n1,,Cc1nc(-c2cn3c(n2)-c2ccc(-c4cnn(C(C)(C)C(N)=O)c4)cc2OCC3)n(C(C)C)n1,,,NCGC00387039-04,MODERATE,MODERATE,3.19,-3.23,1
,N#Cc1ccc(N(Cc2ccc(Br)cc2)n2cnnc2)cc1,,N#Cc1ccc(N(Cc2ccc(Br)cc2)n2cnnc2)cc1,,,NCGC00387089-01,LOW,INACTIVE,3.01,-3.43,0
,COc1ccc(N2C(=O)N(c3c(C)cccc3Cl)Cc3cnc(Nc4ccc(C5CCN(C)CC5)cc4OC)nc32)nc1,,COc1ccc(N2C(=O)N(c3c(C)cccc3Cl)Cc3cnc(Nc4ccc(C5CCN(C)CC5)cc4OC)nc32)nc1,,,NCGC00510480-01,HIGH,HIGH,4.79,-4.63,1
4228.0,CC(C)(C)c1cc(C(C)(C)C)c(NC(=O)c2c[nH]c3ccccc3c2=O)cc1O,,CC(C)(C)c1cc(C(C)(C)C)c(NC(=O)c2c[nH]c3ccccc3c2=O)cc1O,ivacaftor,Ivacaftor,NCGC00242480-02,HIGH,LOW,5.0,-5.29,1
3630.0,O=C(Nc1ccc(Cl)cc1)Nc1ccc(Cl)c(Cl)c1,,O=C(Nc1ccc(Cl)cc1)Nc1ccc(Cl)c(Cl)c1,triclocarban,Triclocarban,,HIGH,HIGH,5.1,-5.04,1
,Cc1oc(-c2ccccc2)nc1CCOc1ccc(CC2C(=O)NOC2=O)cc1,,Cc1oc(-c2ccccc2)nc1CCOc1ccc(CC2C(=O)NOC2=O)cc1,,JTT-501,,LOW,INACTIVE,3.85,-4.2,0
,Cc1ccc(S(=O)(=O)Nc2cc(Cl)ccc2C(=O)Nc2nc(-c3ccccc3)cs2)cc1,,Cc1ccc(S(=O)(=O)Nc2cc(Cl)ccc2C(=O)Nc2nc(-c3ccccc3)cs2)cc1,,,NCGC00262398-01,HIGH,HIGH,5.08,-5.93,1
2342.0,C#CC1(O)CCC2C3CCc4cc(OC5CCCC5)ccc4C3CCC21C,,C#C[C@]1(O)CC[C@H]2[C@@H]3CCc4cc(OC5CCCC5)ccc4[C@H]3CC[C@@]21C,quinestrol,Quinestrol,,HIGH,LOW,5.28,-5.37,1
,COC1(CS(=O)c2ccccc2)CCN(CCc2c[nH]c3ccc(F)cc23)CC1,,COC1(CS(=O)c2ccccc2)CCN(CCc2c[nH]c3ccc(F)cc23)CC1,,,NCGC00025092-02,LOW,INACTIVE,3.32,-4.04,0
,CC(=O)Nc1ccc(OCC(C)(O)C(=O)Nc2ccc([N+](=O)[O-])c(C(F)(F)F)c2)cc1,,CC(=O)Nc1ccc(OC[C@](C)(O)C(=O)Nc2ccc([N+](=O)[O-])c(C(F)(F)F)c2)cc1,,,NCGC00263150-04,LOW,INACTIVE,2.61,-5.61,0
,CCC(=C(c1ccc(C=CC(=O)O)cc1)c1ccc2[nH]ncc2c1)c1ccc(F)cc1Cl,,CC/C(=C(/c1ccc(/C=C/C(=O)O)cc1)c1ccc2[nH]ncc2c1)c1ccc(F)cc1Cl,,,NCGC00509938-02,HIGH,LOW,6.34,-6.35,1
109.0,C=CC[N+]12CCC34c5ccccc5N5C=C6C7CC8C9(CC[N+]8(CC=C)CC7=CCO)c7ccccc7N(C=C(C(CC31)C(=CCO)C2)C54)C69,,C=CC[N@@+]12CC[C@@]34c5ccccc5N5C=C6[C@H]7C[C@H]8[C@@]9(CC[N@@+]8(CC=C)C/C7=C/CO)c7ccccc7N(C=C([C@@H](C[C@@H]31)/C(=C\CO)C2)[C@H]54)[C@@H]69,alcuronium,Alcuronium chloride,,LOW,INACTIVE,3.28,-6.48,0
,Cc1cc(Cl)ccc1OCCCC(=O)NO,,Cc1cc(Cl)ccc1OCCCC(=O)NO,,Droxinostat,,MODERATE,LOW,1.97,-3.42,1
,CN1CCN(c2ccc(OC(F)(F)F)c(Nc3ncc4c(n3)-c3c(c(C(N)=O)nn3CCO)CC4)c2)CC1,,CN1CCN(c2ccc(OC(F)(F)F)c(Nc3ncc4c(n3)-c3c(c(C(N)=O)nn3CCO)CC4)c2)CC1,,,NCGC00386361-02,MODERATE,MODERATE,2.21,-4.01,1
,O=C(NCc1ccncc1)C12CC3CC(C1)CC(c1ccc(Cl)cc1)(C3)C2,,O=C(NCc1ccncc1)C12C[C@H]3C[C@@H](C1)CC(c1ccc(Cl)cc1)(C3)C2,,,NCGC00346441-01,LOW,INACTIVE,4.56,-6.25,0
,CCN(c1cc(C#CCN2CCOCC2)cc(C(=O)NCc2c(C)cc(C)[nH]c2=O)c1C)C1CCC(N(C)CCOC)CC1,,CCN(c1cc(C#CCN2CCOCC2)cc(C(=O)NCc2c(C)cc(C)[nH]c2=O)c1C)[C@H]1CC[C@H](N(C)CCOC)CC1,,,NCGC00384304-02,LOW,INACTIVE,4.24,-4.86,0
1122.0,C=C1CC2C(CCC3(C)C(=O)CCC23)C2(C)C=CC(=O)C=C12,,C=C1C[C@@H]2[C@H](CC[C@]3(C)C(=O)CC[C@@H]23)[C@@]2(C)C=CC(=O)C=C12,exemestane,Exemestane,NCGC00271596-15,LOW,INACTIVE,2.66,-4.64,0
4334.0,Cc1c(-c2ccc(O)cc2)n(Cc2ccc(OCCN3CCCCCC3)cc2)c2ccc(O)cc12,,Cc1c(-c2ccc(O)cc2)n(Cc2ccc(OCCN3CCCCCC3)cc2)c2ccc(O)cc12,bazedoxifene,Bazedoxifene,NCGC00182055-09,HIGH,LOW,6.04,-5.92,1
,C=CC(C)(C)c1cc(C=CC(=O)c2ccc(O)cc2)c(OC)cc1O,,C=CC(C)(C)c1cc(/C=C/C(=O)c2ccc(O)cc2)c(OC)cc1O,,Licochalcone A,,HIGH,LOW,4.74,-4.63,1
,COCCOC(=O)C1=C(C)NC2=C(C(=O)CC(c3ccccc3OC)C2)C1c1cccc(O)c1,,COCCOC(=O)C1=C(C)NC2=C(C(=O)CC(c3ccccc3OC)C2)C1c1cccc(O)c1,,,NCGC00346826-01,HIGH,HIGH,3.78,-4.93,1
,O=C(CCNC(=O)c1ccc(OC(F)(F)F)cc1)NC1CCCc2ccccc21,,O=C(CCNC(=O)c1ccc(OC(F)(F)F)cc1)N[C@@H]1CCCc2ccccc21,,,NCGC00507887-01,LOW,INACTIVE,3.81,-5.69,0
,CCC(=O)CCCCCC1NC(=O)C2CCCCN2C(=O)C(C(C)CC)NC(=O)C(Cc2cn(OC)c3ccccc23)NC1=O,,CCC(=O)CCCCC[C@@H]1NC(=O)[C@H]2CCCCN2C(=O)[C@H]([C@@H](C)CC)NC(=O)[C@H](Cc2cn(OC)c3ccccc23)NC1=O,,Apicidin,,HIGH,HIGH,3.89,-4.7,1
,C#Cc1cccc(Nc2ncnc3cc(OC)c(OCCCCCCC(=O)NO)cc23)c1,,C#Cc1cccc(Nc2ncnc3cc(OC)c(OCCCCCCC(=O)NO)cc23)c1,,,NCGC00263177-04,HIGH,MODERATE,3.6,-4.96,1
2550.0,CCOC(=O)Oc1c(OC)cc(C(=O)OC2CC3CN4CCc5c([nH]c6cc(OC)ccc56)C4CC3C(C(=O)OC)C2OC)cc1OC,,CCOC(=O)Oc1c(OC)cc(C(=O)O[C@@H]2C[C@@H]3CN4CCc5c([nH]c6cc(OC)ccc56)[C@H]4C[C@@H]3[C@H](C(=O)OC)[C@H]2OC)cc1OC,syrosingopine,Syrosingopine,,MODERATE,LOW,4.4,-4.84,1
,Clc1cccc(-n2nnnc2NCc2ccccc2Oc2ccccn2)c1Cl,,Clc1cccc(-n2nnnc2NCc2ccccc2Oc2ccccn2)c1Cl,,,NCGC00347909-06,LOW,INACTIVE,3.99,-4.81,0
,CN(C)C(=O)C(O)C(Cc1ccccc1)NC(=O)c1cc2cc(Cl)ccc2[nH]1,,CN(C)C(=O)[C@H](O)[C@H](Cc1ccccc1)NC(=O)c1cc2cc(Cl)ccc2[nH]1,,,NCGC00346646-02,LOW,INACTIVE,2.92,-4.4,0
2683.0,Clc1ccc2nsnc2c1NC1=NCCN1,,Clc1ccc2nsnc2c1NC1=NCCN1,tizanidine,Tizanidine hydrochloride,NCGC00160529-08,LOW,INACTIVE,1.61,-3.28,0
,CC(COc1ccc(Oc2ccccc2)cc1)Oc1ccccn1,,C[C@@H](COc1ccc(Oc2ccccc2)cc1)Oc1ccccn1,,,NCGC00164462-05,LOW,INACTIVE,4.9,-4.3,0
,COc1ccc(CNC(=O)Nc2ncc([N+](=O)[O-])s2)cc1,,COc1ccc(CNC(=O)Nc2ncc([N+](=O)[O-])s2)cc1,,,NCGC00371125-09,MODERATE,LOW,2.06,-4.43,1
,O=C(O)c1cc(O)c2c(c1)C(=O)c1cccc(O)c1C2=O,,O=C(O)c1cc(O)c2c(c1)C(=O)c1cccc(O)c1C2=O,,,NCGC00018199-09,LOW,INACTIVE,2.19,-3.12,0
,CC1(C)CC(NC(=O)C(=O)Nc2ccc(Br)cc2)CC(C)(C)N1,,CC1(C)CC(NC(=O)C(=O)Nc2ccc(Br)cc2)CC(C)(C)N1,,NBD-557,,MODERATE,MODERATE,2.81,-4.62,1
,Cc1nc(-c2ccccc2Br)cc(C2CN3CCC2CC3CNC(=O)Nc2ccc(Cl)cc2)n1,,Cc1nc(-c2ccccc2Br)cc([C@H]2CN3CC[C@H]2C[C@@H]3CNC(=O)Nc2ccc(Cl)cc2)n1,,,NCGC00400318-01,LOW,INACTIVE,5.12,-5.13,0
,CCC1(O)C(=O)OCc2c1cc1n(c2=O)Cc2c-1nc1ccccc1c2C=NOC(C)(C)C,,CC[C@@]1(O)C(=O)OCc2c1cc1n(c2=O)Cc2c-1nc1ccccc1c2/C=N/OC(C)(C)C,,Gimatecan,,HIGH,HIGH,2.91,-4.02,1
,CNC(=O)c1ccccc1Nc1nc(Nc2ccc3c(c2OC)CCCC(N2CCN(CCO)CC2)C3)ncc1Cl,,CNC(=O)c1ccccc1Nc1nc(Nc2ccc3c(c2OC)CCC[C@H](N2CCN(CCO)CC2)C3)ncc1Cl,,,NCGC00378557-07,HIGH,HIGH,4.04,-4.41,1
,COc1cc(N2CCN(C(C)=O)CC2)ccc1Nc1ncc(Cl)c(Nc2ccc(N3CCN(C(C)=O)CC3)cc2OC)n1,,COc1cc(N2CCN(C(C)=O)CC2)ccc1Nc1ncc(Cl)c(Nc2ccc(N3CCN(C(C)=O)CC3)cc2OC)n1,,,NCGC00379254-06,MODERATE,LOW,4.37,-4.13,1
,CNc1ncc2cc(-c3cc(NC(=O)NCCC(C)(C)C)c(F)cc3C)c(C)nc2n1,,CNc1ncc2cc(-c3cc(NC(=O)NCCC(C)(C)C)c(F)cc3C)c(C)nc2n1,,,NCGC00481604-01,HIGH,HIGH,4.35,-4.92,1
,O=C(NC1N=C(c2ccccc2F)c2cccc3c2N(CC3)C1=O)c1cc2ccccc2[nH]1,,O=C(N[C@H]1N=C(c2ccccc2F)c2cccc3c2N(CC3)C1=O)c1cc2ccccc2[nH]1,,Pranazepide,,LOW,INACTIVE,3.45,-5.0,0
,O=C(c1ccc(Nc2nc(C3CC3)cn3c(-c4cn[nH]c4)cnc23)c(F)c1)N1CCOCC1,,O=C(c1ccc(Nc2nc(C3CC3)cn3c(-c4cn[nH]c4)cnc23)c(F)c1)N1CCOCC1,,,NCGC00510464-01,LOW,INACTIVE,2.83,-4.0,0
,Cc1cnc(NC(=O)c2cc(S(=O)(=O)N(C)C)ccc2N2CCCC2)s1,,Cc1cnc(NC(=O)c2cc(S(=O)(=O)N(C)C)ccc2N2CCCC2)s1,,ML414,,MODERATE,LOW,2.01,-3.48,1
761.0,NS(=O)(=O)c1cc2c(cc1Cl)NC(C1CC3C=CC1C3)NS2(=O)=O,,NS(=O)(=O)c1cc2c(cc1Cl)NC(C1CC3C=CC1C3)NS2(=O)=O,cyclothiazide,Cyclothiazide,,LOW,INACTIVE,1.32,-3.15,0
2825.0,CCC1(O)CC2CN(CCc3c([nH]c4ccccc34)C(C(=O)OC)(c3cc4c(cc3OC)N(C=O)C3C(O)(C(=O)OC)C(OC(C)=O)C5(CC)C=CCN6CCC43C65)C2)C1,,CC[C@]1(O)C[C@@H]2CN(CCc3c([nH]c4ccccc34)[C@@](C(=O)OC)(c3cc4c(cc3OC)N(C=O)[C@H]3[C@@](O)(C(=O)OC)[C@H](OC(C)=O)[C@]5(CC)C=CCN6CC[C@]43[C@@H]65)C2)C1,vincristine,Vincristine sulfate,NCGC00163700-14,HIGH,MODERATE,3.36,-4.47,1
,C=CCc1ccc(O)c(-c2ccc(O)c(CC=C)c2)c1,,C=CCc1ccc(O)c(-c2ccc(O)c(CC=C)c2)c1,,Honokiol,,LOW,INACTIVE,4.7,-4.49,0
,CN1C(=O)C(Cc2c[nH]c3ccccc23)NC1=S,,CN1C(=O)C(Cc2c[nH]c3ccccc23)NC1=S,,,NCGC00092372-12,LOW,INACTIVE,2.08,-3.75,0
,CNc1nc(Nc2cnn(C3CCN(C4COC4)CC3F)c2Cl)ncc1C(F)(F)F,,CNc1nc(Nc2cnn([C@H]3CCN(C4COC4)C[C@@H]3F)c2Cl)ncc1C(F)(F)F,,,NCGC00386367-02,LOW,INACTIVE,3.39,-3.77,0
,Cc1ccc(F)c(NC(=O)Nc2ccc(-c3cccc4[nH]nc(N)c34)cc2)c1,,Cc1ccc(F)c(NC(=O)Nc2ccc(-c3cccc4[nH]nc(N)c34)cc2)c1,,,NCGC00250403-11,HIGH,LOW,4.2,-4.84,1
380.0,CC(C)NCC(O)COc1ccc(COCCOC(C)C)cc1,,CC(C)NCC(O)COc1ccc(COCCOC(C)C)cc1,bisoprolol,Bisoprolol fumarate,,LOW,INACTIVE,2.29,-3.68,0
,CCOc1cc(C(C)(C)C)ccc1C1=NC(C)(c2ccc(Cl)cc2)C(C)(c2ccc(Cl)cc2)N1C(=O)N1CCN(CC(=O)N2CCOCC2)CC1,,CCOc1cc(C(C)(C)C)ccc1C1=N[C@@](C)(c2ccc(Cl)cc2)[C@@](C)(c2ccc(Cl)cc2)N1C(=O)N1CCN(CC(=O)N2CCOCC2)CC1,,,NCGC00378588-02,HIGH,MODERATE,7.1,-6.34,1
,Cc1cc(C)c(CNC(=O)c2cc(-c3ccc(CN4CCOCC4)cc3)cc3c2cnn3C2CCCC2)c(=O)[nH]1,,Cc1cc(C)c(CNC(=O)c2cc(-c3ccc(CN4CCOCC4)cc3)cc3c2cnn3C2CCCC2)c(=O)[nH]1,,,NCGC00351604-03,HIGH,LOW,4.08,-4.94,1
2353.0,Cc1nc2ccc(CN(C)c3ccc(C(=O)NC(CCC(=O)O)C(=O)O)s3)cc2c(=O)[nH]1,,Cc1nc2ccc(CN(C)c3ccc(C(=O)N[C@@H](CCC(=O)O)C(=O)O)s3)cc2c(=O)[nH]1,raltitrexed,Raltitrexed,NCGC00229704-02,LOW,INACTIVE,1.79,-4.4,0
4654.0,CNC(=O)c1cc(Oc2ccc(NC(=O)Nc3ccc(Cl)c(C(F)(F)F)c3)c(F)c2)ccn1,,CNC(=O)c1cc(Oc2ccc(NC(=O)Nc3ccc(Cl)c(C(F)(F)F)c3)c(F)c2)ccn1,regorafenib,Regorafenib,NCGC00263138-10,HIGH,HIGH,4.53,-5.67,1
749.0,CN1CCN(C(c2ccccc2)c2ccccc2)CC1,,CN1CCN(C(c2ccccc2)c2ccccc2)CC1,cyclizine,Cyclizine hydrochloride,,LOW,INACTIVE,3.55,-3.55,0
,CNC(=O)CCc1cc(-c2ccc(-c3ccc(C(F)(F)F)cc3)cc2)n(-c2ccc(N3CCNCC3)cc2)n1,,CNC(=O)CCc1cc(-c2ccc(-c3ccc(C(F)(F)F)cc3)cc2)n(-c2ccc(N3CCNCC3)cc2)n1,,,NCGC00522470-01,HIGH,LOW,4.88,-5.28,1
,Cn1cc(-c2ccc(S(=O)(=O)n3ccc(C=CC(=O)Nc4ccccc4N)c3)cc2)cn1,,Cn1cc(-c2ccc(S(=O)(=O)n3ccc(/C=C/C(=O)Nc4ccccc4N)c3)cc2)cn1,,4SC-202,,HIGH,MODERATE,2.87,-4.21,1
708.0,COC(=O)C(c1ccccc1Cl)N1CCc2sccc2C1,,COC(=O)[C@H](c1ccccc1Cl)N1CCc2sccc2C1,clopidogrel,Clopidogrel bisulfate,NCGC00163329-11,LOW,INACTIVE,3.84,-4.44,0
,CCCC(=O)OC1(C(=O)CC)CCC2C3CCC4=CC(=O)CCC4(C)C3C(O)CC21C,,CCCC(=O)O[C@]1(C(=O)CC)CC[C@H]2[C@@H]3CCC4=CC(=O)CC[C@]4(C)[C@H]3[C@@H](O)C[C@@]21C,,Resocortol butyrate,,LOW,INACTIVE,4.0,-4.9,0
,COc1cc2c(cc1O)CCC1C2CCC2(C)C(O)CCC12,,COc1cc2c(cc1O)CC[C@@H]1[C@@H]2CC[C@]2(C)[C@@H](O)CC[C@@H]12,,,NCGC00094082-08,MODERATE,LOW,3.7,-4.49,1
,COc1ccc(-c2coc3cc(O)cc(O)c3c2=O)cc1,,COc1ccc(-c2coc3cc(O)cc(O)c3c2=O)cc1,,,NCGC00017369-07,LOW,INACTIVE,3.44,-3.69,0
1440.0,COc1ccc2c(c1)c(CC(=O)O)c(C)n2C(=O)c1ccc(Cl)cc1,,COc1ccc2c(c1)c(CC(=O)O)c(C)n2C(=O)c1ccc(Cl)cc1,indomethacin,Indomethacin,,LOW,INACTIVE,4.25,-5.17,0
,CN(C)CCOc1cc(-c2cn[nH]c2)ccc1NC(=O)C1COc2ccccc2O1,,CN(C)CCOc1cc(-c2cn[nH]c2)ccc1NC(=O)C1COc2ccccc2O1,,,NCGC00345833-01,LOW,INACTIVE,2.71,-3.65,0
,Cc1ccc(-n2nc(C(C)(C)C)cc2NC(O)=NCc2cc(F)ccc2Oc2ccc3c(cnn3CCO)c2)cc1,"InChI=1S/C31H33FN6O3/c1-20-5-8-24(9-6-20)38-29(17-28(36-38)31(2,3)4)35-30(40)33-18-22-15-23(32)7-12-27(22)41-25-10-11-26-21(16-25)19-34-37(26)13-14-39/h5-12,15-17,19,39H,13-14,18H2,1-4H3,(H2,33,35,40)",Cc1ccc(-n2nc(C(C)(C)C)cc2N/C(O)=N/Cc2cc(F)ccc2Oc2ccc3c(cnn3CCO)c2)cc1,,,NCGC00481573-01,MODERATE,LOW,5.17,-4.64,1
,CC(C)(C#N)c1ccc(N2C(=O)OCc3cnc4ccc(-c5cnc6ccccc6c5)cc4c32)cc1,"InChI=1S/C30H22N4O2/c1-30(2,18-31)23-8-10-24(11-9-23)34-28-22(17-36-29(34)35)16-33-27-12-7-19(14-25(27)28)21-13-20-5-3-4-6-26(20)32-15-21/h3-16H,17H2,1-2H3",CC(C)(C#N)c1ccc(N2C(=O)OCc3cnc4ccc(-c5cnc6ccccc6c5)cc4c32)cc1,,,NCGC00386292-05,MODERATE,MODERATE,5.01,-5.13,1
,CC(=O)Nc1nc2c(Oc3cc(-c4ccc(C(F)(F)F)cc4)ncn3)cccc2s1,"InChI=1S/C20H13F3N4O2S/c1-11(28)26-19-27-18-15(3-2-4-16(18)30-19)29-17-9-14(24-10-25-17)12-5-7-13(8-6-12)20(21,22)23/h2-10H,1H3,(H,26,27,28)",CC(=O)Nc1nc2c(Oc3cc(-c4ccc(C(F)(F)F)cc4)ncn3)cccc2s1,,,NCGC00386259-04,HIGH,LOW,4.65,-5.49,1
,CC(C)(C)c1ccc(C(=O)Nc2cc(Cl)c(Br)cc2C(=O)O)cc1,"InChI=1S/C18H17BrClNO3/c1-18(2,3)11-6-4-10(5-7-11)16(22)21-15-9-14(20)13(19)8-12(15)17(23)24/h4-9H,1-3H3,(H,21,22)(H,23,24)",CC(C)(C)c1ccc(C(=O)Nc2cc(Cl)c(Br)cc2C(=O)O)cc1,,,NCGC00386831-01,MODERATE,LOW,4.83,-5.99,1
,COc1ccc2c(c1)CN(C(=O)CCN1CCC(Cc3ccccc3)CC1)CCS2,"InChI=1S/C25H32N2O2S/c1-29-23-7-8-24-22(18-23)19-27(15-16-30-24)25(28)11-14-26-12-9-21(10-13-26)17-20-5-3-2-4-6-20/h2-8,18,21H,9-17,19H2,1H3",COc1ccc2c(c1)CN(C(=O)CCN1CCC(Cc3ccccc3)CC1)CCS2,,,NCGC00384450-03,LOW,INACTIVE,4.04,-6.06,0
,CC(C)CNC(=O)C=CCCCCc1ccc2c(c1)OCO2,"InChI=1S/C18H25NO3/c1-14(2)12-19-18(20)8-6-4-3-5-7-15-9-10-16-17(11-15)22-13-21-16/h6,8-11,14H,3-5,7,12-13H2,1-2H3,(H,19,20)/b8-6+",CC(C)CNC(=O)/C=C/CCCCc1ccc2c(c1)OCO2,,,NCGC00347573-02,LOW,INACTIVE,4.31,-4.97,0
,Fc1cc(I)ccc1Nc1c(-c2nnc(NCCN3CCOCC3)o2)ccc(F)c1F,"InChI=1S/C20H19F3IN5O2/c21-14-3-2-13(18(17(14)23)26-16-4-1-12(24)11-15(16)22)19-27-28-20(31-19)25-5-6-29-7-9-30-10-8-29/h1-4,11,26H,5-10H2,(H,25,28)",Fc1cc(I)ccc1Nc1c(-c2nnc(NCCN3CCOCC3)o2)ccc(F)c1F,,,NCGC00379208-01,LOW,MODERATE,4.16,-3.86,0
,Cc1c(OCc2cccc(-c3ccc(C(=O)O)cc3)c2)cc2c(c1C)C(=O)C(C1CCCC1)C2,"InChI=1S/C30H30O4/c1-18-19(2)28-25(15-26(29(28)31)22-7-3-4-8-22)16-27(18)34-17-20-6-5-9-24(14-20)21-10-12-23(13-11-21)30(32)33/h5-6,9-14,16,22,26H,3-4,7-8,15,17H2,1-2H3,(H,32,33)",Cc1c(OCc2cccc(-c3ccc(C(=O)O)cc3)c2)cc2c(c1C)C(=O)C(C1CCCC1)C2,,,NCGC00370788-02,LOW,INACTIVE,6.12,-7.14,0
,CC(=CCCC1(C)C2CC3C(C2)C31C)C(=O)O,"InChI=1S/C15H22O2/c1-9(13(16)17)5-4-6-14(2)10-7-11-12(8-10)15(11,14)3/h5,10-12H,4,6-8H2,1-3H3,(H,16,17)/b9-5+",C/C(=C\CCC1(C)C2CC3C(C2)C31C)C(=O)O,,,NCGC00169782-02,LOW,INACTIVE,3.52,-4.38,0
,CC(=O)OC1C2C(OC(=O)c3ccccc3)C(C)CC2(O)C(OC(C)=O)C2(C)C3CC(C)(C)C(=O)C3(OC(C)=O)CC12C,"InChI=1S/C33H42O10/c1-17-14-32(39)23(24(17)42-26(37)21-12-10-9-11-13-21)25(40-18(2)34)30(7)16-33(43-20(4)36)22(15-29(5,6)27(33)38)31(30,8)28(32)41-19(3)35/h9-13,17,22-25,28,39H,14-16H2,1-8H3/t17-,22-,23+,24-,25+,28+,30-,31+,32+,33-/m0/s1",CC(=O)O[C@@H]1[C@@]2(C)[C@@H]3CC(C)(C)C(=O)[C@]3(OC(C)=O)C[C@@]2(C)[C@H](OC(C)=O)[C@H]2[C@@H](OC(=O)c3ccccc3)[C@@H](C)C[C@@]21O,,,NCGC00385281-01,LOW,INACTIVE,3.85,-4.94,0
,CC1=C2C(=O)C3C(CC=C4CC(O)CCC43C)C2CCC12OC1CC(C)CNC1C2C,"InChI=1S/C27H39NO3/c1-14-11-21-24(28-13-14)16(3)27(31-21)10-8-19-20-6-5-17-12-18(29)7-9-26(17,4)23(20)25(30)22(19)15(27)2/h5,14,16,18-21,23-24,28-29H,6-13H2,1-4H3/t14-,16+,18-,19-,20-,21+,23?,24-,26-,27-/m0/s1",CC1=C2C(=O)C3[C@@H](CC=C4C[C@@H](O)CC[C@@]43C)[C@@H]2CC[C@]12O[C@@H]1C[C@H](C)CN[C@H]1[C@H]2C,,,NCGC00380997-01,LOW,INACTIVE,3.43,-4.83,0
,CC1CCN(C(c2ccc(F)cc2)c2ccc(C(C)C(=O)O)cc2-c2ccc(C(F)(F)F)cc2)CC1,"InChI=1S/C29H29F4NO2/c1-18-13-15-34(16-14-18)27(21-5-10-24(30)11-6-21)25-12-7-22(19(2)28(35)36)17-26(25)20-3-8-23(9-4-20)29(31,32)33/h3-12,17-19,27H,13-16H2,1-2H3,(H,35,36)",CC1CCN(C(c2ccc(F)cc2)c2ccc(C(C)C(=O)O)cc2-c2ccc(C(F)(F)F)cc2)CC1,,,NCGC00370782-01,HIGH,LOW,7.38,-6.17,1
,CC1=C(c2ccc(NC(=O)c3c(F)cccc3F)cc2)CN(c2nccs2)CC1,"InChI=1S/C22H19F2N3OS/c1-14-9-11-27(22-25-10-12-29-22)13-17(14)15-5-7-16(8-6-15)26-21(28)20-18(23)3-2-4-19(20)24/h2-8,10,12H,9,11,13H2,1H3,(H,26,28)",CC1=C(c2ccc(NC(=O)c3c(F)cccc3F)cc2)CN(c2nccs2)CC1,,,NCGC00386652-01,LOW,INACTIVE,4.29,-5.29,0
,COc1cc(OC)c(C=C2C(=O)Nc3ccccc32)c(OC)c1,"InChI=1S/C18H17NO4/c1-21-11-8-16(22-2)14(17(9-11)23-3)10-13-12-6-4-5-7-15(12)19-18(13)20/h4-10H,1-3H3,(H,19,20)/b13-10-",COc1cc(OC)c(/C=C2\C(=O)Nc3ccccc32)c(OC)c1,,,NCGC00485035-01,MODERATE,MODERATE,3.2,-4.47,1
,OCC1(O)COC(OCC2OC(OC(CCCCc3ccc(O)cc3)CCc3ccc(O)cc3)C(O)C(O)C2O)C1O,"InChI=1S/C30H42O12/c31-16-30(38)17-40-29(27(30)37)39-15-23-24(34)25(35)26(36)28(42-23)41-22(14-9-19-7-12-21(33)13-8-19)4-2-1-3-18-5-10-20(32)11-6-18/h5-8,10-13,22-29,31-38H,1-4,9,14-17H2/t22?,23-,24-,25+,26-,27+,28-,29+,30-/m1/s1",OC[C@@]1(O)CO[C@H](OC[C@H]2O[C@@H](OC(CCCCc3ccc(O)cc3)CCc3ccc(O)cc3)[C@H](O)[C@@H](O)[C@@H]2O)[C@@H]1O,,,NCGC00347403-02,LOW,INACTIVE,1.28,-3.26,0
,NC(=O)c1nc(Nc2ccccc2)sc1NC(=O)C1CCCCC1,"InChI=1S/C17H20N4O2S/c18-14(22)13-16(21-15(23)11-7-3-1-4-8-11)24-17(20-13)19-12-9-5-2-6-10-12/h2,5-6,9-11H,1,3-4,7-8H2,(H2,18,22)(H,19,20)(H,21,23)",NC(=O)c1nc(Nc2ccccc2)sc1NC(=O)C1CCCCC1,,,NCGC00387258-04,LOW,INACTIVE,3.04,-4.48,0
,CC1=CC(=O)CC(C)(C)C1CCC(C)OC1OC(COC(=O)c2cc(O)c(O)c(O)c2)C(O)C(O)C1O,"InChI=1S/C26H36O11/c1-12-7-15(27)10-26(3,4)16(12)6-5-13(2)36-25-23(33)22(32)21(31)19(37-25)11-35-24(34)14-8-17(28)20(30)18(29)9-14/h7-9,13,16,19,21-23,25,28-33H,5-6,10-11H2,1-4H3",CC1=CC(=O)CC(C)(C)C1CCC(C)OC1OC(COC(=O)c2cc(O)c(O)c(O)c2)C(O)C(O)C1O,,,NCGC00380511-01,LOW,INACTIVE,1.88,-3.09,0
,O=C(c1cn(Cc2cncn2Cc2ccc(Br)cc2)cc1-c1cccc2ccccc12)N1CCOCC1,"InChI=1S/C30H27BrN4O2/c31-24-10-8-22(9-11-24)17-35-21-32-16-25(35)18-33-19-28(27-7-3-5-23-4-1-2-6-26(23)27)29(20-33)30(36)34-12-14-37-15-13-34/h1-11,16,19-21H,12-15,17-18H2",O=C(c1cn(Cc2cncn2Cc2ccc(Br)cc2)cc1-c1cccc2ccccc12)N1CCOCC1,,,NCGC00370772-05,MODERATE,MODERATE,5.0,-4.81,1
,CCCCN(CC)c1nc(C)nc2c1c(C)cn2-c1c(C)cc(C)cc1C,"InChI=1S/C23H32N4/c1-8-10-11-26(9-2)22-20-18(6)14-27(23(20)25-19(7)24-22)21-16(4)12-15(3)13-17(21)5/h12-14H,8-11H2,1-7H3",CCCCN(CC)c1nc(C)nc2c1c(C)cn2-c1c(C)cc(C)cc1C,,,"NCGC00261335-01, NCGC00378725-02",MODERATE,LOW,6.04,-4.38,1
,Nc1cccc(-c2csc(NC(=O)CCCCCCC(=O)NO)n2)c1,"InChI=1S/C17H22N4O3S/c18-13-7-5-6-12(10-13)14-11-25-17(19-14)20-15(22)8-3-1-2-4-9-16(23)21-24/h5-7,10-11,24H,1-4,8-9,18H2,(H,21,23)(H,19,20,22)",Nc1cccc(-c2csc(NC(=O)CCCCCCC(=O)NO)n2)c1,,,NCGC00343505-01,HIGH,MODERATE,2.31,-4.53,1
3611.0,O=C(O)Cc1cc(I)c(Oc2ccc(O)c(I)c2)c(I)c1,"InChI=1S/C14H9I3O4/c15-9-6-8(1-2-12(9)18)21-14-10(16)3-7(4-11(14)17)5-13(19)20/h1-4,6,18H,5H2,(H,19,20)",O=C(O)Cc1cc(I)c(Oc2ccc(O)c(I)c2)c(I)c1,tiratricol,,NCGC00016227-08,LOW,INACTIVE,5.28,-5.06,0
,Cc1cc(C)nc(NS(=O)(=O)c2ccc(NC(=S)NC(=O)COc3ccc(Br)cc3Cl)cc2)n1,"InChI=1S/C21H19BrClN5O4S2/c1-12-9-13(2)25-20(24-12)28-34(30,31)16-6-4-15(5-7-16)26-21(33)27-19(29)11-32-18-8-3-14(22)10-17(18)23/h3-10H,11H2,1-2H3,(H3-,24,25,26,27,28,29,30,31,33)",Cc1cc(C)nc(N[S+](=O)([O-])c2ccc(NC(=S)NC(=O)COc3ccc(Br)cc3Cl)cc2)n1,,,NCGC00371139-12,LOW,INACTIVE,4.67,-5.83,0
,COc1ccc(CC(NC(=O)C(C)NC(=O)CN2CCOCC2)C(=O)NC(Cc2ccccc2)C(=O)C2(C)CO2)cc1,"InChI=1S/C31H40N4O7/c1-21(32-27(36)19-35-13-15-41-16-14-35)29(38)34-26(18-23-9-11-24(40-3)12-10-23)30(39)33-25(28(37)31(2)20-42-31)17-22-7-5-4-6-8-22/h4-12,21,25-26H,13-20H2,1-3H3,(H,32,36)(H,33,39)(H,34,38)/t21-,25-,26-,31+/m0/s1",COc1ccc(C[C@H](NC(=O)[C@H](C)NC(=O)CN2CCOCC2)C(=O)N[C@@H](Cc2ccccc2)C(=O)[C@@]2(C)CO2)cc1,,,NCGC00378964-01,HIGH,MODERATE,1.62,-4.35,1
,CC12CCC(O)CC1=CCC1C2CCC2(C)C(C3=CC(=O)OC3)CCC12O,"InChI=1S/C23H32O4/c1-21-8-5-16(24)12-15(21)3-4-19-18(21)6-9-22(2)17(7-10-23(19,22)26)14-11-20(25)27-13-14/h3,11,16-19,24,26H,4-10,12-13H2,1-2H3/t16-,17+,18?,19+,21-,22+,23-/m0/s1",C[C@]12CC[C@H](O)CC1=CC[C@@H]1C2CC[C@]2(C)[C@@H](C3=CC(=O)OC3)CC[C@]12O,,,NCGC00347770-02,HIGH,HIGH,2.85,-4.18,1
,C=C1C(=O)OC2C=C(C)C3=CC(=O)C(C)(CC(OC(=O)C(C)=CCOC(C)=O)C12)O3,"InChI=1S/C22H24O8/c1-11(6-7-27-14(4)23)20(25)29-17-10-22(5)18(24)9-15(30-22)12(2)8-16-19(17)13(3)21(26)28-16/h6,8-9,16-17,19H,3,7,10H2,1-2,4-5H3/b11-6+,12-8-",C=C1C(=O)OC2/C=C(\C)C3=CC(=O)C(C)(CC(OC(=O)/C(C)=C/COC(C)=O)C12)O3,,,NCGC00384503-01,LOW,INACTIVE,1.77,-4.01,0
,COc1ccc2cc3c(NC(=O)c4ccco4)nn(C)c3nc2c1,"InChI=1S/C17H14N4O3/c1-21-16-12(8-10-5-6-11(23-2)9-13(10)18-16)15(20-21)19-17(22)14-4-3-7-24-14/h3-9H,1-2H3,(H,19,20,22)",COc1ccc2cc3c(NC(=O)c4ccco4)nn(C)c3nc2c1,,,NCGC00386908-01,HIGH,HIGH,3.1,-3.51,1
,CC(=O)OC1C=C(C(=O)O)C2(CO)CCC(C)C(C)(CCc3ccoc3)C2C1,"InChI=1S/C22H30O6/c1-14-4-8-22(13-23)18(20(25)26)10-17(28-15(2)24)11-19(22)21(14,3)7-5-16-6-9-27-12-16/h6,9-10,12,14,17,19,23H,4-5,7-8,11,13H2,1-3H3,(H,25,26)",CC(=O)OC1C=C(C(=O)O)C2(CO)CCC(C)C(C)(CCc3ccoc3)C2C1,,,NCGC00380526-01,LOW,INACTIVE,3.34,-4.18,0
,CCCCCCCCCCCCCCCCCC(=O)[O-].[Al+3].[OH-].[OH-],"InChI=1S/C18H36O2.Al.2H2O/c1-2-3-4-5-6-7-8-9-10-11-12-13-14-15-16-17-18(19)20;;;/h2-17H2,1H3,(H,19,20);;2*1H2/q;+3;;/p-3",CCCCCCCCCCCCCCCCCC(=O)O[Al](O)O,,Aluminum monostearate,,LOW,INACTIVE,7.24,-5.7,0
,N=C(N)NCc1cccc(I)c1,"InChI=1S/C8H10IN3/c9-7-3-1-2-6(4-7)5-12-8(10)11/h1-4H,5H2,(H4,10,11,12)",N=C(N)NCc1cccc(I)c1,,MIBG,NCGC00261329-01,LOW,INACTIVE,1.42,-3.44,0
,Cc1cc(C(=O)Nc2nc3cccc(Cl)c3n2C2CCCCN(C(=O)C=CCN(C)C)C2)ccn1,"InChI=1S/C26H31ClN6O2/c1-18-16-19(12-13-28-18)25(35)30-26-29-22-10-6-9-21(27)24(22)33(26)20-8-4-5-15-32(17-20)23(34)11-7-14-31(2)3/h6-7,9-13,16,20H,4-5,8,14-15,17H2,1-3H3,(H,29,30,35)/b11-7+",Cc1cc(C(=O)Nc2nc3cccc(Cl)c3n2C2CCCCN(C(=O)/C=C/CN(C)C)C2)ccn1,,,NCGC00481602-01,HIGH,MODERATE,3.78,-4.39,1
,CC(=O)Nc1sc2c(c1-c1ccc(N3CCN(C)CC3)cc1)CCNC2,"InChI=1S/C20H26N4OS/c1-14(25)22-20-19(17-7-8-21-13-18(17)26-20)15-3-5-16(6-4-15)24-11-9-23(2)10-12-24/h3-6,21H,7-13H2,1-2H3,(H,22,25)",CC(=O)Nc1sc2c(c1-c1ccc(N3CCN(C)CC3)cc1)CCNC2,,,NCGC00186090-01,LOW,INACTIVE,2.25,-4.43,0
,CC(C)=CCC1=C(O)C(=O)c2ccccc2C1=O,"InChI=1S/C15H14O3/c1-9(2)7-8-12-13(16)10-5-3-4-6-11(10)14(17)15(12)18/h3-7,18H,8H2,1-2H3",CC(C)=CCC1=C(O)C(=O)c2ccccc2C1=O,,Lapachol,,MODERATE,LOW,2.27,-3.66,1
,CCCNc1ccc2ncc(-c3ccc4[nH]ncc4c3)n2n1,"InChI=1S/C16H16N6/c1-2-7-17-15-5-6-16-18-10-14(22(16)21-15)11-3-4-13-12(8-11)9-19-20-13/h3-6,8-10H,2,7H2,1H3,(H,17,21)(H,19,20)",CCCNc1ccc2ncc(-c3ccc4[nH]ncc4c3)n2n1,,,NCGC00370724-05,HIGH,MODERATE,3.34,-4.04,1
,CN(Cc1cccs1)c1ncnc2ccc(-c3ccc4c(c3)OCO4)cc12,"InChI=1S/C21H17N3O2S/c1-24(11-16-3-2-8-27-16)21-17-9-14(4-6-18(17)22-12-23-21)15-5-7-19-20(10-15)26-13-25-19/h2-10,12H,11,13H2,1H3",CN(Cc1cccs1)c1ncnc2ccc(-c3ccc4c(c3)OCO4)cc12,,,NCGC00185984-02,MODERATE,HIGH,4.52,-4.83,1
,CC=C(C)C(=O)OC1C(C)C2(O)C(C=C(CO)CC3(O)C(=O)C(C)=CC32)C2C(C)(C)C12OC(C)=O,"InChI=1S/C27H36O8/c1-8-13(2)23(31)34-22-15(4)26(33)18(20-24(6,7)27(20,22)35-16(5)29)10-17(12-28)11-25(32)19(26)9-14(3)21(25)30/h8-10,15,18-20,22,28,32-33H,11-12H2,1-7H3/b13-8+",C/C=C(\C)C(=O)OC1C(C)C2(O)C(C=C(CO)CC3(O)C(=O)C(C)=CC32)C2C(C)(C)C12OC(C)=O,,,NCGC00385645-01,LOW,INACTIVE,2.06,-3.59,0
,CC(=O)OC1C(OC(=O)c2ccccc2)C2C(=C(C)CCC2(C)C)C23CCC(C)(C2)C(=O)CC13,"InChI=1S/C29H36O5/c1-17-11-12-27(3,4)23-22(17)29-14-13-28(5,16-29)21(31)15-20(29)24(33-18(2)30)25(23)34-26(32)19-9-7-6-8-10-19/h6-10,20,23-25H,11-16H2,1-5H3",CC(=O)OC1C(OC(=O)c2ccccc2)C2C(=C(C)CCC2(C)C)C23CCC(C)(C2)C(=O)CC13,,,NCGC00381262-01,LOW,INACTIVE,4.81,-5.31,0
,O=C(NCCCCN1CCN(c2cccc(Cl)c2Cl)CC1)c1cc2ccccc2s1,"InChI=1S/C23H25Cl2N3OS/c24-18-7-5-8-19(22(18)25)28-14-12-27(13-15-28)11-4-3-10-26-23(29)21-16-17-6-1-2-9-20(17)30-21/h1-2,5-9,16H,3-4,10-15H2,(H,26,29)",O=C(NCCCCN1CCN(c2cccc(Cl)c2Cl)CC1)c1cc2ccccc2s1,,,NCGC00370702-02,MODERATE,LOW,5.72,-5.84,1
,CN(C)CCc1c[nH]c2ccc(CN3CCN(C)S3(=O)=O)cc12,"InChI=1S/C16H24N4O2S/c1-18(2)7-6-14-11-17-16-5-4-13(10-15(14)16)12-20-9-8-19(3)23(20,21)22/h4-5,10-11,17H,6-9,12H2,1-3H3",CN(C)CCc1c[nH]c2ccc(CN3CCN(C)[S+]3(=O)[O-])cc12,,,NCGC00378679-01,LOW,INACTIVE,1.38,-3.3,0
,C=C1C(=O)OC2CC3(C)C(CCC(C)O)C3CC12,"InChI=1S/C15H22O3/c1-8(16)4-5-11-12-6-10-9(2)14(17)18-13(10)7-15(11,12)3/h8,10-13,16H,2,4-7H2,1,3H3/t8?,10-,11+,12+,13-,15-/m1/s1",C=C1C(=O)O[C@@H]2C[C@]3(C)[C@@H](CCC(C)O)[C@@H]3C[C@H]12,,,NCGC00385020-01,LOW,INACTIVE,2.18,-3.06,0
,CCOc1c2c(c(OCC)c3ccccc13)C(=O)N(c1ccc(CC(=O)NS(=O)(=O)c3ccccc3)cc1)C2,"InChI=1S/C30H28N2O6S/c1-3-37-28-23-12-8-9-13-24(23)29(38-4-2)27-25(28)19-32(30(27)34)21-16-14-20(15-17-21)18-26(33)31-39(35,36)22-10-6-5-7-11-22/h5-17H,3-4,18-19H2,1-2H3,(H-,31,33,35,36)",CCOc1c2c(c(OCC)c3ccccc13)C(=O)N(c1ccc(CC(=O)N[S+](=O)([O-])c3ccccc3)cc1)C2,,,NCGC00344041-02,LOW,INACTIVE,4.65,-6.1,0
,CCOC(=O)c1cnc2ccc(-c3cncc(NS(=O)(=O)c4ccccc4)c3)cn12,"InChI=1S/C21H18N4O4S/c1-2-29-21(26)19-13-23-20-9-8-15(14-25(19)20)16-10-17(12-22-11-16)24-30(27,28)18-6-4-3-5-7-18/h3-14H,2H2,1H3,(H-,24,27,28)",CCOC(=O)c1cnc2ccc(-c3cncc(N[S+](=O)([O-])c4ccccc4)c3)cn12,,,"NCGC00386329-02, NCGC00386329-06",HIGH,MODERATE,2.53,-5.01,1
,CC1(C)OCC(NC(=O)Nc2ccc(Br)cc2Br)C(c2ccccc2)O1,"InChI=1S/C19H20Br2N2O3/c1-19(2)25-11-16(17(26-19)12-6-4-3-5-7-12)23-18(24)22-15-9-8-13(20)10-14(15)21/h3-10,16-17H,11H2,1-2H3,(H2,22,23,24)/t16-,17-/m0/s1",CC1(C)OC[C@H](NC(=O)Nc2ccc(Br)cc2Br)[C@H](c2ccccc2)O1,,,NCGC00379105-01,LOW,INACTIVE,4.42,-5.6,0
,CC(C=CC1=CC2=CC(=O)C(C)(O)C(O)C2=CO1)=CC(C)CCO,"InChI=1S/C19H24O5/c1-12(8-13(2)6-7-20)4-5-15-9-14-10-17(21)19(3,23)18(22)16(14)11-24-15/h4-5,8-11,13,18,20,22-23H,6-7H2,1-3H3/b5-4+,12-8+",CC(/C=C/C1=CC2=CC(=O)C(C)(O)C(O)C2=CO1)=C\C(C)CCO,,,NCGC00169236-03,LOW,INACTIVE,1.73,-3.52,0
,Cn1c(CNc2cccc(C(=O)NCc3ccccc3C(F)(F)F)c2)nnc1-c1ccncc1,"InChI=1S/C24H21F3N6O/c1-33-21(31-32-22(33)16-9-11-28-12-10-16)15-29-19-7-4-6-17(13-19)23(34)30-14-18-5-2-3-8-20(18)24(25,26)27/h2-13,29H,14-15H2,1H3,(H,30,34)",Cn1c(CNc2cccc(C(=O)NCc3ccccc3C(F)(F)F)c2)nnc1-c1ccncc1,,,NCGC00480744-01,LOW,INACTIVE,3.52,-4.66,0
,CC(C)=CCCC1(C)C=Cc2c(O)c3c(c(CC=C(C)C)c2O1)OC12C(=CC4CC1C(C)(C)OC2(CC=C(C)C(=O)O)C4=O)C3=O,"InChI=1S/C38H44O8/c1-20(2)10-9-15-36(8)16-14-24-29(39)28-30(40)26-18-23-19-27-35(6,7)46-37(33(23)41,17-13-22(5)34(42)43)38(26,27)45-32(28)25(31(24)44-36)12-11-21(3)4/h10-11,13-14,16,18,23,27,39H,9,12,15,17,19H2,1-8H3,(H,42,43)/b22-13-",CC(C)=CCCC1(C)C=Cc2c(O)c3c(c(CC=C(C)C)c2O1)OC12C(=CC4CC1C(C)(C)OC2(C/C=C(/C)C(=O)O)C4=O)C3=O,,,NCGC00095237-14,HIGH,HIGH,5.58,-5.95,1
,CCCCCCCOc1cc2c(cc1C(C)=Cc1ccc(C(=O)O)cc1)C(C)(C)CCS2(=O)=O,"InChI=1S/C28H36O5S/c1-5-6-7-8-9-15-33-25-19-26-24(28(3,4)14-16-34(26,31)32)18-23(25)20(2)17-21-10-12-22(13-11-21)27(29)30/h10-13,17-19H,5-9,14-16H2,1-4H3,(H-,29,30,31,32)/b20-17+",CCCCCCCOc1cc2c(cc1/C(C)=C/c1ccc(C(=O)O)cc1)C(C)(C)CC[S+]2(=O)[O-],,,NCGC00485412-01,MODERATE,MODERATE,5.44,-7.35,1
,CC(C)(C)c1ccc(-c2nc3ccccc3[nH]2)cc1,"InChI=1S/C17H18N2/c1-17(2,3)13-10-8-12(9-11-13)16-18-14-6-4-5-7-15(14)19-16/h4-11H,1-3H3,(H,18,19)",CC(C)(C)c1ccc(-c2nc3ccccc3[nH]2)cc1,,,NCGC00371152-01,MODERATE,LOW,5.33,-4.82,1
,CCN(CC)CCCCNc1ncc2cc(-c3c(Cl)cccc3Cl)c(NC(=O)NC(C)(C)C)nc2n1,"InChI=1S/C26H35Cl2N7O/c1-6-35(7-2)14-9-8-13-29-24-30-16-17-15-18(21-19(27)11-10-12-20(21)28)23(31-22(17)32-24)33-25(36)34-26(3,4)5/h10-12,15-16H,6-9,13-14H2,1-5H3,(H3,29,30,31,32,33,34,36)",CCN(CC)CCCCNc1ncc2cc(-c3c(Cl)cccc3Cl)c(NC(=O)NC(C)(C)C)nc2n1,,,"NCGC00261409-01, NCGC00370903-02",HIGH,MODERATE,5.7,-5.2,1
,CN(c1ccccc1CNc1nc(Nc2ccc3c(c2)CC(=O)N3)ncc1C(F)(F)F)S(C)(=O)=O,"InChI=1S/C22H21F3N6O3S/c1-31(35(2,33)34)18-6-4-3-5-13(18)11-26-20-16(22(23,24)25)12-27-21(30-20)28-15-7-8-17-14(9-15)10-19(32)29-17/h3-9,12H,10-11H2,1-2H3,(H3-,26,27,28,29,30,32,33,34)",CN(c1ccccc1CNc1nc(Nc2ccc3c(c2)CC(=O)N3)ncc1C(F)(F)F)[S+](C)(=O)[O-],,,NCGC00370948-06,HIGH,MODERATE,3.75,-4.6,1
,CC(=O)CC(=O)Nc1ccc(Cl)c(C(F)(F)F)c1,"InChI=1S/C11H9ClF3NO2/c1-6(17)4-10(18)16-7-2-3-9(12)8(5-7)11(13,14)15/h2-3,5H,4H2,1H3,(H,16,18)",CC(=O)CC(=O)Nc1ccc(Cl)c(C(F)(F)F)c1,,,NCGC00485097-01,LOW,INACTIVE,2.81,-4.18,0
,CC=C(C)C1C(C)=CC2C(O)CCC(C)C2C1C=CC=CC(=O)O,"InChI=1S/C21H30O3/c1-5-13(2)20-15(4)12-17-18(22)11-10-14(3)21(17)16(20)8-6-7-9-19(23)24/h5-9,12,14,16-18,20-22H,10-11H2,1-4H3,(H,23,24)/b8-6+,9-7+,13-5+/t14-,16+,17-,18-,20+,21-/m0/s1",C/C=C(\C)[C@@H]1C(C)=C[C@H]2[C@@H](O)CC[C@H](C)[C@H]2[C@@H]1/C=C/C=C/C(=O)O,,,NCGC00380736-01,MODERATE,MODERATE,4.51,-4.17,1
,Oc1ccc(-c2cnc3ccc(NCc4ccco4)nn23)cc1,"InChI=1S/C17H14N4O2/c22-13-5-3-12(4-6-13)15-11-19-17-8-7-16(20-21(15)17)18-10-14-2-1-9-23-14/h1-9,11,22H,10H2,(H,18,20)",Oc1ccc(-c2cnc3ccc(NCc4ccco4)nn23)cc1,,,NCGC00379004-01,HIGH,MODERATE,3.27,-3.29,1
,CCCCOc1ccc(CCC=C2SC(=O)N(CCN)C2=O)cc1,"InChI=1S/C18H24N2O3S/c1-2-3-13-23-15-9-7-14(8-10-15)5-4-6-16-17(21)20(12-11-19)18(22)24-16/h6-10H,2-5,11-13,19H2,1H3/b16-6-",CCCCOc1ccc(CC/C=C2\SC(=O)N(CCN)C2=O)cc1,,,NCGC00386725-07,LOW,INACTIVE,3.37,-4.23,0
,CCOc1ccc(NC(=S)N2CCC(C(O)(c3ccccc3)c3ccccc3)CC2)cc1,"InChI=1S/C27H30N2O2S/c1-2-31-25-15-13-24(14-16-25)28-26(32)29-19-17-23(18-20-29)27(30,21-9-5-3-6-10-21)22-11-7-4-8-12-22/h3-16,23,30H,2,17-20H2,1H3,(H,28,32)",CCOc1ccc(NC(=S)N2CCC(C(O)(c3ccccc3)c3ccccc3)CC2)cc1,,,NCGC00370968-01,LOW,INACTIVE,5.49,-5.8,0
,CC(CN1CCC(n2c(=O)[nH]c3cc(Cl)ccc32)CC1)NC(=O)c1ccc2ccccc2c1,"InChI=1S/C26H27ClN4O2/c1-17(28-25(32)20-7-6-18-4-2-3-5-19(18)14-20)16-30-12-10-22(11-13-30)31-24-9-8-21(27)15-23(24)29-26(31)33/h2-9,14-15,17,22H,10-13,16H2,1H3,(H,28,32)(H,29,33)/t17-/m0/s1",C[C@@H](CN1CCC(n2c(=O)[nH]c3cc(Cl)ccc32)CC1)NC(=O)c1ccc2ccccc2c1,,,NCGC00370881-01,HIGH,LOW,5.32,-4.79,1
,CCOc1cc(CNC2CCCC2)cc(Cl)c1OCc1ccc(Cl)cc1,"InChI=1S/C21H25Cl2NO2/c1-2-25-20-12-16(13-24-18-5-3-4-6-18)11-19(23)21(20)26-14-15-7-9-17(22)10-8-15/h7-12,18,24H,2-6,13-14H2,1H3",CCOc1cc(CNC2CCCC2)cc(Cl)c1OCc1ccc(Cl)cc1,,,NCGC00386829-01,HIGH,LOW,5.63,-6.61,1
,C=C1C(=O)OC2C=C(COC(C)=O)CCC=C(CO)CCC12,"InChI=1S/C17H22O5/c1-11-15-7-6-13(9-18)4-3-5-14(10-21-12(2)19)8-16(15)22-17(11)20/h4,8,15-16,18H,1,3,5-7,9-10H2,2H3/b13-4+,14-8+/t15-,16+/m0/s1",C=C1C(=O)O[C@@H]2/C=C(\COC(C)=O)CC/C=C(\CO)CC[C@@H]12,,,NCGC00384504-01,LOW,INACTIVE,1.98,-3.08,0
,CN(C(=O)CN1C(=O)COc2cc(Cl)c(Cl)cc21)C(CN1CCCC1)c1ccc(-c2cccc(C(N)=O)c2)cc1,"InChI=1S/C30H30Cl2N4O4/c1-34(28(37)17-36-25-14-23(31)24(32)15-27(25)40-18-29(36)38)26(16-35-11-2-3-12-35)20-9-7-19(8-10-20)21-5-4-6-22(13-21)30(33)39/h4-10,13-15,26H,2-3,11-12,16-18H2,1H3,(H2,33,39)/t26-/m0/s1",CN(C(=O)CN1C(=O)COc2cc(Cl)c(Cl)cc21)[C@@H](CN1CCCC1)c1ccc(-c2cccc(C(N)=O)c2)cc1,,,NCGC00371000-01,HIGH,MODERATE,4.47,-5.58,1
,CCOc1cc(C(C)(C)C)ccc1C1=NC(C)(c2ccc(Cl)cc2)C(C)(c2ccc(Cl)cc2)N1C(=O)N1CCN(CCCS(C)(=O)=O)CC1,"InChI=1S/C38H48Cl2N4O4S/c1-8-48-33-26-29(36(2,3)4)14-19-32(33)34-41-37(5,27-10-15-30(39)16-11-27)38(6,28-12-17-31(40)18-13-28)44(34)35(45)43-23-21-42(22-24-43)20-9-25-49(7,46)47/h10-19,26H,8-9,20-25H2,1-7H3",CCOc1cc(C(C)(C)C)ccc1C1=NC(C)(c2ccc(Cl)cc2)C(C)(c2ccc(Cl)cc2)N1C(=O)N1CCN(CCC[S+](C)(=O)[O-])CC1,,,NCGC00389745-01,HIGH,MODERATE,7.33,-7.14,1
,CNS(=O)(=O)c1ccccc1Nc1nc(Nc2ccc(N3CCN(C)CC3)cc2OC)ncc1Br,"InChI=1S/C23H28BrN7O3S/c1-25-35(32,33)21-7-5-4-6-19(21)27-22-17(24)15-26-23(29-22)28-18-9-8-16(14-20(18)34-3)31-12-10-30(2)11-13-31/h4-9,14-15H,10-13H2,1-3H3,(H3-,25,26,27,28,29,32,33)",CN[S+](=O)([O-])c1ccccc1Nc1nc(Nc2ccc(N3CCN(C)CC3)cc2OC)ncc1Br,,,NCGC00378862-01,HIGH,MODERATE,3.61,-3.88,1
,C(#Cc1nc2ncccc2nc1OCCN1CCCC1)c1ccccc1,"InChI=1S/C21H20N4O/c1-2-7-17(8-3-1)10-11-19-21(26-16-15-25-13-4-5-14-25)24-18-9-6-12-22-20(18)23-19/h1-3,6-9,12H,4-5,13-16H2",C(#Cc1nc2ncccc2nc1OCCN1CCCC1)c1ccccc1,,,NCGC00485895-01,HIGH,HIGH,3.19,-4.51,1
,COc1ccc(C(=O)N(CCC(C)C)Cc2nc(C)c(C)n2Cc2ccccc2C)c(OC)c1,"InChI=1S/C28H37N3O3/c1-19(2)14-15-30(28(32)25-13-12-24(33-6)16-26(25)34-7)18-27-29-21(4)22(5)31(27)17-23-11-9-8-10-20(23)3/h8-13,16,19H,14-15,17-18H2,1-7H3",COc1ccc(C(=O)N(CCC(C)C)Cc2nc(C)c(C)n2Cc2ccccc2C)c(OC)c1,,,NCGC00386497-01,LOW,INACTIVE,5.27,-5.46,0
,CC1(C)CC2=C3C=CC4C5(C)CCC(O)C(C)(C)C5CCC4(C)C3(C)CCC2(C)C(O)C1,"InChI=1S/C30H48O2/c1-25(2)17-20-19-9-10-22-28(6)13-12-23(31)26(3,4)21(28)11-14-30(22,8)29(19,7)16-15-27(20,5)24(32)18-25/h9-10,21-24,31-32H,11-18H2,1-8H3",CC1(C)CC2=C3C=CC4C5(C)CCC(O)C(C)(C)C5CCC4(C)C3(C)CCC2(C)C(O)C1,,,NCGC00385764-01,HIGH,LOW,6.23,-5.41,1
,COc1ccc(CNC(=O)c2cc(-c3cncc(C)c3)ncc2-c2nccs2)nc1OC,"InChI=1S/C23H21N5O3S/c1-14-8-15(11-24-10-14)19-9-17(18(13-26-19)23-25-6-7-32-23)21(29)27-12-16-4-5-20(30-2)22(28-16)31-3/h4-11,13H,12H2,1-3H3,(H,27,29)",COc1ccc(CNC(=O)c2cc(-c3cncc(C)c3)ncc2-c2nccs2)nc1OC,,,NCGC00387851-04,LOW,INACTIVE,3.01,-5.25,0
,NC1CCC(Nc2cc(-c3cccc(NCc4cccc(F)c4)n3)c(Cl)cn2)CC1,"InChI=1S/C23H25ClFN5/c24-20-14-28-23(29-18-9-7-17(26)8-10-18)12-19(20)21-5-2-6-22(30-21)27-13-15-3-1-4-16(25)11-15/h1-6,11-12,14,17-18H,7-10,13,26H2,(H,27,30)(H,28,29)/t17-,18-",N[C@H]1CC[C@H](Nc2cc(-c3cccc(NCc4cccc(F)c4)n3)c(Cl)cn2)CC1,,,NCGC00378918-01,HIGH,MODERATE,4.94,-5.27,1
,O=C1CCCC2=C1C(c1n[nH]cc1Cl)NC(Nc1nc3ccccc3o1)=N2,"InChI=1S/C18H15ClN6O2/c19-9-8-20-25-15(9)16-14-11(5-3-6-12(14)26)21-17(23-16)24-18-22-10-4-1-2-7-13(10)27-18/h1-2,4,7-8,16H,3,5-6H2,(H,20,25)(H2,21,22,23,24)",O=C1CCCC2=C1C(c1n[nH]cc1Cl)NC(Nc1nc3ccccc3o1)=N2,,,"NCGC00238624-07, NCGC00238624-04",MODERATE,LOW,2.47,-3.18,1
,COc1ccc(CCN(C)CCCOc2ccc(S(=O)(=O)c3c(C(C)C)c4ccccc4n3C)cc2)cc1OC,"InChI=1S/C32H40N2O5S/c1-23(2)31-27-10-7-8-11-28(27)34(4)32(31)40(35,36)26-15-13-25(14-16-26)39-21-9-19-33(3)20-18-24-12-17-29(37-5)30(22-24)38-6/h7-8,10-17,22-23H,9,18-21H2,1-6H3",COc1ccc(CCN(C)CCCOc2ccc([S+](=O)([O-])c3c(C(C)C)c4ccccc4n3C)cc2)cc1OC,,,NCGC00025379-01,HIGH,LOW,5.83,-5.91,1
,CC(=O)OC12CC(C)C(OC(=O)c3ccccc3)C1C=C(C)C(OC(=O)c1ccccc1)CC(=O)C(C)(C)C=CC(C)C2=O,"InChI=1S/C36H40O8/c1-22-17-18-35(5,6)30(38)20-29(42-33(40)26-13-9-7-10-14-26)23(2)19-28-31(43-34(41)27-15-11-8-12-16-27)24(3)21-36(28,32(22)39)44-25(4)37/h7-19,22,24,28-29,31H,20-21H2,1-6H3/b18-17-,23-19-",CC(=O)OC12CC(C)C(OC(=O)c3ccccc3)C1/C=C(/C)C(OC(=O)c1ccccc1)CC(=O)C(C)(C)/C=C/C(C)C2=O,,,NCGC00385653-01,LOW,INACTIVE,4.54,-6.23,0
,Cc1ccc(S(=O)(=O)NCc2ccc(C(=O)NCCN(Cc3ccccc3)C(C)C)cc2)cc1,"InChI=1S/C27H33N3O3S/c1-21(2)30(20-24-7-5-4-6-8-24)18-17-28-27(31)25-13-11-23(12-14-25)19-29-34(32,33)26-15-9-22(3)10-16-26/h4-16,21H,17-20H2,1-3H3,(H2-,28,29,31,32,33)",Cc1ccc([S+](=O)([O-])NCc2ccc(C(=O)NCCN(Cc3ccccc3)C(C)C)cc2)cc1,,,NCGC00386887-01,LOW,INACTIVE,3.5,-5.91,0
,NC(=O)c1ncn2c1CN=C(c1ccccc1Br)c1cc(F)ccc1-2,"InChI=1S/C18H12BrFN4O/c19-13-4-2-1-3-11(13)16-12-7-10(20)5-6-14(12)24-9-23-17(18(21)25)15(24)8-22-16/h1-7,9H,8H2,(H2,21,25)",NC(=O)c1ncn2c1CN=C(c1ccccc1Br)c1cc(F)ccc1-2,,,NCGC00402272-02,LOW,INACTIVE,3.02,-4.44,0
,C=C1C(=O)OC2C=C(CO)CCC=C(CO)C(OC(C)=O)C(OC(=O)C(C)CC)C12,"InChI=1S/C22H30O8/c1-5-12(2)21(26)30-20-18-13(3)22(27)29-17(18)9-15(10-23)7-6-8-16(11-24)19(20)28-14(4)25/h8-9,12,17-20,23-24H,3,5-7,10-11H2,1-2,4H3/b15-9+,16-8-/t12?,17-,18?,19+,20?/m1/s1",C=C1C(=O)O[C@@H]2/C=C(\CO)CC/C=C(\CO)[C@H](OC(C)=O)C(OC(=O)C(C)CC)C12,,,NCGC00380518-01,LOW,INACTIVE,1.77,-3.15,0
,CN(C)CCCNc1nc(CN2CCN(C(c3ccc(Cl)cc3)c3ccc(Cl)cc3)CC2)nc2ccccc12,"InChI=1S/C31H36Cl2N6/c1-37(2)17-5-16-34-31-27-6-3-4-7-28(27)35-29(36-31)22-38-18-20-39(21-19-38)30(23-8-12-25(32)13-9-23)24-10-14-26(33)15-11-24/h3-4,6-15,30H,5,16-22H2,1-2H3,(H,34,35,36)",CN(C)CCCNc1nc(CN2CCN(C(c3ccc(Cl)cc3)c3ccc(Cl)cc3)CC2)nc2ccccc12,,,NCGC00386733-02,HIGH,MODERATE,5.79,-4.93,1
,COc1ccc2cc(-c3[nH]c(-c4ccc(S(C)=O)cc4)nc3-c3ccncc3)ccc2c1,"InChI=1S/C26H21N3O2S/c1-31-22-8-5-19-15-21(4-3-20(19)16-22)25-24(17-11-13-27-14-12-17)28-26(29-25)18-6-9-23(10-7-18)32(2)30/h3-16H,1-2H3,(H,28,29)",COc1ccc2cc(-c3[nH]c(-c4ccc([S+](C)[O-])cc4)nc3-c3ccncc3)ccc2c1,,,"NCGC00386151-02, NCGC00346554-01",HIGH,LOW,4.2,-4.73,1
,CN(CCc1ccc(Nc2ncc(-c3cccnc3)s2)cc1)Cc1ccccc1,"InChI=1S/C24H24N4S/c1-28(18-20-6-3-2-4-7-20)15-13-19-9-11-22(12-10-19)27-24-26-17-23(29-24)21-8-5-14-25-16-21/h2-12,14,16-17H,13,15,18H2,1H3,(H,26,27)",CN(CCc1ccc(Nc2ncc(-c3cccnc3)s2)cc1)Cc1ccccc1,,,NCGC00408813-01,MODERATE,LOW,5.06,-5.67,1
,CC=C(C)C(=O)OC1c2cc(OC)c(OC)c(OC)c2-c2c(cc3c(c2OC)OCO3)CC(C)C1(C)O,"InChI=1S/C28H34O9/c1-9-14(2)27(29)37-26-17-12-18(31-5)22(32-6)25(34-8)21(17)20-16(10-15(3)28(26,4)30)11-19-23(24(20)33-7)36-13-35-19/h9,11-12,15,26,30H,10,13H2,1-8H3/b14-9-/t15-,26+,28-/m0/s1",C/C=C(/C)C(=O)O[C@@H]1c2cc(OC)c(OC)c(OC)c2-c2c(cc3c(c2OC)OCO3)C[C@H](C)[C@]1(C)O,,,NCGC00247515-02,LOW,INACTIVE,4.1,-4.99,0
,O=[N+]([O-])c1cc(S(=O)(=O)Nc2ccc(O)c3ccccc23)ccc1Cl,"InChI=1S/C16H11ClN2O5S/c17-13-6-5-10(9-15(13)19(21)22)25(23,24)18-14-7-8-16(20)12-4-2-1-3-11(12)14/h1-9H,(H2-,18,20,23,24)",O=[N+]([O-])c1cc([S+](=O)([O-])Nc2ccc(O)c3ccccc23)ccc1Cl,,,NCGC00402305-04,LOW,INACTIVE,4.17,-4.98,0
,CC(C)(C)n1nc(-c2ccc(Cl)cc2)c2c(N)ncnc21,"InChI=1S/C15H16ClN5/c1-15(2,3)21-14-11(13(17)18-8-19-14)12(20-21)9-4-6-10(16)7-5-9/h4-8H,1-3H3,(H2,17,18,19)",CC(C)(C)n1nc(-c2ccc(Cl)cc2)c2c(N)ncnc21,,,NCGC00163385-14,MODERATE,MODERATE,3.39,-3.75,1
,CC(=O)OC1CC2C(C)(C)C(=O)C=CC2(C)C2CCC3(C)C(=CC(=O)OC3c3ccoc3)C12C,"InChI=1S/C28H34O6/c1-16(29)33-22-13-19-25(2,3)21(30)8-11-26(19,4)18-7-10-27(5)20(28(18,22)6)14-23(31)34-24(27)17-9-12-32-15-17/h8-9,11-12,14-15,18-19,22,24H,7,10,13H2,1-6H3/t18?,19?,22-,24+,26-,27-,28-/m1/s1",CC(=O)O[C@@H]1CC2C(C)(C)C(=O)C=C[C@]2(C)C2CC[C@]3(C)C(=CC(=O)O[C@H]3c3ccoc3)[C@@]21C,,,NCGC00179162-03,LOW,INACTIVE,4.69,-4.75,0
,COc1cc2c(cc1F)C(c1ccccc1Cl)=NC1=C(C)NNC1=N2,"InChI=1S/C18H14ClFN4O/c1-9-16-18(24-23-9)21-14-8-15(25-2)13(20)7-11(14)17(22-16)10-5-3-4-6-12(10)19/h3-8H,1-2H3,(H2,21,23,24)",COc1cc2c(cc1F)C(c1ccccc1Cl)=NC1=C(C)NNC1=N2,,,NCGC00390699-04,HIGH,MODERATE,3.36,-4.05,1
,COc1ccc(C=CC(=O)C2(C(=O)C=Cc3ccc(OC)c(OC)c3)CCCCC2)cc1OC,"InChI=1S/C28H32O6/c1-31-22-12-8-20(18-24(22)33-3)10-14-26(29)28(16-6-5-7-17-28)27(30)15-11-21-9-13-23(32-2)25(19-21)34-4/h8-15,18-19H,5-7,16-17H2,1-4H3/b14-10+,15-11+",COc1ccc(/C=C/C(=O)C2(C(=O)/C=C/c3ccc(OC)c(OC)c3)CCCCC2)cc1OC,,,NCGC00481557-01,HIGH,LOW,4.89,-6.33,1
,CC(=O)OC1CCC2(C)C(CCC3(C)C4Cc5c(oc(C)cc5=O)OC4(C)CCC32)C1(C)C,"InChI=1S/C28H40O5/c1-16-14-19(30)18-15-22-27(6)11-8-20-25(3,4)23(32-17(2)29)10-12-26(20,5)21(27)9-13-28(22,7)33-24(18)31-16/h14,20-23H,8-13,15H2,1-7H3/t20-,21+,22-,23-,26-,27+,28-/m0/s1",CC(=O)O[C@H]1CC[C@@]2(C)[C@@H](CC[C@@]3(C)[C@@H]4Cc5c(oc(C)cc5=O)O[C@@]4(C)CC[C@@H]32)C1(C)C,,,NCGC00380981-01,HIGH,HIGH,5.18,-5.82,1
,CC1=C(C(=O)Nc2cc(Cl)ccc2Cl)C(c2ccco2)C2=C(CCCC2=O)N1,"InChI=1S/C21H18Cl2N2O3/c1-11-18(21(27)25-15-10-12(22)7-8-13(15)23)20(17-6-3-9-28-17)19-14(24-11)4-2-5-16(19)26/h3,6-10,20,24H,2,4-5H2,1H3,(H,25,27)",CC1=C(C(=O)Nc2cc(Cl)ccc2Cl)C(c2ccco2)C2=C(CCCC2=O)N1,,,NCGC00402353-02,LOW,INACTIVE,4.32,-4.05,0
,O=C(O)C=Cc1ccc(-c2ccc(O)c(C34CC5CC(CC(C5)C3)C4)c2)cc1,"InChI=1S/C25H26O3/c26-23-7-6-21(20-4-1-16(2-5-20)3-8-24(27)28)12-22(23)25-13-17-9-18(14-25)11-19(10-17)15-25/h1-8,12,17-19,26H,9-11,13-15H2,(H,27,28)/b8-3+",O=C(O)/C=C/c1ccc(-c2ccc(O)c(C34CC5CC(CC(C5)C3)C4)c2)cc1,,,NCGC00485908-01,HIGH,MODERATE,5.21,-6.24,1
,C=C1CCC2C(C)(C(=O)O)CCCC2(C)C1CCC(C)=CCO,"InChI=1S/C20H32O3/c1-14(10-13-21)6-8-16-15(2)7-9-17-19(16,3)11-5-12-20(17,4)18(22)23/h10,16-17,21H,2,5-9,11-13H2,1,3-4H3,(H,22,23)/b14-10-",C=C1CCC2C(C)(C(=O)O)CCCC2(C)C1CC/C(C)=C\CO,,,NCGC00385346-01,LOW,INACTIVE,4.26,-4.21,0
,CCCC1=CC2=C(CO1)C(=O)C(C)(OC(=O)c1c(C)cc(OC)cc1O)C(O)C2,"InChI=1S/C22H26O7/c1-5-6-14-8-13-9-18(24)22(3,20(25)16(13)11-28-14)29-21(26)19-12(2)7-15(27-4)10-17(19)23/h7-8,10,18,23-24H,5-6,9,11H2,1-4H3",CCCC1=CC2=C(CO1)C(=O)C(C)(OC(=O)c1c(C)cc(OC)cc1O)C(O)C2,,,NCGC00380627-01,LOW,INACTIVE,2.72,-3.92,0
,O=C(NCc1ccc(Oc2ccccc2)cc1)c1nc(-c2cc(Br)c(O)c(Br)c2)no1,"InChI=1S/C22H15Br2N3O4/c23-17-10-14(11-18(24)19(17)28)20-26-22(31-27-20)21(29)25-12-13-6-8-16(9-7-13)30-15-4-2-1-3-5-15/h1-11,28H,12H2,(H,25,29)",O=C(NCc1ccc(Oc2ccccc2)cc1)c1nc(-c2cc(Br)c(O)c(Br)c2)no1,,,NCGC00386303-01,MODERATE,HIGH,5.3,-4.2,1
,c1cc(NCCc2c[nH]c3ccccc23)cc(Nc2ccncc2)c1,"InChI=1S/C21H20N4/c1-2-7-21-20(6-1)16(15-24-21)8-13-23-18-4-3-5-19(14-18)25-17-9-11-22-12-10-17/h1-7,9-12,14-15,23-24H,8,13H2,(H,22,25)",c1cc(NCCc2c[nH]c3ccccc23)cc(Nc2ccncc2)c1,,,NCGC00386578-02,MODERATE,LOW,4.74,-5.04,1
,Cc1cc(C)cc(-c2cnc3cc(Cl)c(-c4cccc(O)c4)cc3c2OCCCN)c1,"InChI=1S/C26H25ClN2O2/c1-16-9-17(2)11-19(10-16)23-15-29-25-14-24(27)21(18-5-3-6-20(30)12-18)13-22(25)26(23)31-8-4-7-28/h3,5-6,9-15,30H,4,7-8,28H2,1-2H3",Cc1cc(C)cc(-c2cnc3cc(Cl)c(-c4cccc(O)c4)cc3c2OCCCN)c1,,,NCGC00387228-01,LOW,INACTIVE,5.44,-6.29,0
,CC(C)CC(C(=O)NC(Cc1ccc(OCc2ccccc2)cc1)C(=O)NC(C)(C)C)N(C)Cc1ccc(C(C)(C)C)cc1,"InChI=1S/C38H53N3O3/c1-27(2)23-34(41(9)25-29-15-19-31(20-16-29)37(3,4)5)36(43)39-33(35(42)40-38(6,7)8)24-28-17-21-32(22-18-28)44-26-30-13-11-10-12-14-30/h10-22,27,33-34H,23-26H2,1-9H3,(H,39,43)(H,40,42)/t33-,34-/m0/s1",CC(C)C[C@@H](C(=O)N[C@@H](Cc1ccc(OCc2ccccc2)cc1)C(=O)NC(C)(C)C)N(C)Cc1ccc(C(C)(C)C)cc1,,,NCGC00347242-02,LOW,INACTIVE,6.93,-6.82,0
