MOL.ID,DC.ID,SMILES_stand,InChI,SMILES,DC.NAME,NCATS.SYNONYMS,NCGC.ID,WARNING,3CL.SIGNIFICANCE,3CL.ACTIVITY,CoV1-PPE.SIGNIFICANCE,CoV1-PPE.ACTIVITY,CoV1-PPE_cs.SIGNIFICANCE,CoV1-PPE_cs.ACTIVITY,MERS-PPE.SIGNIFICANCE,MERS-PPE.ACTIVITY,MERS-PPE_cs.SIGNIFICANCE,MERS-PPE_cs.ACTIVITY,hCYTOX.SIGNIFICANCE,hCYTOX.ACTIVITY,ACE2.ACTIVITY,ACE2.SIGNIFICANCE,AlphaLISA.ACTIVITY,AlphaLISA.SIGNIFICANCE,CPE.ACTIVITY,CPE.SIGNIFICANCE,TruHit.ACTIVITY,TruHit.SIGNIFICANCE,cytotox.ACTIVITY,cytotox.SIGNIFICANCE,logPow {predicted by ochem.eu/model/535 in Log unit},Aqueous Solubility {predicted by ochem.eu/model/536 in log(mol/L)},Label
MOL9420,,COc1ccc(C2(CNC(=O)[C@](C)(Cc3c[nH]c4ccccc34)NC(=O)Nc3ccc([N+](=O)[O-])cc3)CCCCC2)nc1,"InChI=1S/C32H36N6O5/c1-31(18-22-19-33-27-9-5-4-8-26(22)27,37-30(40)36-23-10-12-24(13-11-23)38(41)42)29(39)35-21-32(16-6-3-7-17-32)28-15-14-25(43-2)20-34-28/h4-5,8-15,19-20,33H,3,6-7,16-18,21H2,1-2H3,(H,35,39)(H2,36,37,40)/t31-/m0/s1",COc1ccc(C2(CNC(=O)[C@](C)(Cc3c[nH]c4ccccc34)NC(=O)Nc3ccc([N+](=O)[O-])cc3)CCCCC2)nc1,,,NCGC00378666-01,,INACTIVE,LOW,,,,,,,,,,,,,,,LOW,INACTIVE,,,MODERATE,LOW,4.78,-5.87,0
MOL8720,,COC(=O)CC[C@@H](C)C1CCC2C3CCC4C[C@H](OC(C)=O)CCC4(C)C3C[C@H](O)C21C,"InChI=1S/C27H44O5/c1-16(6-11-25(30)31-5)21-9-10-22-20-8-7-18-14-19(32-17(2)28)12-13-26(18,3)23(20)15-24(29)27(21,22)4/h16,18-24,29H,6-15H2,1-5H3/t16-,18?,19-,20?,21?,22?,23?,24+,26?,27?/m1/s1",COC(=O)CC[C@@H](C)C1CCC2C3CCC4C[C@H](OC(C)=O)CCC4(C)C3C[C@H](O)C21C,,,NCGC00485026-01,,INACTIVE,LOW,,,,,,,,,,,,,,,MODERATE,LOW,,,LOW,INACTIVE,4.52,-5.64,1
MOL3158,,C(=Cc1ccncc1)c1ccccc1,InChI=1S/C13H11N/c1-2-4-12(5-3-1)6-7-13-8-10-14-11-9-13/h1-11H/b7-6+,C(=Cc1ccncc1)c1ccccc1,,4-Styrylpyridine,,,INACTIVE,LOW,INACTIVE,LOW,INACTIVE,LOW,LOW,MODERATE,MODERATE,MODERATE,,,LOW,INACTIVE,LOW,MODERATE,LOW,INACTIVE,MODERATE,LOW,LOW,INACTIVE,3.03,-3.07,0
MOL8025,,CC(=O)c1cnc2ccc(-c3cc(Cl)c(O)c(Cl)c3)nc2c1N[C@H]1CC[C@H](CN(C)C)CC1,"InChI=1S/C25H28Cl2N4O2/c1-14(32)18-12-28-22-9-8-21(16-10-19(26)25(33)20(27)11-16)30-24(22)23(18)29-17-6-4-15(5-7-17)13-31(2)3/h8-12,15,17,33H,4-7,13H2,1-3H3,(H,28,29)/t15-,17-",CC(=O)c1cnc2ccc(-c3cc(Cl)c(O)c(Cl)c3)nc2c1N[C@H]1CC[C@H](CN(C)C)CC1,,,NCGC00386398-03,,INACTIVE,LOW,,,,,,,,,,,,,,,LOW,INACTIVE,,,HIGH,HIGH,5.51,-5.28,0
MOL73,137.0,C=CCc1ccccc1OCC(O)CNC(C)C,"InChI=1S/C15H23NO2/c1-4-7-13-8-5-6-9-15(13)18-11-14(17)10-16-12(2)3/h4-6,8-9,12,14,16-17H,1,7,10-11H2,2-3H3",C=CCc1ccccc1OCC(O)CNC(C)C,alprenolol,Alprenolol|Alprenolol hydrochloride,NCGC00015099-08,,INACTIVE,LOW,LOW,MODERATE,INACTIVE,LOW,INACTIVE,LOW,INACTIVE,LOW,INACTIVE,LOW,LOW,INACTIVE,LOW,INACTIVE,LOW,INACTIVE,LOW,INACTIVE,LOW,INACTIVE,2.38,-3.1,0
MOL5763,,CCC(=O)c1cc(-c2ccc(Cl)cc2)n(-c2ccc([S+](N)(=O)[O-])cc2)c1C,"InChI=1S/C20H19ClN2O3S/c1-3-20(24)18-12-19(14-4-6-15(21)7-5-14)23(13(18)2)16-8-10-17(11-9-16)27(22,25)26/h4-12H,3H2,1-2H3,(H2-,22,25,26)",CCC(=O)c1cc(-c2ccc(Cl)cc2)n(-c2ccc([S+](N)(=O)[O-])cc2)c1C,,,NCGC00371047-02,,INACTIVE,LOW,,,,,,,,,,,,,,,HIGH,LOW,,,LOW,INACTIVE,4.06,-4.9,1
MOL8285,,COc1ccc([S+](=O)([O-])N(CCO)c2ccccc2CN(C)C/C=C/c2ccc(Cl)cc2)cc1,"InChI=1S/C26H29ClN2O4S/c1-28(17-5-6-21-9-11-23(27)12-10-21)20-22-7-3-4-8-26(22)29(18-19-30)34(31,32)25-15-13-24(33-2)14-16-25/h3-16,30H,17-20H2,1-2H3/b6-5+",COc1ccc([S+](=O)([O-])N(CCO)c2ccccc2CN(C)C/C=C/c2ccc(Cl)cc2)cc1,,,"NCGC00162399-13, NCGC00162399-04",,INACTIVE,LOW,,,,,,,,,,,,,,,HIGH,LOW,,,HIGH,LOW,4.43,-5.59,1
MOL1536,2423.0,COc1cccc(CCc2ccccc2OCC(CN(C)C)OC(=O)CCC(=O)O)c1,"InChI=1S/C24H31NO6/c1-25(2)16-21(31-24(28)14-13-23(26)27)17-30-22-10-5-4-8-19(22)12-11-18-7-6-9-20(15-18)29-3/h4-10,15,21H,11-14,16-17H2,1-3H3,(H,26,27)",COc1cccc(CCc2ccccc2OCC(CN(C)C)OC(=O)CCC(=O)O)c1,sarpogrelate,Sarpogrelate hydrochloride,,,INACTIVE,LOW,LOW,MODERATE,INACTIVE,LOW,LOW,MODERATE,INACTIVE,LOW,INACTIVE,LOW,LOW,INACTIVE,LOW,MODERATE,MODERATE,LOW,LOW,INACTIVE,LOW,INACTIVE,3.57,-4.6,1
MOL2255,4353.0,CCOCCn1c(C2CCN(CCc3ccc(C(C)(C)C(=O)O)cc3)CC2)nc2ccccc21,"InChI=1S/C28H37N3O3/c1-4-34-20-19-31-25-8-6-5-7-24(25)29-26(31)22-14-17-30(18-15-22)16-13-21-9-11-23(12-10-21)28(2,3)27(32)33/h5-12,22H,4,13-20H2,1-3H3,(H,32,33)",CCOCCn1c(C2CCN(CCc3ccc(C(C)(C)C(=O)O)cc3)CC2)nc2ccccc21,bilastine,Bilastine,,,INACTIVE,LOW,MODERATE,MODERATE,INACTIVE,LOW,INACTIVE,LOW,INACTIVE,LOW,INACTIVE,LOW,LOW,INACTIVE,LOW,INACTIVE,LOW,INACTIVE,LOW,INACTIVE,LOW,INACTIVE,5.02,-5.35,0
MOL3575,,O=c1c(-c2ccc(O)cc2)coc2cc(O)ccc12,"InChI=1S/C15H10O4/c16-10-3-1-9(2-4-10)13-8-19-14-7-11(17)5-6-12(14)15(13)18/h1-8,16-17H",O=c1c(-c2ccc(O)cc2)coc2cc(O)ccc12,,,"NCGC00261097-01, NCGC00015365-22, NCGC00015365-18",,INACTIVE,LOW,,,,,,,,,INACTIVE,LOW,,,,,LOW,INACTIVE,,,LOW,INACTIVE,3.3,-3.48,0
MOL562,928.0,CCN(CC)C(=S)SSC(=S)N(CC)CC,"InChI=1S/C10H20N2S4/c1-5-11(6-2)9(13)15-16-10(14)12(7-3)8-4/h5-8H2,1-4H3",CCN(CC)C(=S)SSC(=S)N(CC)CC,disulfiram,Disulfiram,"NCGC00016000-21, NCGC00016000-09, NCGC00016000-13, NCGC00016000-10",,INACTIVE,LOW,MODERATE,LOW,MODERATE,MODERATE,INACTIVE,LOW,INCONCLUSIVE,HIGH,HIGH,MODERATE,LOW,INACTIVE,MODERATE,HIGH,HIGH,HIGH,HIGH,HIGH,LOW,MODERATE,3.88,-4.37,1
MOL4037,,Cc1nnsc1C(=O)Nc1ccc(-n2nc(C(F)(F)F)cc2C(F)(F)F)cc1,"InChI=1S/C15H9F6N5OS/c1-7-12(28-25-23-7)13(27)22-8-2-4-9(5-3-8)26-11(15(19,20)21)6-10(24-26)14(16,17)18/h2-6H,1H3,(H,22,27)",Cc1nnsc1C(=O)Nc1ccc(-n2nc(C(F)(F)F)cc2C(F)(F)F)cc1,,,NCGC00344111-03,,LOW,LOW,,,,,,,,,,,,,,,MODERATE,LOW,,,MODERATE,LOW,3.41,-5.33,1
MOL6354,,C[C@@H](NCc1cc2ccccc2[nH]1)c1cccc2ccccc12,"InChI=1S/C21H20N2/c1-15(19-11-6-9-16-7-2-4-10-20(16)19)22-14-18-13-17-8-3-5-12-21(17)23-18/h2-13,15,22-23H,14H2,1H3/t15-/m1/s1",C[C@@H](NCc1cc2ccccc2[nH]1)c1cccc2ccccc12,,,NCGC00344505-01,,INACTIVE,LOW,,,,,,,,,INACTIVE,LOW,,,,,LOW,INACTIVE,,,HIGH,LOW,4.8,-5.96,0
MOL8474,,COc1ccc(-c2oc3ncnc(N)c3c2-c2ccc(NC(=O)Nc3cc(C(F)(F)F)ccc3F)cc2)cc1,"InChI=1S/C27H19F4N5O3/c1-38-18-9-4-15(5-10-18)23-21(22-24(32)33-13-34-25(22)39-23)14-2-7-17(8-3-14)35-26(37)36-20-12-16(27(29,30)31)6-11-19(20)28/h2-13H,1H3,(H2,32,33,34)(H2,35,36,37)",COc1ccc(-c2oc3ncnc(N)c3c2-c2ccc(NC(=O)Nc3cc(C(F)(F)F)ccc3F)cc2)cc1,,,NCGC00242057-03,,INACTIVE,LOW,,,,,,,,,,,,,,,MODERATE,LOW,,,HIGH,LOW,5.04,-4.6,1
MOL5743,,Cc1cccc(-c2n[nH]cc2-c2ccc(F)c(-c3cnn(CCO)c3)c2)n1,"InChI=1S/C20H18FN5O/c1-13-3-2-4-19(24-13)20-17(11-22-25-20)14-5-6-18(21)16(9-14)15-10-23-26(12-15)7-8-27/h2-6,9-12,27H,7-8H2,1H3,(H,22,25)",Cc1cccc(-c2n[nH]cc2-c2ccc(F)c(-c3cnn(CCO)c3)c2)n1,,,NCGC00387472-01,,INACTIVE,LOW,,,,,,,,,,,,,,,LOW,INACTIVE,,,LOW,INACTIVE,3.09,-4.41,0
MOL4519,,CN1C[C@@H]2c3ccccc3Oc3ccc(Cl)cc3[C@H]2C1,"InChI=1S/C17H16ClNO/c1-19-9-14-12-4-2-3-5-16(12)20-17-7-6-11(18)8-13(17)15(14)10-19/h2-8,14-15H,9-10H2,1H3/t14-,15-/m1/s1",CN1C[C@@H]2c3ccccc3Oc3ccc(Cl)cc3[C@H]2C1,,,NCGC00188689-09,,INACTIVE,LOW,,,,,,,,,,,,,,,HIGH,HIGH,,,LOW,INACTIVE,4.32,-3.97,1
MOL8052,,CC(C(O)c1ccccc1)N(C)CCOC(c1ccccc1)c1ccccc1,"InChI=1S/C25H29NO2/c1-20(24(27)21-12-6-3-7-13-21)26(2)18-19-28-25(22-14-8-4-9-15-22)23-16-10-5-11-17-23/h3-17,20,24-25,27H,18-19H2,1-2H3",CC(C(O)c1ccccc1)N(C)CCOC(c1ccccc1)c1ccccc1,,Difeterol,,,INACTIVE,LOW,LOW,HIGH,INACTIVE,LOW,HIGH,HIGH,MODERATE,MODERATE,INACTIVE,LOW,LOW,INACTIVE,LOW,INACTIVE,HIGH,LOW,LOW,MODERATE,LOW,INACTIVE,4.55,-4.89,1
MOL8280,,CC1(CN2CCC(n3c(=O)[nH]c4ccccc43)CC2)OCc2ccccc2-n2cccc21,"InChI=1S/C26H28N4O2/c1-26(24-11-6-14-29(24)22-9-4-2-7-19(22)17-32-26)18-28-15-12-20(13-16-28)30-23-10-5-3-8-21(23)27-25(30)31/h2-11,14,20H,12-13,15-18H2,1H3,(H,27,31)",CC1(CN2CCC(n3c(=O)[nH]c4ccccc43)CC2)OCc2ccccc2-n2cccc21,,,"NCGC00159544-04, NCGC00159544-02, NCGC00159544-03",,INACTIVE,LOW,,,,,,,,,INACTIVE,LOW,,,,,HIGH,LOW,,,LOW,INACTIVE,3.48,-3.62,1
MOL6403,,O[C@H]1CC[C@@H](Oc2cccc3cnc(Nc4ccc5nc[nH]c5c4)nc23)CC1,"InChI=1S/C21H21N5O2/c27-15-5-7-16(8-6-15)28-19-3-1-2-13-11-22-21(26-20(13)19)25-14-4-9-17-18(10-14)24-12-23-17/h1-4,9-12,15-16,27H,5-8H2,(H,23,24)(H,22,25,26)/t15-,16+",O[C@H]1CC[C@@H](Oc2cccc3cnc(Nc4ccc5nc[nH]c5c4)nc23)CC1,,,NCGC00507888-01,,INACTIVE,LOW,,,,,,,,,,,,,,,HIGH,HIGH,,,MODERATE,MODERATE,3.59,-4.19,1
MOL6417,,CN1CCC(c2cn(C)c3ccc(O[S+](=O)([O-])c4c(F)cccc4F)cc23)CC1,"InChI=1S/C21H22F2N2O3S/c1-24-10-8-14(9-11-24)17-13-25(2)20-7-6-15(12-16(17)20)28-29(26,27)21-18(22)4-3-5-19(21)23/h3-7,12-14H,8-11H2,1-2H3",CN1CCC(c2cn(C)c3ccc(O[S+](=O)([O-])c4c(F)cccc4F)cc23)CC1,,,NCGC00370905-02,,INACTIVE,LOW,,,,,,,,,,,,,,,HIGH,LOW,,,LOW,INACTIVE,4.01,-4.06,1
MOL5750,,COCCNC(=O)Nc1ccc2nc(-c3cccs3)c(-c3cccs3)nc2c1,"InChI=1S/C20H18N4O2S2/c1-26-9-8-21-20(25)22-13-6-7-14-15(12-13)24-19(17-5-3-11-28-17)18(23-14)16-4-2-10-27-16/h2-7,10-12H,8-9H2,1H3,(H2,21,22,25)",COCCNC(=O)Nc1ccc2nc(-c3cccs3)c(-c3cccs3)nc2c1,,,NCGC00411883-01,,INACTIVE,LOW,,,,,,,,,,,LOW,INACTIVE,MODERATE,HIGH,HIGH,HIGH,HIGH,HIGH,LOW,INACTIVE,4.19,-4.64,1
MOL563,930.0,CCN1/C(=C\C=C\C=C\c2sc3ccccc3[n+]2CC)Sc2ccccc21,"InChI=1S/C23H23N2S2/c1-3-24-18-12-8-10-14-20(18)26-22(24)16-6-5-7-17-23-25(4-2)19-13-9-11-15-21(19)27-23/h5-17H,3-4H2,1-2H3/q+1",CCN1/C(=C\C=C\C=C\c2sc3ccccc3[n+]2CC)Sc2ccccc21,dithiazanine,Dithiazanine chloride,,,LOW,HIGH,MODERATE,HIGH,LOW,HIGH,HIGH,HIGH,MODERATE,MODERATE,,,HIGH,HIGH,HIGH,HIGH,LOW,INACTIVE,HIGH,HIGH,LOW,LOW,2.42,-6.2,0
MOL502,822.0,CC(C)(C)C(=O)OCC(=O)[C@H]1CC[C@H]2[C@@H]3CCC4=CC(=O)CC[C@]4(C)[C@H]3CC[C@]12C,"InChI=1S/C26H38O4/c1-24(2,3)23(29)30-15-22(28)21-9-8-19-18-7-6-16-14-17(27)10-12-25(16,4)20(18)11-13-26(19,21)5/h14,18-21H,6-13,15H2,1-5H3/t18-,19-,20-,21+,25-,26-/m0/s1",CC(C)(C)C(=O)OCC(=O)[C@H]1CC[C@H]2[C@@H]3CCC4=CC(=O)CC[C@]4(C)[C@H]3CC[C@]12C,desoxycorticosterone pivalate,Desoxycorticosterone Pivalate,,,INACTIVE,LOW,INACTIVE,LOW,INACTIVE,LOW,INACTIVE,LOW,INACTIVE,LOW,,,LOW,INACTIVE,LOW,INACTIVE,LOW,INACTIVE,LOW,INACTIVE,LOW,INACTIVE,3.91,-5.47,0
MOL6760,,CC1(C)C(=O)N(c2ccc(C#N)c(C(F)(F)F)c2)C(=S)N1Cc1ccc(-c2c[nH]nn2)cc1,"InChI=1S/C22H17F3N6OS/c1-21(2)19(32)31(16-8-7-15(10-26)17(9-16)22(23,24)25)20(33)30(21)12-13-3-5-14(6-4-13)18-11-27-29-28-18/h3-9,11H,12H2,1-2H3,(H,27,28,29)",CC1(C)C(=O)N(c2ccc(C#N)c(C(F)(F)F)c2)C(=S)N1Cc1ccc(-c2c[nH]nn2)cc1,,,NCGC00508823-01,,INACTIVE,LOW,,,,,,,,,,,,,,,MODERATE,LOW,,,HIGH,LOW,4.16,-5.39,1
MOL1227,1965.0,C#C[C@]1(O)CC[C@H]2[C@@H]3CCC4=C(CCC(=O)C4)[C@H]3CC[C@@]21C,"InChI=1S/C20H26O2/c1-3-20(22)11-9-18-17-6-4-13-12-14(21)5-7-15(13)16(17)8-10-19(18,20)2/h1,16-18,22H,4-12H2,2H3/t16-,17-,18+,19+,20+/m1/s1",C#C[C@]1(O)CC[C@H]2[C@@H]3CCC4=C(CCC(=O)C4)[C@H]3CC[C@@]21C,norethynodrel,NORETHYNODREL,,,INACTIVE,LOW,INCONCLUSIVE,HIGH,INACTIVE,LOW,INACTIVE,LOW,INACTIVE,LOW,,,LOW,INACTIVE,LOW,INACTIVE,LOW,INACTIVE,LOW,LOW,LOW,INACTIVE,2.61,-4.48,0
MOL7616,,Cn1cc(C2=C(c3cn(CCCN)c4ccccc34)C(=O)NC2=O)c2ccccc21,"InChI=1S/C24H22N4O2/c1-27-13-17(15-7-2-4-9-19(15)27)21-22(24(30)26-23(21)29)18-14-28(12-6-11-25)20-10-5-3-8-16(18)20/h2-5,7-10,13-14H,6,11-12,25H2,1H3,(H,26,29,30)",Cn1cc(C2=C(c3cn(CCCN)c4ccccc34)C(=O)NC2=O)c2ccccc21,,,NCGC00262036-03,,,,,,,,,,,,,,,,,,LOW,INACTIVE,,,MODERATE,LOW,3.25,-4.1,0
MOL8467,,CCCCCCCCCCCCCC#CC(=O)[C@@H]1COC(C)(C)N1C(=O)OC(C)(C)C,"InChI=1S/C26H45NO4/c1-7-8-9-10-11-12-13-14-15-16-17-18-19-20-23(28)22-21-30-26(5,6)27(22)24(29)31-25(2,3)4/h22H,7-18,21H2,1-6H3/t22-/m0/s1",CCCCCCCCCCCCCC#CC(=O)[C@@H]1COC(C)(C)N1C(=O)OC(C)(C)C,,,NCGC00487205-01,,,,,,,,,,,,,,,,,,LOW,INACTIVE,,,LOW,INACTIVE,6.95,-6.01,0
MOL3890,,C=C(C)[C@@H]1CCC2=CC(=O)C[C@@H](C)[C@]2(C)C1,"InChI=1S/C15H22O/c1-10(2)12-5-6-13-8-14(16)7-11(3)15(13,4)9-12/h8,11-12H,1,5-7,9H2,2-4H3/t11-,12-,15+/m1/s1",C=C(C)[C@@H]1CCC2=CC(=O)C[C@@H](C)[C@]2(C)C1,,,NCGC00256230-01,,,,,,,,,,,,,,,,,,LOW,INACTIVE,,,LOW,INACTIVE,3.89,-3.88,0
MOL688,1122.0,C=C1C[C@@H]2[C@H](CC[C@]3(C)C(=O)CC[C@@H]23)[C@@]2(C)C=CC(=O)C=C12,"InChI=1S/C20H24O2/c1-12-10-14-15-4-5-18(22)20(15,3)9-7-16(14)19(2)8-6-13(21)11-17(12)19/h6,8,11,14-16H,1,4-5,7,9-10H2,2-3H3/t14-,15-,16-,19+,20-/m0/s1",C=C1C[C@@H]2[C@H](CC[C@]3(C)C(=O)CC[C@@H]23)[C@@]2(C)C=CC(=O)C=C12,exemestane,Exemestane,"NCGC00271596-15, NCGC00271596-04",,INACTIVE,LOW,MODERATE,MODERATE,INACTIVE,LOW,INACTIVE,LOW,INACTIVE,LOW,INACTIVE,LOW,LOW,INACTIVE,LOW,INACTIVE,LOW,INACTIVE,LOW,INACTIVE,LOW,INACTIVE,2.66,-4.64,0
MOL4468,,CCOc1cccc2c1OC(c1ccc(F)cc1)C([N+](=O)[O-])=C2,"InChI=1S/C17H14FNO4/c1-2-22-15-5-3-4-12-10-14(19(20)21)16(23-17(12)15)11-6-8-13(18)9-7-11/h3-10,16H,2H2,1H3",CCOc1cccc2c1OC(c1ccc(F)cc1)C([N+](=O)[O-])=C2,,,NCGC00387684-01,,,,,,,,,,,,,,,,,,MODERATE,LOW,,,MODERATE,LOW,3.86,-5.1,1
MOL1335,2120.0,Nc1ccc(/N=N/c2ccccc2)c(N)n1,"InChI=1S/C11H11N5/c12-10-7-6-9(11(13)14-10)16-15-8-4-2-1-3-5-8/h1-7H,(H4,12,13,14)/b16-15+",Nc1ccc(/N=N/c2ccccc2)c(N)n1,phenazopyridine,Phenazopyridine hydrochloride|PHENAZOPYRIDINE HYDROCHLORIDE,,,INACTIVE,LOW,INACTIVE,LOW,INACTIVE,LOW,INACTIVE,LOW,INACTIVE,LOW,INACTIVE,LOW,LOW,INACTIVE,HIGH,HIGH,LOW,INACTIVE,HIGH,HIGH,LOW,INACTIVE,2.31,-3.02,0
MOL8866,,CCCCCOc1cc2c(cc1-c1cc(/C=C/C(=O)O)ccc1O)C(C)(C)CCC2(C)C,"InChI=1S/C28H36O4/c1-6-7-8-15-32-25-18-23-22(27(2,3)13-14-28(23,4)5)17-21(25)20-16-19(9-11-24(20)29)10-12-26(30)31/h9-12,16-18,29H,6-8,13-15H2,1-5H3,(H,30,31)/b12-10+",CCCCCOc1cc2c(cc1-c1cc(/C=C/C(=O)O)ccc1O)C(C)(C)CCC2(C)C,,,NCGC00370868-01,,LOW,HIGH,,,,,,,,,,,,,,,MODERATE,LOW,,,LOW,INACTIVE,6.94,-6.56,1
MOL5530,,CC(C)C[C@H](CO)Nc1nc(S[C@@H](C)c2ccccc2)nc2nc(N)sc12,"InChI=1S/C19H25N5OS2/c1-11(2)9-14(10-25)21-16-15-17(22-18(20)27-15)24-19(23-16)26-12(3)13-7-5-4-6-8-13/h4-8,11-12,14,25H,9-10H2,1-3H3,(H3,20,21,22,23,24)/t12-,14+/m0/s1",CC(C)C[C@H](CO)Nc1nc(S[C@@H](C)c2ccccc2)nc2nc(N)sc12,,,NCGC00386735-01,,INACTIVE,LOW,,,,,,,,,,,,,,,LOW,INACTIVE,,,LOW,INACTIVE,4.3,-4.89,0
MOL495,812.0,CNCCCN1c2ccccc2CCc2ccccc21,"InChI=1S/C18H22N2/c1-19-13-6-14-20-17-9-4-2-7-15(17)11-12-16-8-3-5-10-18(16)20/h2-5,7-10,19H,6,11-14H2,1H3",CNCCCN1c2ccccc2CCc2ccccc21,desipramine,Desipramine hydrochloride,NCGC00015340-10,,INACTIVE,LOW,LOW,HIGH,INACTIVE,LOW,LOW,MODERATE,INACTIVE,LOW,INACTIVE,LOW,LOW,INACTIVE,LOW,INACTIVE,MODERATE,LOW,LOW,INACTIVE,LOW,INACTIVE,4.07,-3.83,1
MOL1470,2332.0,CCc1nc(N)nc(N)c1-c1ccc(Cl)cc1,"InChI=1S/C12H13ClN4/c1-2-9-10(11(14)17-12(15)16-9)7-3-5-8(13)6-4-7/h3-6H,2H2,1H3,(H4,14,15,16,17)",CCc1nc(N)nc(N)c1-c1ccc(Cl)cc1,pyrimethamine,Pyrimethamine,"NCGC00016256-20, NCGC00016256-16",,INACTIVE,LOW,MODERATE,MODERATE,LOW,MODERATE,LOW,MODERATE,LOW,HIGH,INACTIVE,LOW,LOW,INACTIVE,LOW,INACTIVE,MODERATE,HIGH,LOW,INACTIVE,HIGH,HIGH,2.61,-3.14,1
MOL1722,2708.0,Cc1cccc(Nc2ccncc2S(=O)(=O)NC(=O)NC(C)C)c1,"InChI=1S/C16H20N4O3S/c1-11(2)18-16(21)20-24(22,23)15-10-17-8-7-14(15)19-13-6-4-5-12(3)9-13/h4-11H,1-3H3,(H,17,19)(H2,18,20,21)",Cc1cccc(Nc2ccncc2S(=O)(=O)NC(=O)NC(C)C)c1,torsemide,Torsemide,NCGC00016879-07,,INACTIVE,LOW,INACTIVE,LOW,INACTIVE,LOW,INACTIVE,LOW,INACTIVE,LOW,INACTIVE,LOW,LOW,INACTIVE,LOW,INACTIVE,LOW,INACTIVE,LOW,INACTIVE,LOW,INACTIVE,1.76,-3.77,0
MOL5658,,N#Cc1c(O)c2c(-c3ccc(-c4ccccc4O)cc3)csc2[nH]c1=O,"InChI=1S/C20H12N2O3S/c21-9-14-18(24)17-15(10-26-20(17)22-19(14)25)12-7-5-11(6-8-12)13-3-1-2-4-16(13)23/h1-8,10,23H,(H2,22,24,25)",N#Cc1c(O)c2c(-c3ccc(-c4ccccc4O)cc3)csc2[nH]c1=O,,,"NCGC00250373-04, NCGC00250373-05, NCGC00250373-01",,LOW,HIGH,,,,,,,,,INACTIVE,LOW,,,,,LOW,INACTIVE,,,LOW,INACTIVE,3.88,-4.97,0
MOL4658,,CN(C(=O)CNC(=O)/C=C/c1cccc(Cl)c1)C1CC[S+](=O)([O-])CC1,"InChI=1S/C17H21ClN2O4S/c1-20(15-7-9-25(23,24)10-8-15)17(22)12-19-16(21)6-5-13-3-2-4-14(18)11-13/h2-6,11,15H,7-10,12H2,1H3,(H-,19,21,23,24)/b6-5+",CN(C(=O)CNC(=O)/C=C/c1cccc(Cl)c1)C1CC[S+](=O)([O-])CC1,,,NCGC00386882-01,,INACTIVE,LOW,,,,,,,,,,,,,,,MODERATE,INACTIVE,,,MODERATE,HIGH,1.24,-3.72,1
MOL78,143.0,C[C@H]1CN(C[C@H](Cc2ccccc2)C(=O)NCC(=O)O)CC[C@@]1(C)c1cccc(O)c1,"InChI=1S/C25H32N2O4/c1-18-16-27(12-11-25(18,2)21-9-6-10-22(28)14-21)17-20(24(31)26-15-23(29)30)13-19-7-4-3-5-8-19/h3-10,14,18,20,28H,11-13,15-17H2,1-2H3,(H,26,31)(H,29,30)/t18-,20-,25+/m0/s1",C[C@H]1CN(C[C@H](Cc2ccccc2)C(=O)NCC(=O)O)CC[C@@]1(C)c1cccc(O)c1,alvimopan,Alvimopan,NCGC00378640-02,,INACTIVE,LOW,INACTIVE,LOW,INACTIVE,LOW,INACTIVE,LOW,INACTIVE,LOW,,,LOW,INACTIVE,LOW,INACTIVE,LOW,INACTIVE,LOW,INACTIVE,LOW,INACTIVE,3.28,-4.71,0
MOL8939,,CC1(C)CC=C(c2cnc3ccccc3c2)c2cc(C(=O)Nc3ccc(C(=O)O)cc3)ccc21,"InChI=1S/C29H24N2O3/c1-29(2)14-13-23(21-15-19-5-3-4-6-26(19)30-17-21)24-16-20(9-12-25(24)29)27(32)31-22-10-7-18(8-11-22)28(33)34/h3-13,15-17H,14H2,1-2H3,(H,31,32)(H,33,34)",CC1(C)CC=C(c2cnc3ccccc3c2)c2cc(C(=O)Nc3ccc(C(=O)O)cc3)ccc21,,,NCGC00370906-01,,INACTIVE,LOW,,,,,,,,,,,,,,,LOW,INACTIVE,,,LOW,INACTIVE,5.72,-6.33,0
MOL6771,,CC(C)[S+](=O)([O-])Nc1ccc(F)c(C(=O)c2c[nH]c3ncc(-c4cccnc4)cc23)c1F,"InChI=1S/C22H18F2N4O3S/c1-12(2)32(30,31)28-18-6-5-17(23)19(20(18)24)21(29)16-11-27-22-15(16)8-14(10-26-22)13-4-3-7-25-9-13/h3-12H,1-2H3,(H2-,26,27,28,29,30,31)",CC(C)[S+](=O)([O-])Nc1ccc(F)c(C(=O)c2c[nH]c3ncc(-c4cccnc4)cc23)c1F,,,NCGC00378825-01,,INACTIVE,LOW,,,,,,,,,,,,,,,LOW,INACTIVE,,,MODERATE,LOW,3.33,-5.25,0
MOL4178,,CCOc1ccc(S(=O)(=O)n2c(C)nc3ccccc32)cc1,"InChI=1S/C16H16N2O3S/c1-3-21-13-8-10-14(11-9-13)22(19,20)18-12(2)17-15-6-4-5-7-16(15)18/h4-11H,3H2,1-2H3",CCOc1ccc(S(=O)(=O)n2c(C)nc3ccccc32)cc1,,MLS000114252-02,,,INACTIVE,LOW,,,,,,,,,,,,,,,LOW,INACTIVE,,,LOW,INACTIVE,2.85,-3.43,0
MOL1495,2370.0,COC(=O)[C@H]1[C@H]2C[C@@H]3c4[nH]c5cc(OC)ccc5c4CCN3C[C@H]2C[C@@H](OC(=O)c2cc(OC)c(OC)c(OC)c2)[C@@H]1OC,"InChI=1S/C33H40N2O9/c1-38-19-7-8-20-21-9-10-35-16-18-13-27(44-32(36)17-11-25(39-2)30(41-4)26(12-17)40-3)31(42-5)28(33(37)43-6)22(18)15-24(35)29(21)34-23(20)14-19/h7-8,11-12,14,18,22,24,27-28,31,34H,9-10,13,15-16H2,1-6H3/t18-,22+,24-,27-,28+,31+/m1/s1",COC(=O)[C@H]1[C@H]2C[C@@H]3c4[nH]c5cc(OC)ccc5c4CCN3C[C@H]2C[C@@H](OC(=O)c2cc(OC)c(OC)c(OC)c2)[C@@H]1OC,reserpine,Reserpine,"NCGC00091250-14, NCGC00091250-08, NCGC00015888-06, NCGC00015888-04",,INACTIVE,LOW,INACTIVE,LOW,INACTIVE,LOW,LOW,MODERATE,INACTIVE,LOW,INACTIVE,LOW,LOW,INACTIVE,HIGH,HIGH,HIGH,LOW,HIGH,HIGH,LOW,INACTIVE,4.06,-4.75,1
MOL6573,,CC(C)(c1ccc(OCC(O)CO)cc1)c1ccc(OCC(O)CCl)cc1,"InChI=1S/C21H27ClO5/c1-21(2,15-3-7-19(8-4-15)26-13-17(24)11-22)16-5-9-20(10-6-16)27-14-18(25)12-23/h3-10,17-18,23-25H,11-14H2,1-2H3",CC(C)(c1ccc(OCC(O)CO)cc1)c1ccc(OCC(O)CCl)cc1,,,NCGC00508824-01,,INACTIVE,LOW,,,,,,,,,,,,,,,LOW,INACTIVE,,,LOW,INACTIVE,3.39,-4.59,0
MOL7644,,CCc1cc2c(=O)c(-c3nc4ccccc4s3)coc2c(CN2CCCCC2)c1O,"InChI=1S/C24H24N2O3S/c1-2-15-12-16-22(28)18(24-25-19-8-4-5-9-20(19)30-24)14-29-23(16)17(21(15)27)13-26-10-6-3-7-11-26/h4-5,8-9,12,14,27H,2-3,6-7,10-11,13H2,1H3",CCc1cc2c(=O)c(-c3nc4ccccc4s3)coc2c(CN2CCCCC2)c1O,,,NCGC00371002-02,,INACTIVE,LOW,,,,,,,,,,,,,,,LOW,INACTIVE,,,LOW,INACTIVE,5.0,-5.15,0
MOL3719,,Clc1cccc(COc2cncc(N3CCNCC3)n2)c1,"InChI=1S/C15H17ClN4O/c16-13-3-1-2-12(8-13)11-21-15-10-18-9-14(19-15)20-6-4-17-5-7-20/h1-3,8-10,17H,4-7,11H2",Clc1cccc(COc2cncc(N3CCNCC3)n2)c1,,,NCGC00371074-02,,INACTIVE,LOW,,,,,,,,,,,,,,,MODERATE,LOW,,,LOW,INACTIVE,2.01,-3.68,1
MOL4282,,O=C(c1cccc(Br)c1)N1CCC(N2CCCC2)CC1,"InChI=1S/C16H21BrN2O/c17-14-5-3-4-13(12-14)16(20)19-10-6-15(7-11-19)18-8-1-2-9-18/h3-5,12,15H,1-2,6-11H2",O=C(c1cccc(Br)c1)N1CCC(N2CCCC2)CC1,,,NCGC00379146-01,,,,,,,,,,,,,,,,,,LOW,INACTIVE,,,LOW,INACTIVE,3.21,-3.26,0
MOL8099,,COC[C@H](NC(=O)c1cnc(C)s1)C(=O)N[C@@H](COC)C(=O)N[C@@H](Cc1ccccc1)C(=O)[C@@]1(C)CO1,"InChI=1S/C25H32N4O7S/c1-15-26-11-20(37-15)24(33)29-19(13-35-4)23(32)28-18(12-34-3)22(31)27-17(21(30)25(2)14-36-25)10-16-8-6-5-7-9-16/h5-9,11,17-19H,10,12-14H2,1-4H3,(H,27,31)(H,28,32)(H,29,33)/t17-,18-,19-,25+/m0/s1",COC[C@H](NC(=O)c1cnc(C)s1)C(=O)N[C@@H](COC)C(=O)N[C@@H](Cc1ccccc1)C(=O)[C@@]1(C)CO1,,Oprozomib,NCGC00345799-01,,INACTIVE,LOW,,,,,,,,,HIGH,HIGH,LOW,INACTIVE,LOW,INACTIVE,LOW,INACTIVE,LOW,INACTIVE,HIGH,HIGH,1.04,-4.64,0
MOL7265,,CC(C)(N)c1ccc(-c2nc3ccccc3nc2-c2ccccc2)cc1,"InChI=1S/C23H21N3/c1-23(2,24)18-14-12-17(13-15-18)22-21(16-8-4-3-5-9-16)25-19-10-6-7-11-20(19)26-22/h3-15H,24H2,1-2H3",CC(C)(N)c1ccc(-c2nc3ccccc3nc2-c2ccccc2)cc1,,,"NCGC00345823-02, NCGC00345823-01",,INACTIVE,LOW,,,,,,,,,LOW,LOW,,,,,HIGH,LOW,,,LOW,INACTIVE,4.57,-5.99,1
MOL964,1573.0,CCC(=O)O[C@@](Cc1ccccc1)(c1ccccc1)[C@@H](C)CN(C)C,"InChI=1S/C22H29NO2/c1-5-21(24)25-22(18(2)17-23(3)4,20-14-10-7-11-15-20)16-19-12-8-6-9-13-19/h6-15,18H,5,16-17H2,1-4H3/t18-,22+/m0/s1",CCC(=O)O[C@@](Cc1ccccc1)(c1ccccc1)[C@@H](C)CN(C)C,levopropoxyphene,Levopropoxyphene napsylate,,,INACTIVE,LOW,LOW,MODERATE,INACTIVE,LOW,INACTIVE,LOW,INACTIVE,LOW,,,LOW,INACTIVE,LOW,INACTIVE,LOW,INACTIVE,LOW,INACTIVE,LOW,INACTIVE,4.06,-4.91,0
MOL7758,,CCCCN1[C@H]2CC[C@@H]1CC(OC(c1ccc(F)cc1)c1ccc(F)cc1)C2,"InChI=1S/C24H29F2NO/c1-2-3-14-27-21-12-13-22(27)16-23(15-21)28-24(17-4-8-19(25)9-5-17)18-6-10-20(26)11-7-18/h4-11,21-24H,2-3,12-16H2,1H3/t21-,22+,23?",CCCCN1[C@H]2CC[C@@H]1CC(OC(c1ccc(F)cc1)c1ccc(F)cc1)C2,,,NCGC00370917-01,,INACTIVE,LOW,,,,,,,,,,,,,,,HIGH,LOW,,,LOW,INACTIVE,5.69,-5.92,1
MOL568,938.0,CCOC(=O)Oc1ccc(CCNC(=O)[C@H](CCSC)NC(C)=O)cc1OC(=O)OCC,"InChI=1S/C21H30N2O8S/c1-5-28-20(26)30-17-8-7-15(13-18(17)31-21(27)29-6-2)9-11-22-19(25)16(10-12-32-4)23-14(3)24/h7-8,13,16H,5-6,9-12H2,1-4H3,(H,22,25)(H,23,24)/t16-/m0/s1",CCOC(=O)Oc1ccc(CCNC(=O)[C@H](CCSC)NC(C)=O)cc1OC(=O)OCC,docarpamine,Docarpamine,,,INACTIVE,LOW,INACTIVE,LOW,INACTIVE,LOW,INACTIVE,LOW,INACTIVE,LOW,INACTIVE,LOW,LOW,INACTIVE,LOW,INACTIVE,LOW,INACTIVE,LOW,INACTIVE,LOW,INACTIVE,2.25,-4.94,0
MOL6804,,CCN(C(=O)CO)[C@H]1CN(/C(=N\C#N)Nc2cccc(OC(F)F)c2)N=C1c1ccc(Cl)c(Cl)c1,"InChI=1S/C22H20Cl2F2N6O3/c1-2-31(19(34)11-33)18-10-32(30-20(18)13-6-7-16(23)17(24)8-13)22(28-12-27)29-14-4-3-5-15(9-14)35-21(25)26/h3-9,18,21,33H,2,10-11H2,1H3,(H,28,29)/t18-/m0/s1",CCN(C(=O)CO)[C@H]1CN(/C(=N\C#N)Nc2cccc(OC(F)F)c2)N=C1c1ccc(Cl)c(Cl)c1,,,NCGC00387309-01,,,,,,,,,,,,,,,,,,MODERATE,LOW,,,LOW,INACTIVE,3.73,-4.63,1
MOL8690,,Cc1cc(-c2nc(CN3CCC(C(=O)NCCCN4C[C@@H](C)C[C@@H](C)C4)CC3)co2)ccc1F,"InChI=1S/C27H39FN4O2/c1-19-13-20(2)16-32(15-19)10-4-9-29-26(33)22-7-11-31(12-8-22)17-24-18-34-27(30-24)23-5-6-25(28)21(3)14-23/h5-6,14,18-20,22H,4,7-13,15-17H2,1-3H3,(H,29,33)/t19-,20+",Cc1cc(-c2nc(CN3CCC(C(=O)NCCCN4C[C@@H](C)C[C@@H](C)C4)CC3)co2)ccc1F,,,NCGC00351982-01,,,,,,,,,,,,,,,,,,MODERATE,HIGH,,,LOW,INACTIVE,4.63,-3.95,1
MOL7566,,c1cc(-c2sc(-c3ccncc3)c(-c3ccncc3)c2-c2ccncc2)ccn1,InChI=1S/C24H16N4S/c1-9-25-10-2-17(1)21-22(18-3-11-26-12-4-18)24(20-7-15-28-16-8-20)29-23(21)19-5-13-27-14-6-19/h1-16H,c1cc(-c2sc(-c3ccncc3)c(-c3ccncc3)c2-c2ccncc2)ccn1,,,"NCGC00013822-04, NCGC00013822-03",,INACTIVE,LOW,,,,,,,,,INACTIVE,LOW,,,,,MODERATE,LOW,,,LOW,INACTIVE,3.92,-5.86,1
MOL6461,,Cc1ccc(Nc2nccc(N(C)c3ccc4c(C)n(C)nc4c3)n2)cc1[S+](N)(=O)[O-],"InChI=1S/C21H23N7O2S/c1-13-5-6-15(11-19(13)31(22,29)30)24-21-23-10-9-20(25-21)27(3)16-7-8-17-14(2)28(4)26-18(17)12-16/h5-12H,1-4H3,(H3-,22,23,24,25,29,30)",Cc1ccc(Nc2nccc(N(C)c3ccc4c(C)n(C)nc4c3)n2)cc1[S+](N)(=O)[O-],,,"NCGC00188865-10, NCGC00188865-05, NCGC00188865-02",,INACTIVE,LOW,,,,,,,,,INACTIVE,LOW,,,,,MODERATE,LOW,,,MODERATE,LOW,3.58,-4.0,1
MOL9044,,C[C@@H]1CN(CC(=O)N2CC(C)(C)c3ncc(Cc4ccc(F)cc4)cc32)[C@@H](CN2CCOC[C@H]2C)CN1,"InChI=1S/C29H40FN5O2/c1-20-15-34(25(14-31-20)16-33-9-10-37-18-21(33)2)17-27(36)35-19-29(3,4)28-26(35)12-23(13-32-28)11-22-5-7-24(30)8-6-22/h5-8,12-13,20-21,25,31H,9-11,14-19H2,1-4H3/t20-,21-,25-/m1/s1",C[C@@H]1CN(CC(=O)N2CC(C)(C)c3ncc(Cc4ccc(F)cc4)cc32)[C@@H](CN2CCOC[C@H]2C)CN1,,,NCGC00420704-02,,INACTIVE,LOW,,,,,,,,,,,,,,,HIGH,LOW,,,LOW,INACTIVE,2.83,-3.97,1
MOL4781,,Cc1ccc(OC[C@H](O)[C@H](C)NC(C)C)c2c1CCC2,"InChI=1S/C17H27NO2/c1-11(2)18-13(4)16(19)10-20-17-9-8-12(3)14-6-5-7-15(14)17/h8-9,11,13,16,18-19H,5-7,10H2,1-4H3/t13-,16-/m0/s1",Cc1ccc(OC[C@H](O)[C@H](C)NC(C)C)c2c1CCC2,,,NCGC00485130-01,,INACTIVE,LOW,,,,,,,,,,,,,,,LOW,INACTIVE,,,LOW,INACTIVE,3.0,-3.18,0
MOL8809,,COC(=O)C1=C(C)NC(C)=C(C(=O)O[C@@H]2CCCN(Cc3ccccc3)C2)[C@@H]1c1cccc([N+](=O)[O-])c1,"InChI=1S/C28H31N3O6/c1-18-24(27(32)36-3)26(21-11-7-12-22(15-21)31(34)35)25(19(2)29-18)28(33)37-23-13-8-14-30(17-23)16-20-9-5-4-6-10-20/h4-7,9-12,15,23,26,29H,8,13-14,16-17H2,1-3H3/t23-,26-/m1/s1",COC(=O)C1=C(C)NC(C)=C(C(=O)O[C@@H]2CCCN(Cc3ccccc3)C2)[C@@H]1c1cccc([N+](=O)[O-])c1,,,"NCGC00185768-03, NCGC00185768-01",,INACTIVE,LOW,,,,,,,,,INACTIVE,LOW,,,,,MODERATE,LOW,,,MODERATE,LOW,4.28,-5.33,1
MOL7293,,N#CCNC(=O)c1ccc(-c2ccnc(Nc3ccc(N4CCOCC4)cc3)n2)cc1,"InChI=1S/C23H22N6O2/c24-10-12-25-22(30)18-3-1-17(2-4-18)21-9-11-26-23(28-21)27-19-5-7-20(8-6-19)29-13-15-31-16-14-29/h1-9,11H,12-16H2,(H,25,30)(H,26,27,28)",N#CCNC(=O)c1ccc(-c2ccnc(Nc3ccc(N4CCOCC4)cc3)n2)cc1,,,"NCGC00244257-02, NCGC00244257-08, NCGC00244257-01",,INACTIVE,LOW,,,,,,,,,HIGH,MODERATE,,,,,MODERATE,LOW,,,MODERATE,HIGH,2.96,-4.1,1
MOL4993,,CNCCC(c1cccs1)c1ccc(O)c2ccccc12,"InChI=1S/C18H19NOS/c1-19-11-10-16(18-7-4-12-21-18)14-8-9-17(20)15-6-3-2-5-13(14)15/h2-9,12,16,19-20H,10-11H2,1H3",CNCCC(c1cccs1)c1ccc(O)c2ccccc12,,,NCGC00485881-01,,INACTIVE,LOW,,,,,,,,,,,,,,,MODERATE,LOW,,,LOW,INACTIVE,4.53,-5.15,1
MOL1912,3153.0,CCCCc1cc2ccccc2c(OCCN(C)C)n1,"InChI=1S/C17H24N2O/c1-4-5-9-15-13-14-8-6-7-10-16(14)17(18-15)20-12-11-19(2)3/h6-8,10,13H,4-5,9,11-12H2,1-3H3",CCCCc1cc2ccccc2c(OCCN(C)C)n1,quinisocaine,Dimethisoquin hydrochloride,,,INACTIVE,LOW,MODERATE,HIGH,INACTIVE,LOW,MODERATE,HIGH,INACTIVE,LOW,INACTIVE,LOW,MODERATE,INCONCLUSIVE,LOW,INACTIVE,MODERATE,LOW,MODERATE,INACTIVE,LOW,INACTIVE,3.9,-3.61,1
MOL1653,2596.0,CC(=O)CCC=C(C)CC/C=C(\C)CC/C=C(\C)CCC=C(C)C,"InChI=1S/C23H38O/c1-19(2)11-7-12-20(3)13-8-14-21(4)15-9-16-22(5)17-10-18-23(6)24/h11,13,15,17H,7-10,12,14,16,18H2,1-6H3/b20-13+,21-15+,22-17+",CC(=O)CCC=C(C)CC/C=C(\C)CC/C=C(\C)CCC=C(C)C,teprenone,Teprenone,,,INACTIVE,LOW,INACTIVE,LOW,INACTIVE,LOW,INACTIVE,LOW,INACTIVE,LOW,INACTIVE,LOW,LOW,INACTIVE,MODERATE,LOW,LOW,INACTIVE,HIGH,HIGH,LOW,INACTIVE,6.98,-5.31,0
MOL8091,,CC1(C)[C@H]2C[C@H](C/C=C\CCCC(=O)O)[C@@H](NC(=O)c3csc4ccc(O)cc34)[C@@H]1C2,"InChI=1S/C25H31NO4S/c1-25(2)16-11-15(7-5-3-4-6-8-22(28)29)23(20(25)12-16)26-24(30)19-14-31-21-10-9-17(27)13-18(19)21/h3,5,9-10,13-16,20,23,27H,4,6-8,11-12H2,1-2H3,(H,26,30)(H,28,29)/b5-3-/t15-,16-,20-,23+/m0/s1",CC1(C)[C@H]2C[C@H](C/C=C\CCCC(=O)O)[C@@H](NC(=O)c3csc4ccc(O)cc34)[C@@H]1C2,,,NCGC00386590-01,,INACTIVE,LOW,,,,,,,,,,,,,,,LOW,INACTIVE,,,LOW,INACTIVE,5.11,-5.96,0
MOL2958,,O=c1ccc2cc3ccoc3cc2o1,InChI=1S/C11H6O3/c12-11-2-1-7-5-8-3-4-13-9(8)6-10(7)14-11/h1-6H,O=c1ccc2cc3ccoc3cc2o1,,Psoralen,,,INACTIVE,LOW,,,,,,,,,,,LOW,INACTIVE,LOW,INACTIVE,LOW,INACTIVE,LOW,INACTIVE,LOW,INACTIVE,2.15,-3.14,0
MOL1652,2595.0,CN1C(C(=O)Nc2ccccn2)=C(O)c2sccc2S1(=O)=O,"InChI=1S/C13H11N3O4S2/c1-16-10(13(18)15-9-4-2-3-6-14-9)11(17)12-8(5-7-21-12)22(16,19)20/h2-7,17H,1H3,(H,14,15,18)",CN1C(C(=O)Nc2ccccn2)=C(O)c2sccc2S1(=O)=O,tenoxicam,Tenoxicam,"NCGC00016889-15, NCGC00016889-05",,INACTIVE,LOW,LOW,LOW,INACTIVE,LOW,INACTIVE,LOW,INACTIVE,LOW,INACTIVE,LOW,LOW,INACTIVE,LOW,INACTIVE,LOW,INACTIVE,LOW,INACTIVE,LOW,INACTIVE,2.42,-3.12,0
MOL5032,,CC(C)/C=C1\NC(=O)C(C(C)C)n2c1nc1ccccc1c2=O,"InChI=1S/C18H21N3O2/c1-10(2)9-14-16-19-13-8-6-5-7-12(13)18(23)21(16)15(11(3)4)17(22)20-14/h5-11,15H,1-4H3,(H,20,22)/b14-9-",CC(C)/C=C1\NC(=O)C(C(C)C)n2c1nc1ccccc1c2=O,,,NCGC00385185-01,,INACTIVE,LOW,,,,,,,,,,,,,,,LOW,INACTIVE,,,LOW,INACTIVE,2.71,-3.37,0
MOL10652,,COC(=O)c1cc(Cl)ccc1NS(=O)(=O)C(F)(F)F,"InChI=1S/C9H7ClF3NO4S/c1-18-8(15)6-4-5(10)2-3-7(6)14-19(16,17)9(11,12)13/h2-4,14H,1H3",COC(=O)c1cc(Cl)ccc1NS(=O)(=O)C(F)(F)F,,Amidoflumet,,,INACTIVE,LOW,INACTIVE,LOW,INACTIVE,LOW,INACTIVE,LOW,INACTIVE,LOW,INACTIVE,LOW,LOW,INACTIVE,LOW,INACTIVE,LOW,INACTIVE,LOW,INACTIVE,LOW,INACTIVE,3.76,-3.86,0
MOL6566,,C=CCc1cc(OC)c(OC(C)C(O)c2ccc(O)c(OC)c2)c(OC)c1,"InChI=1S/C21H26O6/c1-6-7-14-10-18(25-4)21(19(11-14)26-5)27-13(2)20(23)15-8-9-16(22)17(12-15)24-3/h6,8-13,20,22-23H,1,7H2,2-5H3",C=CCc1cc(OC)c(OC(C)C(O)c2ccc(O)c(OC)c2)c(OC)c1,,,NCGC00386043-01,,INACTIVE,LOW,,,,,,,,,,,,,,,LOW,INACTIVE,,,LOW,INACTIVE,3.33,-4.3,0
MOL8981,,COc1ccc(NC(=O)c2ccc(-c3ccc(-c4nnc(C)o4)cc3C)cc2)cc1N1CCN(C)CC1,"InChI=1S/C29H31N5O3/c1-19-17-23(29-32-31-20(2)37-29)9-11-25(19)21-5-7-22(8-6-21)28(35)30-24-10-12-27(36-4)26(18-24)34-15-13-33(3)14-16-34/h5-12,17-18H,13-16H2,1-4H3,(H,30,35)",COc1ccc(NC(=O)c2ccc(-c3ccc(-c4nnc(C)o4)cc3C)cc2)cc1N1CCN(C)CC1,,,NCGC00386477-01,,INACTIVE,LOW,,,,,,,,,,,,,,,HIGH,LOW,,,LOW,INACTIVE,4.43,-3.89,1
MOL3980,,NC(=O)c1noc([C@H](CCCC2CCCCC2)CC(=O)NO)n1,"InChI=1S/C15H24N4O4/c16-13(21)14-17-15(23-19-14)11(9-12(20)18-22)8-4-7-10-5-2-1-3-6-10/h10-11,22H,1-9H2,(H2,16,21)(H,18,20)/t11-/m1/s1",NC(=O)c1noc([C@H](CCCC2CCCCC2)CC(=O)NO)n1,,UK-383367,NCGC00346888-01,,INACTIVE,LOW,,,,,,,,,INACTIVE,LOW,LOW,INACTIVE,LOW,INACTIVE,MODERATE,LOW,LOW,INACTIVE,HIGH,MODERATE,2.41,-3.46,1
MOL8510,,O=C(c1ccc(-c2ccc(Cl)cc2)o1)N(Cc1ccccn1)c1ccc(N2CCNCC2)cc1,"InChI=1S/C27H25ClN4O2/c28-21-6-4-20(5-7-21)25-12-13-26(34-25)27(33)32(19-22-3-1-2-14-30-22)24-10-8-23(9-11-24)31-17-15-29-16-18-31/h1-14,29H,15-19H2",O=C(c1ccc(-c2ccc(Cl)cc2)o1)N(Cc1ccccn1)c1ccc(N2CCNCC2)cc1,,,NCGC00388282-01,,,,,,,,,,,,,,,,,,HIGH,LOW,,,MODERATE,LOW,4.49,-4.25,1
MOL2262,4375.0,CN[C@H]1CCc2cc(OC)c(OC)c(OC)c2-c2ccc(OC)c(=O)cc21,"InChI=1S/C21H25NO5/c1-22-15-8-6-12-10-18(25-3)20(26-4)21(27-5)19(12)13-7-9-17(24-2)16(23)11-14(13)15/h7,9-11,15,22H,6,8H2,1-5H3/t15-/m0/s1",CN[C@H]1CCc2cc(OC)c(OC)c(OC)c2-c2ccc(OC)c(=O)cc21,demecolcine,,"NCGC00166035-05, NCGC00166035-02",,INACTIVE,LOW,,,,,,,,,HIGH,LOW,,,,,LOW,INACTIVE,,,MODERATE,INCONCLUSIVE,2.52,-4.07,0
MOL4821,,O=C(Nc1ccn(Cc2ccc(O)cc2C(F)(F)F)n1)c1c(F)cccc1F,"InChI=1S/C18H12F5N3O2/c19-13-2-1-3-14(20)16(13)17(28)24-15-6-7-26(25-15)9-10-4-5-11(27)8-12(10)18(21,22)23/h1-8,27H,9H2,(H,24,25,28)",O=C(Nc1ccn(Cc2ccc(O)cc2C(F)(F)F)n1)c1c(F)cccc1F,,,NCGC00402346-02,,INACTIVE,LOW,,,,,,,,,,,,,,,LOW,INACTIVE,,,LOW,INACTIVE,4.17,-4.89,0
MOL2453,4903.0,COC(=O)c1ccc2c(c1)NC(=O)/C2=C(\Nc1ccc(N(C)C(=O)CN2CCN(C)CC2)cc1)c1ccccc1,"InChI=1S/C31H33N5O4/c1-34-15-17-36(18-16-34)20-27(37)35(2)24-12-10-23(11-13-24)32-29(21-7-5-4-6-8-21)28-25-14-9-22(31(39)40-3)19-26(25)33-30(28)38/h4-14,19,32H,15-18,20H2,1-3H3,(H,33,38)/b29-28-",COC(=O)c1ccc2c(c1)NC(=O)/C2=C(\Nc1ccc(N(C)C(=O)CN2CCN(C)CC2)cc1)c1ccccc1,nintedanib,Nintedanib,"NCGC00263156-12, NCGC00263156-02",,INACTIVE,LOW,INACTIVE,LOW,INACTIVE,LOW,INACTIVE,LOW,INACTIVE,LOW,LOW,MODERATE,LOW,INACTIVE,MODERATE,HIGH,LOW,INACTIVE,MODERATE,HIGH,HIGH,HIGH,3.7,-4.25,0
MOL5317,,C[C@H](NC(=O)CCc1nc2ccccc2c(=O)[nH]1)c1ccccc1,"InChI=1S/C19H19N3O2/c1-13(14-7-3-2-4-8-14)20-18(23)12-11-17-21-16-10-6-5-9-15(16)19(24)22-17/h2-10,13H,11-12H2,1H3,(H,20,23)(H,21,22,24)/t13-/m0/s1",C[C@H](NC(=O)CCc1nc2ccccc2c(=O)[nH]1)c1ccccc1,,ME 0328,NCGC00379250-03,,INACTIVE,LOW,,,,,,,,,,,LOW,INACTIVE,LOW,INACTIVE,LOW,INACTIVE,LOW,INACTIVE,LOW,INACTIVE,2.43,-3.93,0
MOL5807,,CC(=O)C1=C(O)[C@@H]2[C@H]3c4c[nH]c5cccc(c45)C[C@H]3C(C)(C)N2C1=O,"InChI=1S/C20H20N2O3/c1-9(23)14-18(24)17-16-11-8-21-13-6-4-5-10(15(11)13)7-12(16)20(2,3)22(17)19(14)25/h4-6,8,12,16-17,21,24H,7H2,1-3H3/t12-,16+,17+/m1/s1",CC(=O)C1=C(O)[C@@H]2[C@H]3c4c[nH]c5cccc(c45)C[C@H]3C(C)(C)N2C1=O,,,NCGC00025065-10,,,,,,,,,,,,,,,,,,MODERATE,LOW,,,MODERATE,HIGH,2.49,-3.33,1
MOL6785,,CN1CC[C@@H](c2c(O)cc(O)c3c(=O)cc(-c4ccc(C(F)(F)F)cc4Cl)oc23)[C@@H]1CO,"InChI=1S/C22H19ClF3NO5/c1-27-5-4-12(14(27)9-28)19-15(29)7-16(30)20-17(31)8-18(32-21(19)20)11-3-2-10(6-13(11)23)22(24,25)26/h2-3,6-8,12,14,28-30H,4-5,9H2,1H3/t12-,14+/m1/s1",CN1CC[C@@H](c2c(O)cc(O)c3c(=O)cc(-c4ccc(C(F)(F)F)cc4Cl)oc23)[C@@H]1CO,,,NCGC00387877-01,,INACTIVE,LOW,,,,,,,,,,,,,,,HIGH,LOW,,,LOW,INACTIVE,3.91,-4.11,1
MOL2319,4588.0,O=C1N(c2ccccc2)c2ccccc2C1(Cc1ccncc1)Cc1ccncc1,"InChI=1S/C26H21N3O/c30-25-26(18-20-10-14-27-15-11-20,19-21-12-16-28-17-13-21)23-8-4-5-9-24(23)29(25)22-6-2-1-3-7-22/h1-17H,18-19H2",O=C1N(c2ccccc2)c2ccccc2C1(Cc1ccncc1)Cc1ccncc1,linopirdine,,"NCGC00015590-05, NCGC00015590-08, NCGC00015590-06, NCGC00015590-07",,INACTIVE,LOW,,,,,,,,,INACTIVE,LOW,,,,,LOW,INACTIVE,,,LOW,INACTIVE,3.5,-5.32,0
MOL9206,,C/C=C(\C)C(=O)O[C@@H]1[C@@H](C)[C@@]2(O)[C@@H](C=C(CO)C[C@@H]3C(=O)C(C)=C[C@H]32)C2C(C)(C)[C@@]21OC(=O)C(C)CC,"InChI=1S/C30H42O7/c1-9-15(3)26(33)36-25-18(6)29(35)21-11-17(5)23(32)20(21)12-19(14-31)13-22(29)24-28(7,8)30(24,25)37-27(34)16(4)10-2/h9,11,13,16,18,20-22,24-25,31,35H,10,12,14H2,1-8H3/b15-9+/t16?,18-,20+,21-,22+,24?,25-,29+,30-/m1/s1",C/C=C(\C)C(=O)O[C@@H]1[C@@H](C)[C@@]2(O)[C@@H](C=C(CO)C[C@@H]3C(=O)C(C)=C[C@H]32)C2C(C)(C)[C@@]21OC(=O)C(C)CC,,,NCGC00385608-01,,INACTIVE,LOW,,,,,,,,,,,,,,,MODERATE,INACTIVE,,,LOW,INACTIVE,3.94,-4.59,1
MOL4624,,COc1cc(/C=C/C(=O)N2CCC=CC2=O)cc(OC)c1OC,"InChI=1S/C17H19NO5/c1-21-13-10-12(11-14(22-2)17(13)23-3)7-8-16(20)18-9-5-4-6-15(18)19/h4,6-8,10-11H,5,9H2,1-3H3/b8-7+",COc1cc(/C=C/C(=O)N2CCC=CC2=O)cc(OC)c1OC,,,NCGC00096028-06,,,,,,,,,,,,,,,,,,MODERATE,LOW,,,HIGH,LOW,2.32,-3.86,1
MOL5480,,CC(=O)NC(C)c1ccc(Oc2ccc(OC(C)C)cc2)cc1,"InChI=1S/C19H23NO3/c1-13(2)22-17-9-11-19(12-10-17)23-18-7-5-16(6-8-18)14(3)20-15(4)21/h5-14H,1-4H3,(H,20,21)",CC(=O)NC(C)c1ccc(Oc2ccc(OC(C)C)cc2)cc1,,,NCGC00263235-01,,INACTIVE,LOW,,,,,,,,,INACTIVE,LOW,,,,,MODERATE,MODERATE,,,MODERATE,HIGH,4.28,-4.85,1
MOL3583,,O=c1cc(-c2ccc(O)cc2)oc2cc(O)cc(O)c12,"InChI=1S/C15H10O5/c16-9-3-1-8(2-4-9)13-7-12(19)15-11(18)5-10(17)6-14(15)20-13/h1-7,16-18H",O=c1cc(-c2ccc(O)cc2)oc2cc(O)cc(O)c12,,,"NCGC00015049-15, NCGC00015049-24, NCGC00015049-18",,INACTIVE,LOW,,,,,,,,,INACTIVE,LOW,,,,,LOW,INACTIVE,,,LOW,INACTIVE,3.07,-3.36,0
MOL4602,,C[S+](=O)([O-])N1CCC(NC(=O)c2[nH]ncc2NC(=O)c2c(Cl)cccc2Cl)CC1,"InChI=1S/C17H19Cl2N5O4S/c1-29(27,28)24-7-5-10(6-8-24)21-17(26)15-13(9-20-23-15)22-16(25)14-11(18)3-2-4-12(14)19/h2-4,9-10H,5-8H2,1H3,(H3-,20,21,22,23,25,26,27,28)",C[S+](=O)([O-])N1CCC(NC(=O)c2[nH]ncc2NC(=O)c2c(Cl)cccc2Cl)CC1,,,NCGC00379060-01,,INACTIVE,LOW,,,,,,,,,,,,,,,MODERATE,LOW,,,HIGH,HIGH,1.9,-3.74,1
MOL3617,,COC(=O)c1[nH]c(=O)c2ccccc2c1-c1ccc[nH]1,"InChI=1S/C15H12N2O3/c1-20-15(19)13-12(11-7-4-8-16-11)9-5-2-3-6-10(9)14(18)17-13/h2-8,16H,1H3,(H,17,18)",COC(=O)c1[nH]c(=O)c2ccccc2c1-c1ccc[nH]1,,,NCGC00385864-01,,INACTIVE,LOW,,,,,,,,,,,,,,,LOW,INACTIVE,,,LOW,INACTIVE,2.27,-3.7,0
MOL407,671.0,CN1CCC[C@@H]1CCO[C@](C)(c1ccccc1)c1ccc(Cl)cc1,"InChI=1S/C21H26ClNO/c1-21(17-7-4-3-5-8-17,18-10-12-19(22)13-11-18)24-16-14-20-9-6-15-23(20)2/h3-5,7-8,10-13,20H,6,9,14-16H2,1-2H3/t20-,21-/m1/s1",CN1CCC[C@@H]1CCO[C@](C)(c1ccccc1)c1ccc(Cl)cc1,clemastine,Clemastine fumarate,NCGC00016710-04,,INACTIVE,LOW,HIGH,HIGH,INACTIVE,LOW,HIGH,HIGH,HIGH,MODERATE,INACTIVE,LOW,LOW,INACTIVE,LOW,INACTIVE,HIGH,LOW,MODERATE,HIGH,LOW,INACTIVE,5.32,-5.93,1
MOL6951,,COc1c2c(cc3c1-c1c(cc4c(c1OC)OCO4)CC(C)C(C)C3)OCO2,"InChI=1S/C22H24O6/c1-11-5-13-7-15-19(27-9-25-15)21(23-3)17(13)18-14(6-12(11)2)8-16-20(22(18)24-4)28-10-26-16/h7-8,11-12H,5-6,9-10H2,1-4H3",COc1c2c(cc3c1-c1c(cc4c(c1OC)OCO4)CC(C)C(C)C3)OCO2,,Schisandrin C,,,INACTIVE,LOW,,,,,,,,,,,LOW,INACTIVE,MODERATE,LOW,LOW,INACTIVE,MODERATE,HIGH,LOW,INACTIVE,4.01,-4.37,0
MOL5223,,COc1cc(NC(=O)c2ccc(-c3ccc(Cl)cc3)o2)cc(OC)c1,"InChI=1S/C19H16ClNO4/c1-23-15-9-14(10-16(11-15)24-2)21-19(22)18-8-7-17(25-18)12-3-5-13(20)6-4-12/h3-11H,1-2H3,(H,21,22)",COc1cc(NC(=O)c2ccc(-c3ccc(Cl)cc3)o2)cc(OC)c1,,,"NCGC00346700-13, NCGC00346700-01",,INACTIVE,LOW,,,,,,,,,HIGH,HIGH,,,,,MODERATE,LOW,,,LOW,INACTIVE,4.4,-4.38,1
MOL6591,,CC(C)C[C@H](NC(=O)[C@@H](NC(=O)c1cccc(-c2ccccc2)n1)[C@@H](C)O)B(O)O,"InChI=1S/C21H28BN3O5/c1-13(2)12-18(22(29)30)24-21(28)19(14(3)26)25-20(27)17-11-7-10-16(23-17)15-8-5-4-6-9-15/h4-11,13-14,18-19,26,29-30H,12H2,1-3H3,(H,24,28)(H,25,27)/t14-,18+,19+/m1/s1",CC(C)C[C@H](NC(=O)[C@@H](NC(=O)c1cccc(-c2ccccc2)n1)[C@@H](C)O)B(O)O,,Delanzomib,"NCGC00346469-05, NCGC00346469-03, NCGC00346469-01",,INACTIVE,LOW,,,,,,,,,HIGH,HIGH,LOW,INACTIVE,LOW,INACTIVE,LOW,INACTIVE,LOW,INACTIVE,HIGH,HIGH,1.75,-3.85,0
MOL8480,,CN1C(=O)C(Cc2ccc3ccccc3c2)NC(=C2C=CC(=O)C=C2)c2cc(Cl)ccc21,"InChI=1S/C27H21ClN2O2/c1-30-25-13-10-21(28)16-23(25)26(19-8-11-22(31)12-9-19)29-24(27(30)32)15-17-6-7-18-4-2-3-5-20(18)14-17/h2-14,16,24,29H,15H2,1H3",CN1C(=O)C(Cc2ccc3ccccc3c2)NC(=C2C=CC(=O)C=C2)c2cc(Cl)ccc21,,,NCGC00387818-01,,INACTIVE,LOW,,,,,,,,,,,,,,,HIGH,LOW,,,MODERATE,MODERATE,5.02,-6.0,1
MOL1875,3064.0,COc1cc(CNC(=O)CCCC/C=C/C(C)C)ccc1O,"InChI=1S/C18H27NO3/c1-14(2)8-6-4-5-7-9-18(21)19-13-15-10-11-16(20)17(12-15)22-3/h6,8,10-12,14,20H,4-5,7,9,13H2,1-3H3,(H,19,21)/b8-6+",COc1cc(CNC(=O)CCCC/C=C/C(C)C)ccc1O,capsaicin,(E)-Capsaicin,"NCGC00017337-18, NCGC00017337-22, NCGC00017337-15",,INACTIVE,LOW,MODERATE,MODERATE,INACTIVE,LOW,INACTIVE,LOW,INACTIVE,LOW,INACTIVE,LOW,LOW,INACTIVE,LOW,INACTIVE,LOW,INACTIVE,LOW,INACTIVE,LOW,INACTIVE,3.8,-4.56,0
MOL785,1276.0,CCCCC/C=C\C/C=C\C/C=C\CCCCC(=O)O,"InChI=1S/C18H30O2/c1-2-3-4-5-6-7-8-9-10-11-12-13-14-15-16-17-18(19)20/h6-7,9-10,12-13H,2-5,8,11,14-17H2,1H3,(H,19,20)/b7-6-,10-9-,13-12-",CCCCC/C=C\C/C=C\C/C=C\CCCCC(=O)O,gamolenic acid,Gamolenic acid,,,LOW,MODERATE,INACTIVE,LOW,INACTIVE,LOW,INACTIVE,LOW,INACTIVE,LOW,,,LOW,INACTIVE,LOW,MODERATE,LOW,INACTIVE,MODERATE,HIGH,LOW,INACTIVE,6.59,-6.04,0
MOL1719,2705.0,Cc1ccc(O)c([C@H](CCN(C(C)C)C(C)C)c2ccccc2)c1,"InChI=1S/C22H31NO/c1-16(2)23(17(3)4)14-13-20(19-9-7-6-8-10-19)21-15-18(5)11-12-22(21)24/h6-12,15-17,20,24H,13-14H2,1-5H3/t20-/m1/s1",Cc1ccc(O)c([C@H](CCN(C(C)C)C(C)C)c2ccccc2)c1,tolterodine,Tolterodine Tartrate,"NCGC00263557-01, NCGC00159519-01",,INACTIVE,LOW,MODERATE,MODERATE,INACTIVE,LOW,MODERATE,HIGH,INACTIVE,LOW,INACTIVE,LOW,LOW,INACTIVE,LOW,INACTIVE,MODERATE,LOW,LOW,INACTIVE,LOW,INACTIVE,5.39,-4.79,1
MOL8514,,N#Cc1cc2cc(CN3CCC(Nc4ncnc5sc(CC(F)(F)F)cc45)CC3)c(O)cc2n1Cc1cn[nH]c1,"InChI=1S/C27H25F3N8OS/c28-27(29,30)9-21-7-22-25(32-15-33-26(22)40-21)36-19-1-3-37(4-2-19)14-18-5-17-6-20(10-31)38(23(17)8-24(18)39)13-16-11-34-35-12-16/h5-8,11-12,15,19,39H,1-4,9,13-14H2,(H,34,35)(H,32,33,36)",N#Cc1cc2cc(CN3CCC(Nc4ncnc5sc(CC(F)(F)F)cc45)CC3)c(O)cc2n1Cc1cn[nH]c1,,,NCGC00510519-01,,INACTIVE,LOW,,,,,,,,,,,,,,,LOW,INACTIVE,,,HIGH,LOW,4.2,-4.35,0
MOL6041,,C=C1C(=O)O[C@@H]2[C@H]1CC(=O)[C@H](C)[C@@](O)(C(=O)/C=C/C)[C@H]2OC(=O)C(C)CC,"InChI=1S/C20H26O7/c1-6-8-15(22)20(25)12(5)14(21)9-13-11(4)19(24)26-16(13)17(20)27-18(23)10(3)7-2/h6,8,10,12-13,16-17,25H,4,7,9H2,1-3,5H3/b8-6+/t10?,12-,13-,16+,17-,20+/m0/s1",C=C1C(=O)O[C@@H]2[C@H]1CC(=O)[C@H](C)[C@@](O)(C(=O)/C=C/C)[C@H]2OC(=O)C(C)CC,,,NCGC00381237-01,,INACTIVE,LOW,,,,,,,,,,,,,,,LOW,INACTIVE,,,HIGH,LOW,1.57,-3.27,0
MOL220,369.0,CNCCCCOc1ccccc1Cc1ccccc1,"InChI=1S/C18H23NO/c1-19-13-7-8-14-20-18-12-6-5-11-17(18)15-16-9-3-2-4-10-16/h2-6,9-12,19H,7-8,13-15H2,1H3",CNCCCCOc1ccccc1Cc1ccccc1,bifemelane,Bifemelane,,,INACTIVE,LOW,MODERATE,HIGH,INACTIVE,LOW,LOW,LOW,LOW,LOW,INACTIVE,LOW,LOW,INACTIVE,LOW,INACTIVE,MODERATE,LOW,LOW,INACTIVE,LOW,INACTIVE,3.67,-5.22,1
MOL2265,4381.0,CN(C)[C@@H](CCOc1cccc2ccccc12)c1ccccc1,"InChI=1S/C21H23NO/c1-22(2)20(18-10-4-3-5-11-18)15-16-23-21-14-8-12-17-9-6-7-13-19(17)21/h3-14,20H,15-16H2,1-2H3/t20-/m0/s1",CN(C)[C@@H](CCOc1cccc2ccccc12)c1ccccc1,dapoxetine,Dapoxetine,NCGC00253658-02,,INACTIVE,LOW,MODERATE,HIGH,INACTIVE,LOW,HIGH,HIGH,INACTIVE,LOW,INACTIVE,LOW,LOW,INACTIVE,LOW,INACTIVE,HIGH,LOW,MODERATE,HIGH,LOW,INACTIVE,4.77,-5.56,1
MOL3985,,CC1=CC(=O)C2C(C)(C)CCC[C@]2(C)[C@H]1CO,"InChI=1S/C15H24O2/c1-10-8-12(17)13-14(2,3)6-5-7-15(13,4)11(10)9-16/h8,11,13,16H,5-7,9H2,1-4H3/t11-,13?,15+/m0/s1",CC1=CC(=O)C2C(C)(C)CCC[C@]2(C)[C@H]1CO,,,NCGC00381144-01,,INACTIVE,LOW,,,,,,,,,,,,,,,LOW,INACTIVE,,,LOW,INACTIVE,2.83,-3.09,0
MOL7682,,CCN(CC)CCCCNc1nc2cc(Cl)c(Cl)cc2nc1-c1ccc(-c2cccs2)s1,"InChI=1S/C24H26Cl2N4S2/c1-3-30(4-2)12-6-5-11-27-24-23(22-10-9-21(32-22)20-8-7-13-31-20)28-18-14-16(25)17(26)15-19(18)29-24/h7-10,13-15H,3-6,11-12H2,1-2H3,(H,27,29)",CCN(CC)CCCCNc1nc2cc(Cl)c(Cl)cc2nc1-c1ccc(-c2cccs2)s1,,,"NCGC00263128-02, NCGC00263128-01",,INACTIVE,LOW,,,,,,,,,INACTIVE,LOW,,,,,MODERATE,LOW,,,LOW,INACTIVE,7.24,-5.53,1
MOL106,186.0,CCN(CC)Cc1cc(Nc2ccnc3cc(Cl)ccc23)ccc1O,"InChI=1S/C20H22ClN3O/c1-3-24(4-2)13-14-11-16(6-8-20(14)25)23-18-9-10-22-19-12-15(21)5-7-17(18)19/h5-12,25H,3-4,13H2,1-2H3,(H,22,23)",CCN(CC)Cc1cc(Nc2ccnc3cc(Cl)ccc23)ccc1O,amodiaquine,Amodiaquin dihydrochloride dihydrate|Amodiaquine,,,INACTIVE,LOW,HIGH,HIGH,INACTIVE,LOW,HIGH,HIGH,LOW,MODERATE,,,LOW,INACTIVE,LOW,INACTIVE,HIGH,HIGH,LOW,MODERATE,LOW,INACTIVE,4.82,-4.61,1
MOL7730,,CCc1cc2c(cc1CC)CC(NCC(O)c1ccc(O)c3[nH]c(=O)ccc13)C2,"InChI=1S/C24H28N2O3/c1-3-14-9-16-11-18(12-17(16)10-15(14)4-2)25-13-22(28)19-5-7-21(27)24-20(19)6-8-23(29)26-24/h5-10,18,22,25,27-28H,3-4,11-13H2,1-2H3,(H,26,29)",CCc1cc2c(cc1CC)CC(NCC(O)c1ccc(O)c3[nH]c(=O)ccc13)C2,,,NCGC00389282-01,,INACTIVE,LOW,,,,,,,,,,,,,,,LOW,INACTIVE,,,LOW,INACTIVE,3.32,-4.69,0
MOL239,402.0,CN(Cc1cc(Br)cc(Br)c1N)C1CCCCC1,"InChI=1S/C14H20Br2N2/c1-18(12-5-3-2-4-6-12)9-10-7-11(15)8-13(16)14(10)17/h7-8,12H,2-6,9,17H2,1H3",CN(Cc1cc(Br)cc(Br)c1N)C1CCCCC1,bromhexine,Bromhexine hydrochloride,"NCGC00178520-13, NCGC00178520-05",,INACTIVE,LOW,LOW,HIGH,INACTIVE,LOW,INACTIVE,LOW,INACTIVE,LOW,INACTIVE,LOW,LOW,INACTIVE,LOW,INACTIVE,HIGH,LOW,MODERATE,LOW,LOW,INACTIVE,4.08,-5.01,1
MOL384,633.0,CC(C)C(=O)OCC(=O)[C@@]12O[C@H](C3CCCCC3)O[C@@H]1C[C@H]1[C@@H]3CCC4=CC(=O)C=C[C@]4(C)[C@H]3[C@@H](O)C[C@@]12C,"InChI=1S/C32H44O7/c1-18(2)28(36)37-17-25(35)32-26(38-29(39-32)19-8-6-5-7-9-19)15-23-22-11-10-20-14-21(33)12-13-30(20,3)27(22)24(34)16-31(23,32)4/h12-14,18-19,22-24,26-27,29,34H,5-11,15-17H2,1-4H3/t22-,23-,24-,26+,27+,29+,30-,31-,32+/m0/s1",CC(C)C(=O)OCC(=O)[C@@]12O[C@H](C3CCCCC3)O[C@@H]1C[C@H]1[C@@H]3CCC4=CC(=O)C=C[C@]4(C)[C@H]3[C@@H](O)C[C@@]12C,ciclesonide,Ciclesonide,NCGC00167972-02,,INACTIVE,LOW,INACTIVE,LOW,INACTIVE,LOW,INACTIVE,LOW,INACTIVE,LOW,,,LOW,INACTIVE,HIGH,HIGH,MODERATE,HIGH,MODERATE,HIGH,LOW,MODERATE,4.08,-5.54,1
MOL340,568.0,Cc1ccc(-c2cc(C(F)(F)F)nn2-c2ccc(S(N)(=O)=O)cc2)cc1,"InChI=1S/C17H14F3N3O2S/c1-11-2-4-12(5-3-11)15-10-16(17(18,19)20)22-23(15)13-6-8-14(9-7-13)26(21,24)25/h2-10H,1H3,(H2,21,24,25)",Cc1ccc(-c2cc(C(F)(F)F)nn2-c2ccc(S(N)(=O)=O)cc2)cc1,celecoxib,Celecoxib,"NCGC00261091-01, NCGC00091455-13, NCGC00091455-08",,INACTIVE,LOW,INACTIVE,LOW,INACTIVE,LOW,INACTIVE,LOW,INACTIVE,LOW,INACTIVE,LOW,LOW,INACTIVE,MODERATE,HIGH,MODERATE,LOW,MODERATE,HIGH,LOW,INACTIVE,3.99,-4.88,1
MOL5781,,C=CC(=O)Nc1cccc(Nc2nc(Nc3ccccc3)ncc2C)c1,"InChI=1S/C20H19N5O/c1-3-18(26)22-16-10-7-11-17(12-16)23-19-14(2)13-21-20(25-19)24-15-8-5-4-6-9-15/h3-13H,1H2,2H3,(H,22,26)(H2,21,23,24,25)",C=CC(=O)Nc1cccc(Nc2nc(Nc3ccccc3)ncc2C)c1,,,NCGC00253869-01,,,,,,,,,,,,,,,,,,LOW,INACTIVE,,,HIGH,MODERATE,3.52,-4.48,0
MOL2524,5222.0,NC(=O)c1cccc2cn(-c3ccc([C@@H]4CCCNC4)cc3)nc12,"InChI=1S/C19H20N4O/c20-19(24)17-5-1-3-15-12-23(22-18(15)17)16-8-6-13(7-9-16)14-4-2-10-21-11-14/h1,3,5-9,12,14,21H,2,4,10-11H2,(H2,20,24)/t14-/m1/s1",NC(=O)c1cccc2cn(-c3ccc([C@@H]4CCCNC4)cc3)nc12,niraparib,Niraparib|MK-4827,"NCGC00346435-04, NCGC00378571-02, NCGC00346435-01",,INACTIVE,LOW,,,,,,,,,INACTIVE,LOW,HIGH,LOW,LOW,INACTIVE,HIGH,LOW,LOW,INACTIVE,LOW,INACTIVE,2.45,-4.33,1
MOL102,180.0,CN(C)CCC=C1c2ccccc2CCc2ccccc21,"InChI=1S/C20H23N/c1-21(2)15-7-12-20-18-10-5-3-8-16(18)13-14-17-9-4-6-11-19(17)20/h3-6,8-12H,7,13-15H2,1-2H3",CN(C)CCC=C1c2ccccc2CCc2ccccc21,amitriptyline,Amitriptyline hydrochloride,NCGC00015095-10,,INACTIVE,LOW,LOW,HIGH,INACTIVE,LOW,LOW,HIGH,INACTIVE,LOW,INACTIVE,LOW,LOW,INACTIVE,LOW,INACTIVE,HIGH,LOW,LOW,INACTIVE,LOW,INACTIVE,5.1,-4.79,1
MOL5435,,CC(C)(Cc1nc(-c2ccc(O)cn2)no1)C(=O)NC1=C(C(=O)O)CCCC1,"InChI=1S/C19H22N4O5/c1-19(2,18(27)21-13-6-4-3-5-12(13)17(25)26)9-15-22-16(23-28-15)14-8-7-11(24)10-20-14/h7-8,10,24H,3-6,9H2,1-2H3,(H,21,27)(H,25,26)",CC(C)(Cc1nc(-c2ccc(O)cn2)no1)C(=O)NC1=C(C(=O)O)CCCC1,,,NCGC00378975-01,,INACTIVE,LOW,,,,,,,,,,,,,,,LOW,INACTIVE,,,LOW,INACTIVE,2.33,-3.23,0
MOL375,621.0,CN(C)CCCN1c2ccccc2Sc2ccc(Cl)cc21,"InChI=1S/C17H19ClN2S/c1-19(2)10-5-11-20-14-6-3-4-7-16(14)21-17-9-8-13(18)12-15(17)20/h3-4,6-9,12H,5,10-11H2,1-2H3",CN(C)CCCN1c2ccccc2Sc2ccc(Cl)cc21,chlorpromazine,Chlorpromazine|Chlorpromazine hydrochloride,NCGC00015273-14,,INACTIVE,LOW,LOW,HIGH,INACTIVE,LOW,LOW,MODERATE,INACTIVE,LOW,INACTIVE,LOW,LOW,INACTIVE,MODERATE,HIGH,MODERATE,LOW,HIGH,HIGH,MODERATE,LOW,5.26,-4.88,1
MOL1211,1943.0,CC(=O)Oc1ccccc1C(=O)Nc1ncc([N+](=O)[O-])s1,"InChI=1S/C12H9N3O5S/c1-7(16)20-9-5-3-2-4-8(9)11(17)14-12-13-6-10(21-12)15(18)19/h2-6H,1H3,(H,13,14,17)",CC(=O)Oc1ccccc1C(=O)Nc1ncc([N+](=O)[O-])s1,nitazoxanide,Nitazoxanide,"NCGC00090774-12, NCGC00090774-03",,INACTIVE,LOW,MODERATE,HIGH,HIGH,HIGH,HIGH,HIGH,LOW,MODERATE,INACTIVE,LOW,LOW,INACTIVE,MODERATE,HIGH,MODERATE,HIGH,HIGH,HIGH,MODERATE,HIGH,2.15,-4.61,1
MOL99,176.0,CCCCc1oc2ccccc2c1C(=O)c1cc(I)c(OCCN(CC)CC)c(I)c1,"InChI=1S/C25H29I2NO3/c1-4-7-11-22-23(18-10-8-9-12-21(18)31-22)24(29)17-15-19(26)25(20(27)16-17)30-14-13-28(5-2)6-3/h8-10,12,15-16H,4-7,11,13-14H2,1-3H3",CCCCc1oc2ccccc2c1C(=O)c1cc(I)c(OCCN(CC)CC)c(I)c1,amiodarone,Amiodarone hydrochloride,"NCGC00015096-10, NCGC00015096-27, NCGC00015096-11",,INACTIVE,LOW,MODERATE,HIGH,INACTIVE,LOW,HIGH,HIGH,INACTIVE,LOW,INACTIVE,LOW,LOW,INACTIVE,HIGH,HIGH,HIGH,LOW,HIGH,HIGH,HIGH,LOW,6.5,-5.13,1
MOL1486,2357.0,Cn1cc(C(=O)[C@@H]2CCc3nc[nH]c3C2)c2ccccc21,"InChI=1S/C17H17N3O/c1-20-9-13(12-4-2-3-5-16(12)20)17(21)11-6-7-14-15(8-11)19-10-18-14/h2-5,9-11H,6-8H2,1H3,(H,18,19)/t11-/m1/s1",Cn1cc(C(=O)[C@@H]2CCc3nc[nH]c3C2)c2ccccc21,ramosetron,Ramosetron hydrochloride,,,INACTIVE,LOW,MODERATE,MODERATE,INACTIVE,LOW,INACTIVE,LOW,INACTIVE,LOW,INACTIVE,LOW,LOW,INACTIVE,MODERATE,HIGH,LOW,INACTIVE,MODERATE,HIGH,LOW,INACTIVE,2.24,-3.61,0
MOL9486,,CC(C)CCC[C@@H](C)[C@H]1CC[C@H]2[C@@H]3CC=C4C[C@@H](OC(=O)NCCN(C)C)CC[C@]4(C)[C@H]3CC[C@@]21C,"InChI=1S/C32H56N2O2/c1-22(2)9-8-10-23(3)27-13-14-28-26-12-11-24-21-25(36-30(35)33-19-20-34(6)7)15-17-31(24,4)29(26)16-18-32(27,28)5/h11,22-23,25-29H,8-10,12-21H2,1-7H3,(H,33,35)/t23-,25+,26+,27-,28+,29+,31+,32-/m1/s1",CC(C)CCC[C@@H](C)[C@H]1CC[C@H]2[C@@H]3CC=C4C[C@@H](OC(=O)NCCN(C)C)CC[C@]4(C)[C@H]3CC[C@@]21C,,,NCGC00485229-01,,INACTIVE,LOW,,,,,,,,,,,,,,,HIGH,LOW,,,LOW,LOW,7.0,-6.94,1
MOL4640,,NC(=O)c1nc(Nc2ccccc2)sc1NC(=O)C1CCCCC1,"InChI=1S/C17H20N4O2S/c18-14(22)13-16(21-15(23)11-7-3-1-4-8-11)24-17(20-13)19-12-9-5-2-6-10-12/h2,5-6,9-11H,1,3-4,7-8H2,(H2,18,22)(H,19,20)(H,21,23)",NC(=O)c1nc(Nc2ccccc2)sc1NC(=O)C1CCCCC1,,,NCGC00387258-04,,INACTIVE,LOW,,,,,,,,,,,,,,,MODERATE,LOW,,,LOW,INACTIVE,3.04,-4.48,1
MOL5478,,CC(C(O)c1ccccc1)N(C)C/C=C/c1ccccc1,"InChI=1S/C19H23NO/c1-16(19(21)18-13-7-4-8-14-18)20(2)15-9-12-17-10-5-3-6-11-17/h3-14,16,19,21H,15H2,1-2H3/b12-9+",CC(C(O)c1ccccc1)N(C)C/C=C/c1ccccc1,,Cinnamedrine,,,INACTIVE,LOW,MODERATE,LOW,INACTIVE,LOW,LOW,MODERATE,INACTIVE,LOW,INACTIVE,LOW,LOW,INACTIVE,LOW,INACTIVE,LOW,INACTIVE,LOW,HIGH,LOW,INACTIVE,3.72,-3.82,0
MOL8621,,Cc1ccc([S+](=O)([O-])NCc2ccc(C(=O)NCCN(Cc3ccccc3)C(C)C)cc2)cc1,"InChI=1S/C27H33N3O3S/c1-21(2)30(20-24-7-5-4-6-8-24)18-17-28-27(31)25-13-11-23(12-14-25)19-29-34(32,33)26-15-9-22(3)10-16-26/h4-16,21H,17-20H2,1-3H3,(H2-,28,29,31,32,33)",Cc1ccc([S+](=O)([O-])NCc2ccc(C(=O)NCCN(Cc3ccccc3)C(C)C)cc2)cc1,,,NCGC00386887-01,,INACTIVE,LOW,,,,,,,,,,,,,,,LOW,INACTIVE,,,LOW,INACTIVE,3.5,-5.91,0
MOL3167,,COc1ccc(Cl)cc1-c1cc(=O)[nH]c(=S)n1CC(N)=O,"InChI=1S/C13H12ClN3O3S/c1-20-10-3-2-7(14)4-8(10)9-5-12(19)16-13(21)17(9)6-11(15)18/h2-5H,6H2,1H3,(H2,15,18)(H,16,19,21)",COc1ccc(Cl)cc1-c1cc(=O)[nH]c(=S)n1CC(N)=O,,,NCGC00521070-01,,INACTIVE,LOW,,,,,,,,,,,,,,,LOW,INACTIVE,,,LOW,INACTIVE,1.78,-4.25,0
MOL9128,,CCOc1ccccc1-n1c(C(C)N2CCN(C(=O)COc3ccc(Cl)cc3)CC2)nc2ccccc2c1=O,"InChI=1S/C30H31ClN4O4/c1-3-38-27-11-7-6-10-26(27)35-29(32-25-9-5-4-8-24(25)30(35)37)21(2)33-16-18-34(19-17-33)28(36)20-39-23-14-12-22(31)13-15-23/h4-15,21H,3,16-20H2,1-2H3",CCOc1ccccc1-n1c(C(C)N2CCN(C(=O)COc3ccc(Cl)cc3)CC2)nc2ccccc2c1=O,,,"NCGC00351608-02, NCGC00351608-10",,INACTIVE,LOW,,,,,,,,,,,,,,,MODERATE,LOW,,,LOW,INACTIVE,4.39,-4.69,1
MOL4239,,CC1CCC/C=C/C(=O)c2c(O)cc(O)cc2CC(=O)O1,"InChI=1S/C16H18O5/c1-10-5-3-2-4-6-13(18)16-11(8-15(20)21-10)7-12(17)9-14(16)19/h4,6-7,9-10,17,19H,2-3,5,8H2,1H3/b6-4-",CC1CCC/C=C/C(=O)c2c(O)cc(O)cc2CC(=O)O1,,,NCGC00380665-01,,INACTIVE,LOW,,,,,,,,,,,,,,,MODERATE,HIGH,,,HIGH,LOW,2.83,-3.12,1
MOL6177,,c1cc(OCCCN2CCCCC2)ccc1CN1CCCCC1,"InChI=1S/C20H32N2O/c1-3-12-21(13-4-1)16-7-17-23-20-10-8-19(9-11-20)18-22-14-5-2-6-15-22/h8-11H,1-7,12-18H2",c1cc(OCCCN2CCCCC2)ccc1CN1CCCCC1,,,NCGC00371012-01,,INACTIVE,LOW,,,,,,,,,,,,,,,MODERATE,LOW,,,LOW,INACTIVE,4.15,-4.11,1
MOL222,371.0,CCNC(=O)CCC/C=C\C[C@H]1[C@@H](O)C[C@@H](O)[C@@H]1/C=C/[C@@H](O)CCc1ccccc1,"InChI=1S/C25H37NO4/c1-2-26-25(30)13-9-4-3-8-12-21-22(24(29)18-23(21)28)17-16-20(27)15-14-19-10-6-5-7-11-19/h3,5-8,10-11,16-17,20-24,27-29H,2,4,9,12-15,18H2,1H3,(H,26,30)/b8-3-,17-16+/t20-,21+,22+,23-,24+/m0/s1",CCNC(=O)CCC/C=C\C[C@H]1[C@@H](O)C[C@@H](O)[C@@H]1/C=C/[C@@H](O)CCc1ccccc1,bimatoprost,Bimatoprost,"NCGC00346520-02, NCGC00346520-01",,INACTIVE,LOW,INACTIVE,LOW,INACTIVE,LOW,INACTIVE,LOW,INACTIVE,LOW,INACTIVE,LOW,LOW,INACTIVE,LOW,INACTIVE,LOW,INACTIVE,LOW,INACTIVE,LOW,INACTIVE,3.41,-4.38,0
MOL1746,2740.0,CN1CCN(CCCN2c3ccccc3Sc3ccc(C(F)(F)F)cc32)CC1,"InChI=1S/C21H24F3N3S/c1-25-11-13-26(14-12-25)9-4-10-27-17-5-2-3-6-19(17)28-20-8-7-16(15-18(20)27)21(22,23)24/h2-3,5-8,15H,4,9-14H2,1H3",CN1CCN(CCCN2c3ccccc3Sc3ccc(C(F)(F)F)cc32)CC1,trifluoperazine,Trifluoperazine hydrochloride,"NCGC00186653-01, NCGC00261917-01, NCGC00013226-32, NCGC00013226-15",,INACTIVE,LOW,LOW,HIGH,INACTIVE,LOW,HIGH,HIGH,LOW,MODERATE,HIGH,HIGH,LOW,INACTIVE,HIGH,HIGH,HIGH,LOW,HIGH,HIGH,HIGH,LOW,4.88,-4.67,1
MOL4172,,CC(C)n1cnc2c(NCc3cccc(C(F)(F)F)c3)ncnc21,"InChI=1S/C16H16F3N5/c1-10(2)24-9-23-13-14(21-8-22-15(13)24)20-7-11-4-3-5-12(6-11)16(17,18)19/h3-6,8-10H,7H2,1-2H3,(H,20,21,22)",CC(C)n1cnc2c(NCc3cccc(C(F)(F)F)c3)ncnc21,,,NCGC00487170-01,,,,,,,,,,,,,,,,,,LOW,INACTIVE,,,LOW,INACTIVE,3.15,-4.1,0
MOL9944,,CC1(C)CCC(CN2CCN(c3ccc(C(=O)N[S+](=O)([O-])c4ccc(NCC5CCOCC5)c([N+](=O)[O-])c4)c(Oc4cnc5[nH]ccc5c4)c3)CC2)=C(c2ccc(Cl)cc2)C1,"InChI=1S/C45H50ClN7O7S/c1-45(2)15-11-33(39(26-45)31-3-5-34(46)6-4-31)29-51-17-19-52(20-18-51)35-7-9-38(42(24-35)60-36-23-32-12-16-47-43(32)49-28-36)44(54)50-61(57,58)37-8-10-40(41(25-37)53(55)56)48-27-30-13-21-59-22-14-30/h3-10,12,16,23-25,28,30H,11,13-15,17-22,26-27,29H2,1-2H3,(H3-,47,48,49,50,54,57,58)",CC1(C)CCC(CN2CCN(c3ccc(C(=O)N[S+](=O)([O-])c4ccc(NCC5CCOCC5)c([N+](=O)[O-])c4)c(Oc4cnc5[nH]ccc5c4)c3)CC2)=C(c2ccc(Cl)cc2)C1,,Venetoclax (ABT-199),,,LOW,HIGH,MODERATE,LOW,INACTIVE,LOW,INACTIVE,LOW,INACTIVE,LOW,,,LOW,MODERATE,HIGH,HIGH,LOW,INACTIVE,HIGH,HIGH,LOW,INACTIVE,6.92,-5.98,0
MOL9545,,CC(C)(C)Sc1c(CC(C)(C)C(=O)O)n(Cc2ccc(Cl)cc2)c2ccc(OCc3ccc4ccccc4n3)cc12,"InChI=1S/C34H35ClN2O3S/c1-33(2,3)41-31-27-18-26(40-21-25-15-12-23-8-6-7-9-28(23)36-25)16-17-29(27)37(20-22-10-13-24(35)14-11-22)30(31)19-34(4,5)32(38)39/h6-18H,19-21H2,1-5H3,(H,38,39)",CC(C)(C)Sc1c(CC(C)(C)C(=O)O)n(Cc2ccc(Cl)cc2)c2ccc(OCc3ccc4ccccc4n3)cc12,,,"NCGC00379068-03, NCGC00379068-01",,INACTIVE,LOW,,,,,,,,,,,,,,,LOW,INACTIVE,,,HIGH,LOW,7.8,-6.53,0
MOL5180,,Cn1cc(C2=C(c3ccc(Cl)cc3Cl)C(=O)NC2=O)c2ccccc21,"InChI=1S/C19H12Cl2N2O2/c1-23-9-13(11-4-2-3-5-15(11)23)17-16(18(24)22-19(17)25)12-7-6-10(20)8-14(12)21/h2-9H,1H3,(H,22,24,25)",Cn1cc(C2=C(c3ccc(Cl)cc3Cl)C(=O)NC2=O)c2ccccc21,,,"NCGC00015949-05, NCGC00015949-07",,INACTIVE,LOW,,,,,,,,,,,,,,,LOW,INACTIVE,,,LOW,INACTIVE,4.46,-5.08,0
MOL8687,,CCC(C)C(=O)OC12C(OC(C)=O)C(C)C3(O)C(C=C(CO)CC4(O)C(=O)C(C)=CC43)C1C2(C)C,"InChI=1S/C27H38O8/c1-8-13(2)23(31)35-27-20(24(27,6)7)18-10-17(12-28)11-25(32)19(9-14(3)21(25)30)26(18,33)15(4)22(27)34-16(5)29/h9-10,13,15,18-20,22,28,32-33H,8,11-12H2,1-7H3",CCC(C)C(=O)OC12C(OC(C)=O)C(C)C3(O)C(C=C(CO)CC4(O)C(=O)C(C)=CC43)C1C2(C)C,,,NCGC00380715-01,,INACTIVE,LOW,,,,,,,,,,,,,,,MODERATE,HIGH,,,LOW,INACTIVE,2.16,-3.6,1
MOL383,630.0,c1ccc(C2(c3ccccc3)CC2C2=NCCN2)cc1,"InChI=1S/C18H18N2/c1-3-7-14(8-4-1)18(15-9-5-2-6-10-15)13-16(18)17-19-11-12-20-17/h1-10,16H,11-13H2,(H,19,20)",c1ccc(C2(c3ccccc3)CC2C2=NCCN2)cc1,cibenzoline,Cibenzoline succinate,NCGC00162222-03,,INACTIVE,LOW,HIGH,LOW,INACTIVE,LOW,INACTIVE,LOW,INACTIVE,LOW,,,LOW,INACTIVE,LOW,INACTIVE,LOW,INACTIVE,LOW,INACTIVE,LOW,INACTIVE,3.97,-4.73,0
MOL5944,,CCC(=O)c1ccc2c(c1)N(CCCN(C)C)c1ccccc1S2,"InChI=1S/C20H24N2OS/c1-4-18(23)15-10-11-20-17(14-15)22(13-7-12-21(2)3)16-8-5-6-9-19(16)24-20/h5-6,8-11,14H,4,7,12-13H2,1-3H3",CCC(=O)c1ccc2c(c1)N(CCCN(C)C)c1ccccc1S2,,Propionylpromazine hydrochloride,NCGC00015838-04,,INACTIVE,LOW,LOW,HIGH,INACTIVE,LOW,MODERATE,HIGH,MODERATE,MODERATE,INACTIVE,LOW,LOW,INACTIVE,LOW,INACTIVE,MODERATE,LOW,MODERATE,HIGH,LOW,INACTIVE,4.75,-4.8,1
MOL9351,,CCC(C)C(=O)OC1CC(O)C23C4OCC5(C(O)CC2C1(C)C(O)O4)C3C(=O)CC1(C)C(c2ccoc2)CC2OC215,"InChI=1S/C31H40O10/c1-5-14(2)24(35)39-21-10-20(34)30-18-9-19(33)29(13-38-26(30)40-25(36)28(18,21)4)23(30)17(32)11-27(3)16(15-6-7-37-12-15)8-22-31(27,29)41-22/h6-7,12,14,16,18-23,25-26,33-34,36H,5,8-11,13H2,1-4H3",CCC(C)C(=O)OC1CC(O)C23C4OCC5(C(O)CC2C1(C)C(O)O4)C3C(=O)CC1(C)C(c2ccoc2)CC2OC215,,,NCGC00381227-01,,INACTIVE,LOW,,,,,,,,,,,,,,,HIGH,HIGH,,,LOW,INACTIVE,1.67,-3.08,1
MOL3731,,COc1c(C)c(OCC=C(C)C)cc2c1C(=O)NC2=O,"InChI=1S/C15H17NO4/c1-8(2)5-6-20-11-7-10-12(13(19-4)9(11)3)15(18)16-14(10)17/h5,7H,6H2,1-4H3,(H,16,17,18)",COc1c(C)c(OCC=C(C)C)cc2c1C(=O)NC2=O,,,NCGC00380986-01,,INACTIVE,LOW,,,,,,,,,,,,,,,LOW,INACTIVE,,,LOW,INACTIVE,1.89,-3.35,0
MOL8217,,CN1CCCN(C(=O)c2cccc(-c3ccc(/C=C4/C(=O)Nc5ccc(Cl)cc54)o3)c2)CC1,"InChI=1S/C26H24ClN3O3/c1-29-10-3-11-30(13-12-29)26(32)18-5-2-4-17(14-18)24-9-7-20(33-24)16-22-21-15-19(27)6-8-23(21)28-25(22)31/h2,4-9,14-16H,3,10-13H2,1H3,(H,28,31)/b22-16+",CN1CCCN(C(=O)c2cccc(-c3ccc(/C=C4/C(=O)Nc5ccc(Cl)cc54)o3)c2)CC1,,,"NCGC00346935-09, NCGC00346935-01",,INACTIVE,LOW,,,,,,,,,INACTIVE,LOW,,,,,LOW,INACTIVE,,,HIGH,HIGH,4.35,-4.14,0
MOL4233,,CC(C)(C)n1nc(Cc2cccc([N+](=O)[O-])c2)c2c(N)ncnc21,"InChI=1S/C16H18N6O2/c1-16(2,3)21-15-13(14(17)18-9-19-15)12(20-21)8-10-5-4-6-11(7-10)22(23)24/h4-7,9H,8H2,1-3H3,(H2,17,18,19)",CC(C)(C)n1nc(Cc2cccc([N+](=O)[O-])c2)c2c(N)ncnc21,,,NCGC00262625-01,,,,,,,,,,,,,,,,,,LOW,INACTIVE,,,LOW,INACTIVE,2.75,-3.57,0
MOL7134,,C=C1[C@H]2CCC3[C@]4(C)CCC[C@@](C)(C(=O)O)C4CC[C@]3(C2)[C@H]1OC(C)=O,"InChI=1S/C22H32O4/c1-13-15-6-7-17-20(3)9-5-10-21(4,19(24)25)16(20)8-11-22(17,12-15)18(13)26-14(2)23/h15-18H,1,5-12H2,2-4H3,(H,24,25)/t15-,16?,17?,18-,20+,21+,22+/m0/s1",C=C1[C@H]2CCC3[C@]4(C)CCC[C@@](C)(C(=O)O)C4CC[C@]3(C2)[C@H]1OC(C)=O,,,NCGC00380860-01,,INACTIVE,LOW,,,,,,,,,,,,,,,LOW,INACTIVE,,,LOW,INACTIVE,4.16,-5.45,0
MOL104,183.0,CCOC(=O)C1=C(COCCN)NC(C)=C(C(=O)OC)C1c1ccccc1Cl,"InChI=1S/C20H25ClN2O5/c1-4-28-20(25)18-15(11-27-10-9-22)23-12(2)16(19(24)26-3)17(18)13-7-5-6-8-14(13)21/h5-8,17,23H,4,9-11,22H2,1-3H3",CCOC(=O)C1=C(COCCN)NC(C)=C(C(=O)OC)C1c1ccccc1Cl,amlodipine,Amlodipine,,,INACTIVE,LOW,LOW,LOW,INACTIVE,LOW,INACTIVE,LOW,INACTIVE,LOW,,,LOW,INACTIVE,MODERATE,LOW,HIGH,LOW,MODERATE,HIGH,LOW,INACTIVE,2.22,-4.74,1
MOL7259,,O=C(/C=C/c1ccc(Cl)cc1)N1CCC2(CC1)CN(Cc1ccc(Cl)c(Cl)c1)C(=O)O2,"InChI=1S/C23H21Cl3N2O3/c24-18-5-1-16(2-6-18)4-8-21(29)27-11-9-23(10-12-27)15-28(22(30)31-23)14-17-3-7-19(25)20(26)13-17/h1-8,13H,9-12,14-15H2/b8-4+",O=C(/C=C/c1ccc(Cl)cc1)N1CCC2(CC1)CN(Cc1ccc(Cl)c(Cl)c1)C(=O)O2,,,NCGC00510481-01,,INACTIVE,LOW,,,,,,,,,,,,,,,HIGH,LOW,,,MODERATE,LOW,4.42,-5.77,1
MOL3127,,CC(=O)c1cc([N+](=O)[O-])c(Sc2ccc(F)cc2F)s1,"InChI=1S/C12H7F2NO3S2/c1-6(16)11-5-9(15(17)18)12(20-11)19-10-3-2-7(13)4-8(10)14/h2-5H,1H3",CC(=O)c1cc([N+](=O)[O-])c(Sc2ccc(F)cc2F)s1,,P 22077,,,INACTIVE,LOW,,,,,,,,,,,LOW,INACTIVE,LOW,INACTIVE,LOW,INACTIVE,MODERATE,HIGH,LOW,INACTIVE,3.66,-5.05,0
MOL5883,,CC(C)(O)C1Cc2c(ccc(C(=O)CCc3ccccc3)c2O)O1,"InChI=1S/C20H22O4/c1-20(2,23)18-12-15-17(24-18)11-9-14(19(15)22)16(21)10-8-13-6-4-3-5-7-13/h3-7,9,11,18,22-23H,8,10,12H2,1-2H3",CC(C)(O)C1Cc2c(ccc(C(=O)CCc3ccccc3)c2O)O1,,,NCGC00385629-01,,INACTIVE,LOW,,,,,,,,,,,,,,,LOW,INACTIVE,,,LOW,INACTIVE,3.35,-3.93,0
MOL7101,,CN(C)c1cc2c(cc1Sc1nc3c(N)nccc3n1CCNCC(C)(C)C)OCO2,"InChI=1S/C22H30N6O2S/c1-22(2,3)12-24-8-9-28-14-6-7-25-20(23)19(14)26-21(28)31-18-11-17-16(29-13-30-17)10-15(18)27(4)5/h6-7,10-11,24H,8-9,12-13H2,1-5H3,(H2,23,25)",CN(C)c1cc2c(cc1Sc1nc3c(N)nccc3n1CCNCC(C)(C)C)OCO2,,,"NCGC00387824-03, NCGC00387824-01",,MODERATE,LOW,,,,,,,,,,,,,,,HIGH,MODERATE,,,MODERATE,MODERATE,3.34,-3.7,1
MOL948,1548.0,CS(=O)(=O)CCNCc1ccc(-c2ccc3ncnc(Nc4ccc(OCc5cccc(F)c5)c(Cl)c4)c3c2)o1,"InChI=1S/C29H26ClFN4O4S/c1-40(36,37)12-11-32-16-23-7-10-27(39-23)20-5-8-26-24(14-20)29(34-18-33-26)35-22-6-9-28(25(30)15-22)38-17-19-3-2-4-21(31)13-19/h2-10,13-15,18,32H,11-12,16-17H2,1H3,(H,33,34,35)",CS(=O)(=O)CCNCc1ccc(-c2ccc3ncnc(Nc4ccc(OCc5cccc(F)c5)c(Cl)c4)c3c2)o1,lapatinib,Lapatinib,"NCGC00167507-09, NCGC00167507-13, NCGC00167507-03",,INACTIVE,LOW,MODERATE,MODERATE,INACTIVE,LOW,INACTIVE,LOW,INACTIVE,LOW,MODERATE,LOW,LOW,INACTIVE,HIGH,HIGH,MODERATE,LOW,HIGH,HIGH,HIGH,HIGH,5.18,-4.42,1
MOL1753,2749.0,CC(CN(C)C)CN1c2ccccc2Sc2ccccc21,"InChI=1S/C18H22N2S/c1-14(12-19(2)3)13-20-15-8-4-6-10-17(15)21-18-11-7-5-9-16(18)20/h4-11,14H,12-13H2,1-3H3",CC(CN(C)C)CN1c2ccccc2Sc2ccccc21,alimemazine,Trimeprazine tartrate,,,INACTIVE,LOW,MODERATE,HIGH,INACTIVE,LOW,LOW,MODERATE,INACTIVE,LOW,INACTIVE,LOW,LOW,INACTIVE,LOW,MODERATE,HIGH,LOW,MODERATE,HIGH,LOW,INACTIVE,4.98,-4.55,1
MOL4726,,CC1(C)CC(NC(=O)C(=O)Nc2ccc(Cl)cc2)CC(C)(C)N1,"InChI=1S/C17H24ClN3O2/c1-16(2)9-13(10-17(3,4)21-16)20-15(23)14(22)19-12-7-5-11(18)6-8-12/h5-8,13,21H,9-10H2,1-4H3,(H,19,22)(H,20,23)",CC1(C)CC(NC(=O)C(=O)Nc2ccc(Cl)cc2)CC(C)(C)N1,,NBD 556,NCGC00378746-02,,INACTIVE,LOW,,,,,,,,,,,LOW,INACTIVE,LOW,INACTIVE,LOW,INACTIVE,LOW,INACTIVE,LOW,INACTIVE,2.47,-4.36,0
MOL7565,,Cn1c(Nc2ccc(C(F)(F)F)cc2)nc2cc(Oc3ccnc(-c4nc(C(F)(F)F)c[nH]4)c3)ccc21,"InChI=1S/C24H16F6N6O/c1-36-19-7-6-15(10-17(19)34-22(36)33-14-4-2-13(3-5-14)23(25,26)27)37-16-8-9-31-18(11-16)21-32-12-20(35-21)24(28,29)30/h2-12H,1H3,(H,32,35)(H,33,34)",Cn1c(Nc2ccc(C(F)(F)F)cc2)nc2cc(Oc3ccnc(-c4nc(C(F)(F)F)c[nH]4)c3)ccc21,,,"NCGC00250407-05, NCGC00250407-01",,INACTIVE,LOW,,,,,,,,,MODERATE,LOW,,,,,LOW,LOW,,,HIGH,MODERATE,6.01,-5.26,0
MOL8365,,CN[C@@H](C)C(=O)N[C@H](C(=O)N1CCC[C@H]1c1nc(C(=O)c2ccc(F)cc2)cs1)C1CCCCC1,"InChI=1S/C26H33FN4O3S/c1-16(28-2)24(33)30-22(17-7-4-3-5-8-17)26(34)31-14-6-9-21(31)25-29-20(15-35-25)23(32)18-10-12-19(27)13-11-18/h10-13,15-17,21-22,28H,3-9,14H2,1-2H3,(H,30,33)/t16-,21-,22-/m0/s1",CN[C@@H](C)C(=O)N[C@H](C(=O)N1CCC[C@H]1c1nc(C(=O)c2ccc(F)cc2)cs1)C1CCCCC1,,,NCGC00378579-06,,INACTIVE,LOW,,,,,,,,,,,,,,,MODERATE,LOW,,,LOW,INACTIVE,3.55,-5.21,1
MOL1901,3123.0,CC1CCCCN1CCCOC(=O)c1ccc(OC2CCCCC2)cc1,"InChI=1S/C22H33NO3/c1-18-8-5-6-15-23(18)16-7-17-25-22(24)19-11-13-21(14-12-19)26-20-9-3-2-4-10-20/h11-14,18,20H,2-10,15-17H2,1H3",CC1CCCCN1CCCOC(=O)c1ccc(OC2CCCCC2)cc1,cyclomethycaine,Cyclomethycaine,,,INACTIVE,LOW,LOW,HIGH,INACTIVE,LOW,LOW,HIGH,INACTIVE,LOW,INACTIVE,LOW,LOW,INACTIVE,LOW,INACTIVE,HIGH,HIGH,LOW,INACTIVE,LOW,INACTIVE,5.57,-5.26,1
MOL2193,4189.0,CCCCCC(=O)O[C@]1(C(C)=O)CC[C@H]2[C@@H]3CCC4=CC(=O)CC[C@]4(C)[C@H]3CC[C@@]21C,"InChI=1S/C27H40O4/c1-5-6-7-8-24(30)31-27(18(2)28)16-13-23-21-10-9-19-17-20(29)11-14-25(19,3)22(21)12-15-26(23,27)4/h17,21-23H,5-16H2,1-4H3/t21-,22+,23+,25+,26+,27+/m1/s1",CCCCCC(=O)O[C@]1(C(C)=O)CC[C@H]2[C@@H]3CCC4=CC(=O)CC[C@]4(C)[C@H]3CC[C@@]21C,hydroxyprogesterone caproate,Hydroxyprogesterone caproate,,,INACTIVE,LOW,MODERATE,MODERATE,INACTIVE,LOW,LOW,HIGH,INACTIVE,LOW,INACTIVE,LOW,LOW,INACTIVE,LOW,INACTIVE,MODERATE,LOW,LOW,MODERATE,HIGH,LOW,4.81,-5.7,1
MOL208,352.0,CCCC(=O)O[C@]1(C(=O)COC(=O)CC)[C@@H](C)C[C@H]2[C@@H]3CCC4=CC(=O)C=C[C@]4(C)[C@@]3(F)[C@@H](O)C[C@@]21C,"InChI=1S/C29H39FO7/c1-6-8-25(35)37-29(23(33)16-36-24(34)7-2)17(3)13-21-20-10-9-18-14-19(31)11-12-26(18,4)28(20,30)22(32)15-27(21,29)5/h11-12,14,17,20-22,32H,6-10,13,15-16H2,1-5H3/t17-,20-,21-,22-,26-,27-,28-,29-/m0/s1",CCCC(=O)O[C@]1(C(=O)COC(=O)CC)[C@@H](C)C[C@H]2[C@@H]3CCC4=CC(=O)C=C[C@]4(C)[C@@]3(F)[C@@H](O)C[C@@]21C,betamethasone butyrate propionate,Betamethasone butyrate propionate,,,INACTIVE,LOW,INACTIVE,LOW,INACTIVE,LOW,INACTIVE,LOW,INACTIVE,LOW,,,LOW,INACTIVE,MODERATE,HIGH,LOW,INACTIVE,MODERATE,HIGH,LOW,INACTIVE,3.92,-5.11,0
MOL1346,2136.0,CC(COc1ccccc1)N(CCCl)Cc1ccccc1,"InChI=1S/C18H22ClNO/c1-16(15-21-18-10-6-3-7-11-18)20(13-12-19)14-17-8-4-2-5-9-17/h2-11,16H,12-15H2,1H3",CC(COc1ccccc1)N(CCCl)Cc1ccccc1,phenoxybenzamine,Phenoxybenzamine hydrochloride,"NCGC00015121-25, NCGC00015121-16",,INACTIVE,LOW,INACTIVE,LOW,INACTIVE,LOW,INACTIVE,LOW,INACTIVE,LOW,INACTIVE,LOW,LOW,INACTIVE,LOW,INACTIVE,LOW,INACTIVE,MODERATE,LOW,LOW,INACTIVE,4.26,-4.47,0
MOL3341,,N[S+](=O)([O-])c1ccc([S+](=O)([O-])Nc2cccc3c(Cl)c[nH]c23)cc1,"InChI=1S/C14H12ClN3O4S2/c15-12-8-17-14-11(12)2-1-3-13(14)18-24(21,22)10-6-4-9(5-7-10)23(16,19)20/h1-8,17H,(H3-2,16,18,19,20,21,22)",N[S+](=O)([O-])c1ccc([S+](=O)([O-])Nc2cccc3c(Cl)c[nH]c23)cc1,,,NCGC00390261-01,,INACTIVE,LOW,,,,,,,,,,,,,,,LOW,INACTIVE,,,LOW,INACTIVE,2.21,-4.26,0
MOL6375,,COc1cc(/C=C/C(=O)CC(=O)/C=C/c2ccc(O)c(OC)c2)ccc1O,"InChI=1S/C21H20O6/c1-26-20-11-14(5-9-18(20)24)3-7-16(22)13-17(23)8-4-15-6-10-19(25)21(12-15)27-2/h3-12,24-25H,13H2,1-2H3/b7-3+,8-4+",COc1cc(/C=C/C(=O)CC(=O)/C=C/c2ccc(O)c(OC)c2)ccc1O,,Curcumin,NCGC00017159-08,,INACTIVE,LOW,,,,,,,,,LOW,MODERATE,LOW,INACTIVE,HIGH,HIGH,MODERATE,LOW,HIGH,HIGH,HIGH,LOW,3.62,-4.81,1
