,SAMPLE_ID,SAMPLE_NAME,SMILES_stand,PUBCHEM_SID,PRIMARY_MOA,ASSAY_NAME,LIBRARY,CAS,ALIAS,AC50(uM),LOG_AC50,AUC,CURVE_CLASS2,DATA_POINTS,DRUG_NAME,EFFICACY,MAX_RESPONSE,P_HILL,R2,GENE_ID,GENE_SYMBOL,SMILES,SUPPLIER,SUPPLIER_ID,DATA0,DATA1,DATA2,DATA3,DATA4,DATA5,DATA6,DATA7,DATA8,DATA9,DATA10,DATA11,DATA12,DATA13,DATA14,CONC0(M),CONC1(M),CONC2(M),CONC3(M),CONC4(M),CONC5(M),CONC6(M),CONC7(M),CONC8(M),CONC9(M),CONC10(M),CONC11(M),CONC12(M),CONC13(M),CONC14(M),3CL_enzymatic_activity.ACTIVITY_CLASS,Label
0,NCGC00160527-12,NCGC00160527-12,CCOc1cc(N)c(Cl)cc1C(=O)NCC1CN(Cc2ccc(F)cc2)CCO1,384568198.0,,3CL enzymatic activity,Annotated/Bioactive Compound Collection,112885-42-4,,,,-2.1478192954,4.0,4,,0.0,-8.98890109,,,,HTR4,CCOC1=CC(=C(Cl)C=C1C(=O)NCC2CN(CCO2)CC3=CC=C(F)C=C3)N,MedChem Express,HY-B0189A,0.0,0.0,0.0,-8.98890109,,,,,,,,,,,,7.0499999999e-07,2.12e-06,1.8999999999e-05,5.710000000000001e-05,,,,,,,,,,,,LOW,0
1,NCGC00183016-01,Cefteram,CON=C(C(=O)NC1C(=O)N2C(C(=O)O)=C(Cn3nnc(C)n3)CSC12)c1csc(N)n1,144206853.0,,3CL enzymatic activity,Approved Drugs Collection (NPC),82547-58-8,Cefteram; Ro 19-5247; Cefteram Pivoxil; Ro-19-5247; ,,,-5.0080458136,4.0,4,7-(2-(2-amino-4-thiazoyl)-2-(methoxyimino)acetamido)-3-((5-methyl-2H-tetrazol-2-yl)methyl)-8-oxo-5-thia-1-azabicyclo(4.2.0)oct-2-ene carboxylic acid;ceftetrame;CIPLUS_213480;cefteram;Ro 19-5247;CEFTERAM;Cefteram Pivoxil;Ro-19-5247;cefteramum;Cefteram;LS-177691;,0.0,0.0,,,,,Nc1scc(n1)/C(=N\OC)C(=O)N[C@@H]4C(=O)N3C(=C(Cn2nc(C)nn2)CS[C@@H]34)C(=O)O,Pharmaron,PH-NIH-169126,-1.1356791000000002,0.0,-2.2763345,0.0,,,,,,,,,,,,4.57e-07,2.29e-06,1.14e-05,5.710000000000001e-05,,,,,,,,,,,,LOW,0
2,NCGC00485045-01,NCGC00485045-01,CN1CN(c2ccccc2)C2(CCN(CCCC(=O)c3ccc(F)cc3)CC2)C1=O,363681204.0,,3CL enzymatic activity,Annotated/Bioactive Compound Collection,87539-19-3,,,,15.649061106900001,4.0,4,,0.0,0.0,,,,,CN1CN(C2=CC=CC=C2)C3(CCN(CCCC(=O)C4=CC=C(F)C=C4)CC3)C1=O,SIGMA,S128,4.6206811,2.49305489,0.0,0.0,,,,,,,,,,,,4.57e-07,2.29e-06,1.14e-05,5.710000000000001e-05,,,,,,,,,,,,LOW,0
3,NCGC00389655-01,Angiotensin II,CCC(C)C(NC(=O)C(Cc1ccc(O)cc1)NC(=O)C(NC(=O)C(CCCN=C(N)N)NC(=O)C(N)CC(=O)O)C(C)C)C(=O)NC(Cc1cnc[nH]1)C(=O)N1CCCC1C(=O)NC(Cc1ccccc1)C(=O)O,405558595.0,,3CL enzymatic activity,Approved Drugs Collection (NPC),68521-88-0,,,,0.0,4.0,4,,0.0,0.0,,,,,CCC(C)C(NC(=O)C(CC1=CC=C(O)C=C1)NC(=O)C(NC(=O)C(CCCN=C(N)N)NC(=O)C(N)CC(O)=O)C(C)C)C(=O)NC(CC2=CN=C[NH]2)C(=O)N3CCCC3C(=O)NC(CC4=CC=CC=C4)C(O)=O,APExBIO,A1042,0.0,0.0,0.0,0.0,,,,,,,,,,,,4.57e-07,2.29e-06,1.14e-05,5.710000000000001e-05,,,,,,,,,,,,LOW,0
4,NCGC00380944-01,NCGC00380944-01,CC1CCC23CCC4(C)C5(C)CCC6C(C)(C)C(O)CCC6(C)C5C=CC4(OC2=O)C3C1C,363678876.0,,3CL enzymatic activity,Annotated/Bioactive Compound Collection,,,,,-29.294774905,4.0,4,,10.554271324,-8.22705934,1.0,0.7375592470000001,,,C[C@@H]1CC[C@@]23CC[C@@]4(C)[C@]5(C)CCC6C(C)(C)[C@@H](O)CC[C@]6(C)C5\C=C/[C@]4(OC2=O)C3[C@H]1C,Analyticon,NP-001527,-9.21189277,1.34966289,-4.09237446,-8.22705934,,,,,,,,,,,,2.29e-07,1.1399999999e-06,5.7099999999e-06,2.8600000000000007e-05,,,,,,,,,,,,LOW,0
5,NCGC00018248-26,MELOXICAM SODIUM,Cc1cnc(NC(=O)C2=C(O)c3ccccc3S(=O)(=O)N2C)s1,405558534.0,,3CL enzymatic activity,Approved Drugs Collection (NPC),71125-38-7,,39.8107170553,-4.4,-94.5380693575,-2.4,4,,-35.1089275296,-40.84033908,0.3483911058,0.9169980891,,,CN1C(C(=O)NC2=NC=C(C)S2)=C(O)C3=CC=CC=C3[S+]1([O-])=O,Microsource,01504150,-15.66693338,-23.71505644,-23.66705958,-40.84033908,,,,,,,,,,,,4.57e-07,2.29e-06,1.14e-05,5.710000000000001e-05,,,,,,,,,,,,MODERATE,1
6,NCGC00093976-08,Idarubicin hydrochloride,CC(=O)C1(O)Cc2c(O)c3c(c(O)c2C(OC2CC(N)C(O)C(C)O2)C1)C(=O)c1ccccc1C3=O.Cl,170464627.0,DNA Topoisomerase II Inhibitor,3CL enzymatic activity,Approved Drugs Collection (NPC),57852-57-0," ; Idarubicina; Idamycin; Idarubicin hydrochloride;Idarubicin HCl; Idarubicin Hcl; 4 Desmethoxydaunorubici; IDARUBICIN HCl; 4 Demethoxydaunorubici; 4-Desmethoxydaunorubicin;Idarubicin; Idarubicin; Hydrochloride, Idarubici;Idarubicin?HCl",39.8107170553,-4.4,-75.3856520714,-3.0,4,,-38.29399668,-36.91166389999999,0.6117468411,0.6625411765,7153.0,TOP2A,Cl.CC(=O)[C@@]4(O)C[C@H](O[C@H]1C[C@H](N)[C@H](O)[C@H](C)O1)c5c(O)c3C(=O)c2ccccc2C(=O)c3c(O)c5C4,Sequoia,57852-57-0,-20.99323199,-1.53132951,2.55600857,-36.91166389999999,,,,,,,,,,,,4.57e-07,2.29e-06,1.14e-05,5.710000000000001e-05,,,,,,,,,,,,MODERATE,1
7,NCGC00013364-03,Vitamin B6,Cc1ncc(COP(=O)(O)O)c(C)c1O,405558556.0,,3CL enzymatic activity,Approved Drugs Collection (NPC),8059-24-3,,,,2.8443856263,4.0,4,,0.0,0.0,,,,,CC1=C(O)C(=C(CO[P](O)(O)=O)C=N1)C,DC Chemicals,DCZ-121,0.0,4.07216712,0.0,0.0,,,,,,,,,,,,4.57e-07,2.29e-06,1.14e-05,5.710000000000001e-05,,,,,,,,,,,,LOW,0
8,NCGC00178638-02,Valaciclovir,CC(C)C(N)C(=O)OCCOCn1cnc2c(=O)[nH]c(N)nc21.Cl,170465373.0,DNA Polymerase Inhibitor,3CL enzymatic activity,Approved Drugs Collection (NPC),124832-27-5,"Valaciclovir HCl; Valaciclovir Hcl;;Valacyclovir hydrochloride; valacyclovir, (DL)-isomer; valacyclovir, (D)-isomer; Valtrex;VALACYCLOVIR HYDROCHLORIDE",,,3.6619041564,4.0,4,,0.0,0.0,,,,,Cl.CC(C)[C@H](N)C(=O)OCCOCn2cnc1c2N=C(N)NC1=O,Vitas,STK802272,0.78046093,0.0,1.8797438,0.0,,,,,,,,,,,,4.57e-07,2.29e-06,1.14e-05,5.710000000000001e-05,,,,,,,,,,,,LOW,0
9,NCGC00386845-01,NCGC00386845-01,O=C(O)c1cccc(-c2ccc(-c3cn(C(=O)N4CCCCC4Cc4ccccc4)nn3)cc2)c1,363680462.0,,3CL enzymatic activity,Annotated/Bioactive Compound Collection,,,22.387211385700002,-4.65,-43.443136177,-2.4,4,,-66.53326543930001,-62.36307596,0.0644240997,0.9974320521,,,OC(=O)C1=CC(=CC=C1)C2=CC=C(C=C2)C3=C[N](N=N3)C(=O)N4CCCCC4CC5=CC=CC=C5,Evotec,MLS004256821,-3.92965697,-0.65499569,-13.37220057,-62.36307596,,,,,,,,,,,,4.57e-07,2.29e-06,1.14e-05,5.710000000000001e-05,,,,,,,,,,,,MODERATE,1
10,NCGC00387265-01,NCGC00387265-01,O=C(Nc1cc(C(F)(F)F)cc(C(F)(F)F)c1)c1cnc(Cl)nc1C(F)(F)F,363680604.0,,3CL enzymatic activity,Annotated/Bioactive Compound Collection,[154563-54-9],,10.0,-5.0,-57.271620427100004,-2.2,4,,-54.089120472,-52.27842402,0.018483727,0.9997893357,,,FC(F)(F)C1=CC(=CC(=C1)NC(=O)C2=C(N=C(Cl)N=C2)C(F)(F)F)C(F)(F)F,Tocris,5309,-3.45415696,-9.27358817,-31.65385817,-52.27842402,,,,,,,,,,,,4.57e-07,2.29e-06,1.14e-05,5.710000000000001e-05,,,,,,,,,,,,MODERATE,1
11,NCGC00510479-01,NCGC00510479-01,CC(Oc1cc(C(=O)Nc2ccc(C(=O)N3CCN(C)CC3)cc2)nnc1N)c1c(Cl)ccc(F)c1Cl,384569442.0,,3CL enzymatic activity,Annotated/Bioactive Compound Collection,1365267-27-1,,31.6227766017,-4.5,-15.3819000172,-3.0,4,,-43.754648171999996,-40.6782922,0.1706042962,0.9816223215,,ALK,C[C@@H](OC1=CC(=NN=C1N)C(=O)NC2=CC=C(C=C2)C(=O)N3CCN(C)CC3)C4=C(Cl)C=CC(=C4Cl)F,MedChem Express,HY-16590,1.21500264,-5.007777099999998,-8.15386271,-40.6782922,,,,,,,,,,,,7.0499999999e-07,2.12e-06,1.8999999999e-05,5.710000000000001e-05,,,,,,,,,,,,MODERATE,1
12,NCGC00178090-03,Pristimerin,COC(=O)C1(C)CCC2(C)CCC3(C)C4=CC=C5C(=CC(=O)C(O)=C5C)C4(C)CCC3(C)C2C1,,,3CL enzymatic activity,Anti-infectives,1258-84-0,,,,-194.4540859167,4.0,4,,0.0,-34.25454874,,,,,COC(=O)[C@]1(C)CC[C@]2(C)CC[C@]3(C)\C4=C\C=C\5\C(=C(\O)C(=O)\C=C5[C@]4(C)CC[C@@]3(C)[C@@H]2C1)C,SIGMA,P0020,-44.14172941,-27.41330206,-43.61457928,-34.25454874,,,,,,,,,,,,4.57e-07,2.29e-06,1.14e-05,5.710000000000001e-05,,,,,,,,,,,,MODERATE,1
13,NCGC00346500-08,NCGC00346500-08,Cc1ccc([N+](=O)[O-])cc1S(=O)(=O)N(C)N=Cc1cnc2ccc(Br)cn12,384568805.0,,3CL enzymatic activity,Annotated/Bioactive Compound Collection,372196-77-5,,22.387211385700002,-4.65,-16.0736454945,-2.4,4,,-41.4161138467,-35.54251049,0.1215305503,0.9907867731,,PIK3CA,CN(/N=C/C1=CN=C2C=CC(=C[N]12)Br)[S+]([O-])(=O)C3=C(C)C=CC(=C3)[N+]([O-])=O,MedChem Express,HY-13281,0.0,4.01862531,-14.62004194,-35.54251049,,,,,,,,,,,,7.0499999999e-07,2.12e-06,1.8999999999e-05,5.710000000000001e-05,,,,,,,,,,,,MODERATE,1
14,NCGC00263135-02,NCGC00263135-02,CC(C)(C)COc1ccc(-n2cc(C(=O)O)cn2)cc1C#N,384568613.0,,3CL enzymatic activity,Annotated/Bioactive Compound Collection,206884-98-2,,,,3.2207936652,4.0,4,,0.0,0.0,,,,XDH,CC(C)(C)COC1=C(C=C(C=C1)[N]2C=C(C=N2)C(O)=O)C#N,Axon Medchem,1174,0.0,4.50282906,0.0,0.0,,,,,,,,,,,,7.0499999999e-07,2.12e-06,1.8999999999e-05,5.710000000000001e-05,,,,,,,,,,,,LOW,0
15,NCGC00178711-03,Gemifloxacin mesylate,CON=C1CN(c2nc3c(cc2F)c(=O)c(C(=O)O)cn3C2CC2)CC1CN.CS(=O)(=O)O,170465333.0,Topoisomerase IV subunit A  Inhibitor,3CL enzymatic activity,Approved Drugs Collection (NPC),204519-65-3,,,,-59.2405091926,4.0,4,,22.1184529799,0.0,0.0134104056,0.9998894304,,,CS(=O)(=O)O.CO\N=C1/CN(CC1CN)c2nc3c(cc2F)C(=O)C(=CN3C4CC4)C(=O)O,Microsource,01505802,-19.68204415,0.0,0.0,0.0,,,,,,,,,,,,4.57e-07,2.29e-06,1.14e-05,5.710000000000001e-05,,,,,,,,,,,,LOW,0
16,NCGC00261018-01,NCGC00261018-01,CC(N)C1CCC(C(=O)Nc2ccncc2)CC1.Cl.Cl,312344458.0,,3CL enzymatic activity,Annotated/Bioactive Compound Collection,,,35.4813389234,-4.45,-35.458521904099996,-2.4,4,,-44.6469842372,-38.44674341,0.5080447786,0.7971508787,,,Cl.Cl.C[C@@H](N)[C@H]1CC[C@@H](CC1)C(=O)NC2=CC=NC=C2,SIGMA,Y 0503,-1.75226422,-17.42175974,-10.64422994,-38.44674341,,,,,,,,,,,,7.259999999899998e-07,3.11e-06,1.33e-05,5.710000000000001e-05,,,,,,,,,,,,MODERATE,1
17,NCGC00390568-02,Bevirimat,C=C(C)C1CCC2(C(=O)O)CCC3(C)C(CCC4C5(C)CCC(OC(=O)CC(C)(C)C(=O)O)C(C)(C)C5CCC43C)C12,,Gag-Pol polyprotein Inhibitor,3CL enzymatic activity,Anti-infectives,174022-42-5,,35.4813389234,-4.45,-7.794822718,-3.0,4,,-61.44326065470001,-49.16131798,0.06437412599999999,0.9974363621,,,CC(=C)[C@@H]1CC[C@@]2(CC[C@]3(C)[C@H](CC[C@@H]4[C@@]5(C)CC[C@H](OC(=O)CC(C)(C)C(O)=O)C(C)(C)[C@@H]5CC[C@@]34C)[C@@H]12)C(O)=O,MedChem Express,HY-N0842,3.12472447,0.0,0.0,-49.16131798,,,,,,,,,,,,4.57e-07,2.29e-06,1.14e-05,5.710000000000001e-05,,,,,,,,,,,,MODERATE,1
18,NCGC00015582-06,NCGC00015582-06,O=C1Cc2c([nH]c3ccc(Br)cc23)-c2ccccc2N1,90341508.0,,3CL enzymatic activity,Annotated/Bioactive Compound Collection,,,,,18.0339982396,4.0,4,,0.0,0.0,,,,,BrC1=CC2=C([NH]C3=C2CC(=O)NC4=C3C=CC=C4)C=C1,SigmaAldrich,Lopac-K-3888,4.75876642,0.0,4.61456488,0.0,,,,,,,,,,,,7.259999999899998e-07,3.11e-06,1.33e-05,5.710000000000001e-05,,,,,,,,,,,,LOW,0
19,NCGC00095209-05,NCGC00095209-05,CC(C)=CCOc1c2occc2cc2ccc(=O)oc12,90341575.0,,3CL enzymatic activity,Annotated/Bioactive Compound Collection,,,39.8107170553,-4.4,-57.380667413299996,-3.0,4,,-79.4718927599,-71.22657729999997,0.2336315655,0.9647514115,,,CC(C)=CCOC1=C2OC(=O)\C=C/C2=CC3=C1OC=C3,SigmaAldrich,Lopac-I6659,-11.53070029,-0.95611338,3.78186144,-71.22657729999997,,,,,,,,,,,,7.259999999899998e-07,3.11e-06,1.33e-05,5.710000000000001e-05,,,,,,,,,,,,HIGH,1
20,NCGC00371122-02,Betrixaban,COc1ccc(NC(=O)c2ccc(C(=N)N(C)C)cc2)c(C(=O)Nc2ccc(Cl)cn2)c1,363678038.0,Coagulation factor X Inhibitor,3CL enzymatic activity,Anti-infectives,330942-05-7,,,,-20.663644498,4.0,4,,-6.9212495160000005,-5.00953176,0.7031018615000001,0.4771504599000001,,,COC1=CC=C(NC(=O)C2=CC=C(C=C2)C(=N)N(C)C)C(=C1)C(=O)NC3=NC=C(Cl)C=C3,MedChem Express,HY-10268,-4.86518895,3.40704752,-9.51770793,-5.00953176,,,,,,,,,,,,4.57e-07,2.29e-06,1.14e-05,5.710000000000001e-05,,,,,,,,,,,,LOW,0
21,NCGC00370685-02,NCGC00370685-02,CC(C)CC(C(=O)O)c1cc(-c2ccc(C(F)(F)F)cc2)cc(-c2ccc(C(F)(F)F)cc2)c1,363677808.0,,3CL enzymatic activity,Annotated/Bioactive Compound Collection,1146594-87-7,,8.9125093813,-5.05,-38.0295024041,-2.4,4,,-44.012569963900006,-42.51047497,0.1424775644,0.987273193,,,CC(C)C[C@H](C(O)=O)C1=CC(=CC(=C1)C2=CC=C(C=C2)C(F)(F)F)C3=CC=C(C=C3)C(F)(F)F,SynKinase,SYN-5024,-1.45338379,4.77895392,-31.67254566,-42.51047497,,,,,,,,,,,,4.57e-07,2.29e-06,1.14e-05,5.710000000000001e-05,,,,,,,,,,,,MODERATE,1
22,NCGC00015456-05,NCGC00015456-05,O=C(O)C1=CCNCC1,90340567.0,,3CL enzymatic activity,Annotated/Bioactive Compound Collection,,,,,0.0,4.0,4,,0.0,0.0,,,,,OC(=O)\C1=C\CNCC1,SigmaAldrich,Lopac-G-002,0.0,0.0,0.0,0.0,,,,,,,,,,,,7.259999999899998e-07,3.11e-06,1.33e-05,5.710000000000001e-05,,,,,,,,,,,,LOW,0
23,NCGC00016557-06,Ethaverine hydrochloride,CCOc1ccc(Cc2nccc3cc(OCC)c(OCC)cc23)cc1OCC.Cl,170466346.0,Voltage-gated L-type calcium channel Blocker,3CL enzymatic activity,Approved Drugs Collection (NPC),985-13-7,,22.387211385700002,-4.65,-67.1259648265,-2.4,4,,-55.2212758684,-51.30399687,0.3116598764,0.9348913883,,,Cl.CCOc1ccc(cc1OCC)Cc3nccc2cc(OCC)c(cc23)OCC,Microsource,01501000,-12.52081783,0.0,-16.45238756,-51.30399687,,,,,,,,,,,,4.57e-07,2.29e-06,1.14e-05,5.710000000000001e-05,,,,,,,,,,,,MODERATE,1
24,NCGC00510498-01,NCGC00510498-01,Cc1cc(OC(CCC(F)(F)F)c2ccc(C(=O)NCCC(=O)O)cc2)cc(C)c1-c1ccc(C(C)(C)C)cc1,384569460.0,,3CL enzymatic activity,Annotated/Bioactive Compound Collection,1488363-78-5,,28.183829312600004,-4.55,-58.8796171425,-2.3,4,,-122.55672432610001,-101.11940951,0.0800152131,0.9960303226,,,CC1=C(C(=CC(=C1)O[C@@H](CCC(F)(F)F)C2=CC=C(C=C2)C(=O)NCCC(O)=O)C)C3=CC=C(C=C3)C(C)(C)C,MedChem Express,HY-19904,-3.57800884,3.39261964,-36.49366183,-101.11940951,,,,,,,,,,,,7.0499999999e-07,2.12e-06,1.8999999999e-05,5.710000000000001e-05,,,,,,,,,,,,HIGH,1
25,NCGC00185994-01,NCGC00185994-01,CCc1ccc(C=C2SC(=S)NC2=O)cc1,90341022.0,,3CL enzymatic activity,Annotated/Bioactive Compound Collection,403811-55-2,10058-F4,39.8107170553,-4.4,-15.3588767299,-3.0,4,,-56.75254262399999,-48.54378552,0.0077662573,0.999962814,4609.0,MYC,CCC1=CC=C(C=C1)\C=C/2SC(=S)NC2=O,SigmaAldrich,Lopac-F3680,0.0,0.0,0.0,-48.54378552,,,,,,,,,,,,7.259999999899998e-07,3.11e-06,1.33e-05,5.710000000000001e-05,,,,,,,,,,,,MODERATE,1
26,NCGC00095124-31,NCGC00095124-31,CN(CCOc1ccc(CC2SC(=O)NC2=O)cc1)c1ccccn1,384568147.0,,3CL enzymatic activity,Annotated/Bioactive Compound Collection,122320-73-4,,,,-12.2922255393,4.0,4,,8.62216812,0.0,0.7479875575,0.3356089668,,PPARG,CN(CCOC1=CC=C(CC2SC(=O)NC2=O)C=C1)C3=CC=CC=N3,Selleck,S2556,0.0,-17.1851401,0.0,0.0,,,,,,,,,,,,7.0499999999e-07,2.12e-06,1.8999999999e-05,5.710000000000001e-05,,,,,,,,,,,,LOW,0
27,NCGC00485349-01,NCGC00485349-01,CC12CCC3c4ccc(OC5OC(C(=O)O)C(O)C(O)C5O)cc4CCC3C1CCC2O,363681294.0,,3CL enzymatic activity,Annotated/Bioactive Compound Collection,14982-12-8,,,,3.344763394,4.0,4,,0.0,0.0,,,1244.0,ABCC2,CC12CCC3C(CCC4=CC(=CC=C34)OC5OC(C(O)C(O)C5O)C(O)=O)C1CCC2O,SIGMA,E2127,0.0,4.78853338,0.0,0.0,,,,,,,,,,,,4.57e-07,2.29e-06,1.14e-05,5.710000000000001e-05,,,,,,,,,,,,LOW,0
28,NCGC00381261-01,NCGC00381261-01,COc1cc(CCc2ccc(OCC=C(C)C)cc2)cc(OC)c1OC,363679055.0,,3CL enzymatic activity,Annotated/Bioactive Compound Collection,,,,,8.906352010099997,4.0,4,,-13.505275384,-6.67106282,0.4089036251,0.8821346793000001,,,COC1=CC(=CC(=C1OC)OC)CCC2=CC=C(OCC=C(C)C)C=C2,Analyticon,NP-006953,4.23606036,0.0,0.0,-6.67106282,,,,,,,,,,,,3.0599999999e-07,1.53e-06,7.66e-06,3.8299999999e-05,,,,,,,,,,,,LOW,0
29,NCGC00015560-08,NCGC00015560-08,c1ccc2c(c1)OCC(C1=NCCN1)O2,90341761.0,,3CL enzymatic activity,Annotated/Bioactive Compound Collection,,,35.4813389234,-4.45,-59.8485419338,-3.0,4,,-62.1998746964,-55.68585167,0.2179372247,0.9695234542,,,C1C\N=C(/N1)C2COC3=C(O2)C=CC=C3,SigmaAldrich,Lopac-I-6138,-11.47634545,-1.08787459,-8.04574912,-55.68585167,,,,,,,,,,,,7.259999999899998e-07,3.11e-06,1.33e-05,5.710000000000001e-05,,,,,,,,,,,,MODERATE,1
30,NCGC00016438-06,NCGC00016438-06,CNNCc1ccc(C(=O)NC(C)C)cc1,384567940.0,,3CL enzymatic activity,Annotated/Bioactive Compound Collection,366-70-1,,,,12.627062912000001,4.0,4,,0.0,0.0,,,,,CNNCC1=CC=C(C=C1)C(=O)NC(C)C,Selleck,S1995,3.31395506,0.0,3.35036475,0.0,,,,,,,,,,,,7.0499999999e-07,2.12e-06,1.8999999999e-05,5.710000000000001e-05,,,,,,,,,,,,LOW,0
31,NCGC00346805-02,NCGC00346805-02,Cc1cc(C(=O)N2CCN(c3cccc(Cl)c3)CC2)n(-c2ccccc2)n1,363677543.0,,3CL enzymatic activity,Annotated/Bioactive Compound Collection,[729605-21-4],,39.8107170553,-4.4,-26.872376876700002,-3.0,4,,-45.3460124992,-38.14091856,0.5244546300999999,0.7797302077,,TUBB,CC1=N[N](C2=CC=CC=C2)C(=C1)C(=O)N3CCN(CC3)C4=CC(=CC=C4)Cl,Tocris,3101,0.0,-16.75056969,-8.07879737,-38.14091856,,,,,,,,,,,,7.0499999999e-07,2.12e-06,1.8999999999e-05,5.710000000000001e-05,,,,,,,,,,,,MODERATE,1
32,NCGC00025001-03,NCGC00025001-03,CNC(=O)C1OC(n2cnc3c(NCc4cccc(I)c4)nc(Cl)nc32)C(O)C1O,384568042.0,,3CL enzymatic activity,Annotated/Bioactive Compound Collection,1104,,39.8107170553,-4.4,-11.626700981199999,-3.0,4,,-47.44447891300001,-42.05656045,0.27087614390000003,0.9518541217,,ADORA3,CNC(=O)[C@H]1O[C@H]([C@H](O)[C@@H]1O)[N]2C=NC3=C2N=C(Cl)N=C3NCC4=CC=CC(=C4)I,Tocris,1104,0.0,-6.12647072,3.92155705,-42.05656045,,,,,,,,,,,,7.0499999999e-07,2.12e-06,1.8999999999e-05,5.710000000000001e-05,,,,,,,,,,,,MODERATE,1
33,NCGC00485927-01,NCGC00485927-01,Cc1cc(-c2ncc(-c3cccnc3)cc2C=Cc2ccccc2)cnc1-c1cccnc1,363681422.0,,3CL enzymatic activity,Annotated/Bioactive Compound Collection,1651890-44-6,,,,0.0,4.0,4,,0.0,0.0,,,,,CC1=CC(=CN=C1C2=CC=CN=C2)C3=NC=C(C=C3\C=C\C4=CC=CC=C4)C5=CC=CN=C5,MedChem Express,HY-12527,0.0,0.0,0.0,0.0,,,,,,,,,,,,4.57e-07,2.29e-06,1.14e-05,5.710000000000001e-05,,,,,,,,,,,,LOW,0
34,NCGC00183020-01,Minopafant,CCCCCCCCCCCCCCCCCCNC(=O)OC1CCN(C(=O)OCC(COC(=O)N(Cc2cccc[n+]2CC)C(=O)c2ccccc2OC)OC)CC1.[Cl-],144206826.0,Platelet activating factor receptor Antagonist,3CL enzymatic activity,Approved Drugs Collection (NPC),128420-61-1,Menopafant; Minopafant; ,12.5892541179,-4.9,-109.6594746226,-2.3,4,E-5880;E 5880;1-ethyl-2-(N-(2-methoxy)benzoyl-N-(2-methoxy-3-(4-octadecylcarbamoyloxy)piperidinocarbonyloxypropyloxy)carbonyl)aminomethylpyridinium chloride;MENOPAFANT;CIPLUS_707454;Minopafant;Menopafant;minopafantum;,-145.5000157851,-107.82782501,0.202037238,0.9739480339,,,[Cl-].COc1ccccc1C(=O)N(Cc2cccc[n+]2CC)C(=O)OC[C@@H](COC(=O)N3CCC(CC3)OC(=O)NCCCCCCCCCCCCCCCCCC)OC,Pharmaron,PH-NIH-150353,-0.69392769,-37.44089045,-62.56202687,-107.82782501,,,,,,,,,,,,4.57e-07,2.29e-06,1.14e-05,5.710000000000001e-05,,,,,,,,,,,,HIGH,1
35,NCGC00263897-02,PREDNISOLONE HEMISUCCINATE,CC12C=CC(=O)C=C1CCC1C2C(O)CC2(C)C1CCC2(O)C(=O)COC(=O)CCC(=O)O,405559061.0,,3CL enzymatic activity,Approved Drugs Collection (NPC),2920-86-7,,,,0.0,4.0,4,,0.0,0.0,,,,,C[C@]12C[C@H](O)C3C(CCC/4=C/C(=O)/C=C\[C@]34C)C1CC[C@]2(O)C(=O)COC(=O)CCC(O)=O,Microsource,01505450,0.0,0.0,0.0,0.0,,,,,,,,,,,,4.57e-07,2.29e-06,1.14e-05,5.710000000000001e-05,,,,,,,,,,,,LOW,0
36,NCGC00263087-10,NCGC00263087-10,CCC1C(=O)N(C)c2cnc(Nc3ccc(C(=O)NC4CCC(N5CCN(CC6CC6)CC5)CC4)cc3OC)nc2N1C(C)C,384568581.0,,3CL enzymatic activity,Annotated/Bioactive Compound Collection,755038-65-4,,,,-15.3701468872,4.0,4,,,0.0,,,,PLK1,CC[C@H]1N(C(C)C)C2=NC(=NC=C2N(C)C1=O)NC3=CC=C(C=C3OC)C(=O)NC4CCC(CC4)N5CCN(CC5)CC6CC6,Selleck,S2235,-5.35002569,1.60326466,0.0,0.0,,,,,,,,,,,,7.0499999999e-07,2.12e-06,1.8999999999e-05,5.710000000000001e-05,,,,,,,,,,,,LOW,0
37,NCGC00378807-01,NCGC00378807-01,COc1ccccc1Oc1ccc(N(Cc2cccnc2)S(=O)(=O)CC(F)(F)F)cc1,363678211.0,,3CL enzymatic activity,Annotated/Bioactive Compound Collection,[353229-59-1],,,,-1.9086026254,4.0,4,,0.0,-4.34987131,,,,,COC1=CC=CC=C1OC2=CC=C(C=C2)N(CC3=CC=CN=C3)[S+]([O-])(=O)CC(F)(F)F,Tocris,3283,-1.12564198,0.0,4.29740706,-4.34987131,,,,,,,,,,,,4.57e-07,2.29e-06,1.14e-05,5.710000000000001e-05,,,,,,,,,,,,LOW,0
38,NCGC00378612-02,NCGC00378612-02,CCNC(=O)c1noc(-c2cc(Cl)c(O)cc2O)c1-c1ccc(OC)cc1,363678121.0,,3CL enzymatic activity,Annotated/Bioactive Compound Collection,747413-08-7,,,,0.5804689502,4.0,4,,0.0,0.0,,,,,CCNC(=O)C1=NOC(=C1C2=CC=C(OC)C=C2)C3=CC(=C(O)C=C3O)Cl,Selleck,S7459,0.0,1.00345177,-0.17244611,0.0,,,,,,,,,,,,4.57e-07,2.29e-06,1.14e-05,5.710000000000001e-05,,,,,,,,,,,,LOW,0
39,NCGC00164140-07,Dioctyl sulfosuccinate sodium salt,CCCCC(CC)COC(=O)CC(C(=O)OCC(CC)CCCC)S(=O)(=O)[O-],225144252.0,,3CL enzymatic activity,Approved Drugs Collection (NPC),577-11-7,,39.8107170553,-4.4,-14.912048271500002,-3.0,4,,-51.146658804,-42.62221567,0.0068322976,0.9999712252,,,CCCCC(CC)COC(=O)CC(C(=O)OCC(CC)CCCC)[S]([O-])(=O)=O,SIGMA,323586,0.0,0.0,0.0,-42.62221567,,,,,,,,,,,,4.57e-07,2.29e-06,1.14e-05,5.710000000000001e-05,,,,,,,,,,,,MODERATE,1
40,NCGC00381156-01,NCGC00381156-01,CCC(C)C=C(C)C=CC1=CC2=CC(=O)C3(C)OC(C)(O)C(C(=O)OC)C3C2=CO1,363678999.0,,3CL enzymatic activity,Annotated/Bioactive Compound Collection,,,,,0.0,4.0,4,,0.0,0.0,,,,,CCC(C)\C=C(C)\C=C\C1=C\C/2=C/C(=O)C3(C)OC(C)(O)C(C3C2=C\O1)C(=O)OC,Analyticon,NP-016469,0.0,0.0,0.0,0.0,,,,,,,,,,,,2.29e-07,1.1399999999e-06,5.7099999999e-06,2.8600000000000007e-05,,,,,,,,,,,,LOW,0
41,NCGC00484068-01,NCGC00484068-01,COc1cc(C=CC(=O)NCCn2c(C(F)(F)F)cc3ccccc32)cc(OC)c1OC,363681160.0,,3CL enzymatic activity,Annotated/Bioactive Compound Collection,1415716-58-3,,,,10.7896982019,4.0,4,,0.0,0.0,,,5732.0,PTGER2,COC1=C(OC)C(=CC(=C1)/C=C/C(=O)NCC[N]2C3=C(C=CC=C3)C=C2C(F)(F)F)OC,MedChem Express,HY-16978,3.58476521,0.0,0.0,0.0,,,,,,,,,,,,4.57e-07,2.29e-06,1.14e-05,5.710000000000001e-05,,,,,,,,,,,,LOW,0
42,NCGC00244248-01,NCGC00244248-01,CC(C)CC(NC(Cc1cncn1Cc1cc(Cl)cc(Cl)c1)C(=O)O)C(=O)O,,,3CL enzymatic activity,Anti-infectives,,,,,-8.8824617825,4.0,4,,11.158736804,-6.18605543,1.0,0.3745936578,,,CC(C)C[C@H](N[C@@H](CC1=CN=C[N]1CC2=CC(=CC(=C2)Cl)Cl)C(O)=O)C(O)=O,NCGCChem,JKJ16-009,0.0,-13.88228067,2.33615915,-6.18605543,,,,,,,,,,,,4.57e-07,2.29e-06,1.14e-05,5.710000000000001e-05,,,,,,,,,,,,LOW,0
43,NCGC00015479-19,Genistein,O=c1c(-c2ccc(O)cc2)coc2cc(O)cc(O)c12,170466848.0,DNA Topoisomerase II Inhibitor,3CL enzymatic activity,Approved Drugs Collection (NPC),446-72-0,"; ; Genistein;GENISTEIN;Genistein (4',5,7-Trihydroxyisoflavone); Genestein;Genistein",,,0.0,4.0,4,,0.0,0.0,,,7153.0,TOP2A,Oc1ccc(cc1)C3=COc2cc(O)cc(O)c2C3=O,Vitas,STK801619,0.0,0.0,0.0,0.0,,,,,,,,,,,,4.57e-07,2.29e-06,1.14e-05,5.710000000000001e-05,,,,,,,,,,,,LOW,0
44,NCGC00344566-01,NCGC00344566-01,CC(OC1OCCN(CC2=NC(=O)N=N2)C1C1CCC(F)CC1)c1cc(C(F)(F)F)cc(C(F)(F)F)c1,170464796.0,,3CL enzymatic activity,Approved Drugs Collection (NPC),170729-80-3,,31.6227766017,-4.5,-10.6630485347,-3.0,4,,-54.02869971,-42.06719675,0.0520699222,0.9983250804,,,C[C@@H](O[C@H]2OCCN(CC1=NC(=O)N=N1)[C@H]2C3CCC(F)CC3)c4cc(cc(c4)C(F)(F)F)C(F)(F)F,Prestwick,Prestw-1600,2.09215997,0.0,-3.21065729,-42.06719675,,,,,,,,,,,,4.57e-07,2.29e-06,1.14e-05,5.710000000000001e-05,,,,,,,,,,,,MODERATE,1
45,NCGC00386364-01,Lomitapide,O=C(NC1CCN(CCCCC2(C(=O)NCC(F)(F)F)c3ccccc3-c3ccccc32)CC1)c1ccccc1-c1ccc(C(F)(F)F)cc1,405558897.0,Microsomal triglyceride transfer protein large subunit Inhibitor,3CL enzymatic activity,Approved Drugs Collection (NPC),182431-12-5,,31.6227766017,-4.5,-2.0352815821,-3.0,4,,-58.5407550471,-42.45511746,0.0845574157,0.9955665301,4547.0,MTTP,FC(F)(F)CNC(=O)C1(CCCCN2CCC(CC2)NC(=O)C3=C(C=CC=C3)C4=CC=C(C=C4)C(F)(F)F)C5=C(C=CC=C5)C6=C1C=CC=C6,Selleck,S7635,4.83361098,1.07481661,-3.55242889,-42.45511746,,,,,,,,,,,,4.57e-07,2.29e-06,1.14e-05,5.710000000000001e-05,,,,,,,,,,,,MODERATE,1
46,NCGC00169504-02,NCGC00169504-02,COC(=O)C1=COC(OC2OC(CO)C(O)C(O)C2O)C2C1C=CC2(O)CO,363676832.0,,3CL enzymatic activity,Annotated/Bioactive Compound Collection,,,,,0.5523740581000001,4.0,4,,0.0,0.0,,,,,COC(=O)\C1=C\OC(OC2OC(CO)C(O)C(O)C2O)C3C1\C=C/C3(O)CO,Analyticon,NP-005097,-0.95981261,3.18633654,1.32417172,0.0,,,,,,,,,,,,2.29e-07,1.1399999999e-06,5.7099999999e-06,2.8600000000000007e-05,,,,,,,,,,,,LOW,0
47,NCGC00247542-02,Amentoflavone,O=c1cc(-c2ccc(O)c(-c3c(O)cc(O)c4c(=O)cc(-c5ccc(O)cc5)oc34)c2)oc2cc(O)cc(O)c12,,,3CL enzymatic activity,Anti-infectives,1617-53-4,,39.8107170553,-4.4,-22.846184887199996,-3.0,4,,-78.359860572,-65.29988381,0.0068322976,0.9999712131,,,OC1=CC=C(C=C1)\C2=C\C(=O)C3=C(O2)C(=C(O)C=C3O)C4=C(O)C=CC(=C4)\C5=C\C(=O)C6=C(O5)C=C(O)C=C6O,DC Chemicals,DCS-044,0.0,0.0,0.0,-65.29988381,,,,,,,,,,,,4.57e-07,2.29e-06,1.14e-05,5.710000000000001e-05,,,,,,,,,,,,MODERATE,1
48,NCGC00183015-01,Temoporfin,Oc1cccc(C2=C3C=CC(=N3)C(c3cccc(O)c3)=C3C=CC(=N3)C(c3cccc(O)c3)=C3CCC(=N3)C(c3cccc(O)c3)=C3C=CC2=N3)c1,144206848.0,cell proliferation Inhibitor,3CL enzymatic activity,Approved Drugs Collection (NPC),122341-38-2,Temoporfin; ,,,4.1910845977,4.0,4,"M-THPC;CIPLUS_197002;5,10,15,20-TETRA(3-HYDROXYPHENYL)-CHLORIN;TEMOPORFIN;Temoporfin;LS-172529;temoporfinum;",0.0,-2.74444736,,,,,Oc1cccc(c1)c9c2CCc(n2)c(c3cccc(O)c3)c4ccc(n4)c(c5cccc(O)c5)c6C=Cc(n6)c(c7cccc(O)c7)c8ccc9n8,Pharmaron,PH-NIH-154455,2.69007713,0.0,-4.21753214,-2.74444736,,,,,,,,,,,,4.57e-07,2.29e-06,1.14e-05,5.710000000000001e-05,,,,,,,,,,,,LOW,0
49,NCGC00387486-01,NCGC00387486-01,O=C(O)c1ccc(S(=O)(=O)N(Cc2ccc(OC(F)(F)F)cc2)c2ncc(C(F)(F)F)cc2Cl)cc1,363680638.0,,3CL enzymatic activity,Annotated/Bioactive Compound Collection,[1254205-52-1],,19.9526231497,-4.7,-27.784922608000002,-2.2,4,,-57.5796927659,-49.30279755,0.0260573239,0.9995811926,,,OC(=O)C1=CC=C(C=C1)[S+]([O-])(=O)N(CC2=CC=C(OC(F)(F)F)C=C2)C3=C(Cl)C=C(C=N3)C(F)(F)F,Tocris,5388,0.0,0.0,-15.08528585,-49.30279755,,,,,,,,,,,,4.57e-07,2.29e-06,1.14e-05,5.710000000000001e-05,,,,,,,,,,,,MODERATE,1
50,NCGC00262588-02,Merbromin,O.O.O.O=C1OC2(c3cc(Br)c([O-])cc3Oc3c2cc(Br)c([O-])c3[Hg+])c2ccccc21.[Na+].[Na+].[OH-],225144359.0,,3CL enzymatic activity,Approved Drugs Collection (NPC),129-16-8,,39.8107170553,-4.4,-28.033253336599998,-3.0,4,,-88.10377463190002,-77.58647886,0.2689462679,0.9525569358,,,O.O.O.[Na+].[Na+].O[Hg]C1=C([O-])C(=CC2=C1OC3=CC(=C(Br)C=C3C24OC(=O)C5=CC=CC=C45)[O-])Br,Prestwick,Prestw-787,3.31466348,-15.424129,-0.13097087,-77.58647886,,,,,,,,,,,,4.57e-07,2.29e-06,1.14e-05,5.710000000000001e-05,,,,,,,,,,,,HIGH,1
51,NCGC00015005-06,NCGC00015005-06,CN1C2CCC1CC(OC(c1ccccc1)c1ccccc1N)C2,90341074.0,,3CL enzymatic activity,Annotated/Bioactive Compound Collection,,,,,16.6390496996,4.0,4,,0.0,0.0,,,,,CN1C2CCC1CC(C2)OC(C3=CC=CC=C3)C4=C(N)C=CC=C4,SigmaAldrich,Lopac-A-138,4.26006074,4.91795894,0.0,0.0,,,,,,,,,,,,7.259999999899998e-07,3.11e-06,1.33e-05,5.710000000000001e-05,,,,,,,,,,,,LOW,0
52,NCGC00016393-07,"2,2'-Dihydroxy-4-methoxybenzophenone",COc1ccc(C(=O)c2ccccc2O)c(O)c1,170465540.0,,3CL enzymatic activity,Approved Drugs Collection (NPC),131-53-3,,39.8107170553,-4.4,-37.0530275778,-3.0,4,,-43.7143250679,-40.59527089,0.2053623796,0.9730726862,,,O=C(c1ccc(cc1O)OC)c2ccccc2O,Microsource,01500255,-7.04499014,-2.8337729,0.47792404,-40.59527089,,,,,,,,,,,,4.57e-07,2.29e-06,1.14e-05,5.710000000000001e-05,,,,,,,,,,,,MODERATE,1
53,NCGC00167982-03,NCGC00167982-03,COc1cccc2c1C(=O)c1c(O)c3c(c(O)c1C2=O)CC(O)(C(=O)CO)CC3OC1CC(N)C(OC2CCCCO2)C(C)O1,384568344.0,,3CL enzymatic activity,Annotated/Bioactive Compound Collection,72496-41-4,,19.9526231497,-4.7,-34.6530160419,-2.4,4,,-51.8911611746,-47.71154489,0.2150769438,0.97035585,,TOP2A,COC1=C2C(=O)C3=C(C(=C4C[C@](O)(C[C@H](O[C@H]5C[C@H](N)[C@H](O[C@H]6CCCCO6)[C@H](C)O5)C4=C3O)C(=O)CO)O)C(=O)C2=CC=C1,Glixx,GLXC-06538,0.35637996,-8.6737897,-25.37759532,-47.71154489,,,,,,,,,,,,7.0499999999e-07,2.12e-06,1.8999999999e-05,5.710000000000001e-05,,,,,,,,,,,,MODERATE,1
54,NCGC00090903-11,Sulfasalazine,O=C(O)c1cc(N=Nc2ccc(S(=O)(=O)Nc3ccccn3)cc2)ccc1O,170464716.0,NFKB Activation Inhibitor,3CL enzymatic activity,Approved Drugs Collection (NPC),599-79-1,"; Sulfasalazine; Azulfidine;Sulfasalazine; Sulfasalazina;Azulfidine; Salazosulfapyridinum; Salicylazosulfapyridine; Sulphasalazine, N-; Sulfasalazine DR; Salazosulfapiridina; Salazopyrine",39.8107170553,-4.4,-33.2472036953,-3.0,4,,-49.088528288,-44.24044024,0.1608765894,0.9837002134,4790.0,NFKB1,O=S(=O)(Nc1ccccn1)c3ccc(/N=N/c2cc(C(=O)O)c(O)cc2)cc3,Microsource,01500552,-4.52440854,-5.94290627,0.0,-44.24044024,,,,,,,,,,,,4.57e-07,2.29e-06,1.14e-05,5.710000000000001e-05,,,,,,,,,,,,MODERATE,1
55,NCGC00385310-01,NCGC00385310-01,COC(=O)C1=COC(OC2OC(CO)C(O)C(O)C2O)C2C1C(OC(=O)CCc1ccc(O)cc1)CC2(C)O,363679667.0,,3CL enzymatic activity,Annotated/Bioactive Compound Collection,,,,,1.6005665475,4.0,4,,0.0,0.0,,,,,COC(=O)C/1=C/OC(O[C@@H]2O[C@H](CO)[C@@H](O)[C@H](O)[C@H]2O)[C@H]3[C@@H]1[C@@H](C[C@]3(C)O)OC(=O)CCC4=CC=C(O)C=C4,Analyticon,NP-004248,-0.51109236,4.27375789,0.0,0.0,,,,,,,,,,,,2.29e-07,1.1399999999e-06,5.7099999999e-06,2.8600000000000007e-05,,,,,,,,,,,,LOW,0
56,NCGC00261969-01,Alatrofloxacin mesylate,CC(N)C(=O)NC(C)C(=O)NC1(C)C2CN(c3nc4c(cc3F)c(=O)c(C(=O)O)cn4-c3ccc(F)cc3F)CC21.CS(=O)(=O)O,170465095.0,,3CL enzymatic activity,Approved Drugs Collection (NPC),146961-77-5,"Alatrofloxacin mesylate;Cp-116,517;Cp 116517;Cp",,,-150.2367615321,4.0,4,,2.068767124,-37.22987223,0.7282578195999999,0.4488713277,,,CS(=O)(=O)O.C[C@H](N)C(=O)N[C@@H](C)C(=O)N[C@@]2(C)[C@@H]1CN(C[C@@H]12)c3nc4c(cc3F)C(=O)C(=CN4c5ccc(F)cc5F)C(=O)O,GVK,FFS-11-286-NCI-04,-36.86923672,-39.04606271,-34.40542344,-37.22987223,,,,,,,,,,,,4.57e-07,2.29e-06,1.14e-05,5.710000000000001e-05,,,,,,,,,,,,MODERATE,1
57,NCGC00346458-02,NCGC00346458-02,CC(NC(=O)c1ncnc(N)c1Cl)c1ncc(C(=O)Nc2cc(C(F)(F)F)c(Cl)cn2)s1,363677413.0,,3CL enzymatic activity,Annotated/Bioactive Compound Collection,1096708-71-2,,,,-12.8487165039,4.0,4,,-19.6505518319,-18.87545986,0.6462751283,0.6021916571,,BRAF,C[C@@H](NC(=O)C1=C(Cl)C(N)=NC=N1)C2=NC=C(S2)C(=O)NC3=NC=C(Cl)C(=C3)C(F)(F)F,MedChem Express,HY-15246,0.0,-11.65776245,0.0,-18.87545986,,,,,,,,,,,,7.0499999999e-07,2.12e-06,1.8999999999e-05,5.710000000000001e-05,,,,,,,,,,,,LOW,0
58,NCGC00380290-01,NCGC00380290-01,C=C1C(=O)OC2CC(C)=CC(=O)C=C(C)C(OC(=O)C(C)=CC)C(O)C12,363678527.0,,3CL enzymatic activity,Annotated/Bioactive Compound Collection,,,,,-48.0745670342,4.0,4,,-28.9081047143,-34.04014616,0.0915765341,0.9948005878,,,C\C=C(C)/C(=O)O[C@H]\1[C@H](O)[C@@H]2[C@@H](C\C(=C/C(=O)/C=C1C)C)OC(=O)C2=C,Analyticon,NP-007713,-6.74769542,-4.49805159,-14.24488531,-34.04014616,,,,,,,,,,,,3.0599999999e-07,1.53e-06,7.66e-06,3.8299999999e-05,,,,,,,,,,,,MODERATE,1
59,NCGC00261096-01,NCGC00261096-01,CC(C)N(CCC(C(N)=O)(c1ccccc1)c1ccccn1)C(C)C.O=P(O)(O)O,312344536.0,,3CL enzymatic activity,Annotated/Bioactive Compound Collection,,,,,-141.9055663367,4.0,4,,-24.869852687199998,-39.50866968,0.5348371303,0.7681846287999999,,,OP(O)(O)=O.CC(C)N(CCC(C(N)=O)(C1=CC=CC=C1)C2=NC=CC=C2)C(C)C,SIGMA,D 6035,-23.57165667,-30.40868498,-55.89150072,-39.50866968,,,,,,,,,,,,7.259999999899998e-07,3.11e-06,1.33e-05,5.710000000000001e-05,,,,,,,,,,,,MODERATE,1
60,NCGC00387775-03,NCGC00387775-03,O=C(O)c1ccc(CCCc2ccc(OCCc3ccc(F)cc3)cc2)o1,363680662.0,,3CL enzymatic activity,Annotated/Bioactive Compound Collection,849727-81-7,,39.8107170553,-4.4,-13.025688015899998,-3.0,4,,-48.432358923900004,-40.77696577,0.0553330319,0.9981080648,,PRKAA1,OC(=O)C1=CC=C(CCCC2=CC=C(OCCC3=CC=C(F)C=C3)C=C2)O1,Bio Vision,2341,0.0,0.0,1.77658961,-40.77696577,,,,,,,,,,,,4.57e-07,2.29e-06,1.14e-05,5.710000000000001e-05,,,,,,,,,,,,MODERATE,1
61,NCGC00522584-01,NCGC00522584-01,CN1CCN(C(=O)c2ccc(-c3ccc4c(C=O)c(O)ccc4c3)s2)CC1,384569530.0,,3CL enzymatic activity,Annotated/Bioactive Compound Collection,1093119-54-0,,,,0.0,4.0,4,,0.0,0.0,,,,ERN1,CN1CCN(CC1)C(=O)C2=CC=C(S2)C3=CC4=C(C=C3)C(=C(O)C=C4)C=O,MedChem Express,HY-19710,0.0,0.0,0.0,0.0,,,,,,,,,,,,7.0499999999e-07,2.12e-06,1.8999999999e-05,5.710000000000001e-05,,,,,,,,,,,,LOW,0
62,NCGC00347526-02,NCGC00347526-02,CC1=CC2C=C(C)C(C)C3C(CC(C)C)NC(=O)C23OC(=O)C=CC(O)CCC1,363677613.0,,3CL enzymatic activity,Annotated/Bioactive Compound Collection,,,,,1.4541412283,4.0,4,,0.0,0.0,,,,,CC(C)CC1NC(=O)C23OC(=O)\C=C\C(O)CCC\C(=C\C2\C=C(\C)C(C)C13)C,Analyticon,NP-001802,0.51288725,0.0,0.0,0.0,,,,,,,,,,,,3.0599999999e-07,1.53e-06,7.66e-06,3.8299999999e-05,,,,,,,,,,,,LOW,0
63,NCGC00016066-14,Urapidil hydrochloride,COc1ccccc1N1CCN(CCCNc2cc(=O)n(C)c(=O)n2C)CC1.Cl,170466013.0,Adrenergic receptor alpha-1 Antagonist,3CL enzymatic activity,Approved Drugs Collection (NPC),64887-14-5,,,,2.4046273173,4.0,4,,0.0,0.0,,,3350.0,,Cl.COc3ccccc3N2CCN(CCCNC1=CC(=O)N(C)C(=O)N1C)CC2,Microsource,01503100,0.0,3.44258676,0.0,0.0,,,,,,,,,,,,4.57e-07,2.29e-06,1.14e-05,5.710000000000001e-05,,,,,,,,,,,,LOW,0
64,NCGC00379002-02,NCGC00379002-02,COc1cc2ncnc(Nc3cccc(O)c3)c2cc1OC,363678309.0,,3CL enzymatic activity,Annotated/Bioactive Compound Collection,211555-08-7,,,,-2.2056350737,4.0,4,,0.0,-6.30423481,,,,,COC1=CC2=NC=NC(=C2C=C1OC)NC3=CC=CC(=C3)O,MedChem Express,HY-15769,0.0,0.0,0.0,-6.30423481,,,,,,,,,,,,4.57e-07,2.29e-06,1.14e-05,5.710000000000001e-05,,,,,,,,,,,,LOW,0
65,NCGC00015562-39,Indomethacin,COc1ccc2c(c1)c(CC(=O)O)c(C)n2C(=O)c1ccc(Cl)cc1,384567865.0,Prostaglandin G/H Synthase 2 (PTGS2; COX-2) Inhibitor,3CL enzymatic activity,Annotated/Bioactive Compound Collection,53-86-1,,39.8107170553,-4.4,-8.623918229600001,-3.0,4,,-42.810653632,-36.09221136,0.0370769004,0.9991519261,,PTGS2,COC1=CC2=C(C=C1)[N](C(=C2CC(O)=O)C)C(=O)C3=CC=C(Cl)C=C3,MedChem Express,HY-14397,0.0,0.0,0.0,-36.09221136,,,,,,,,,,,,7.0499999999e-07,2.12e-06,1.8999999999e-05,5.710000000000001e-05,,,,,,,,,,,,MODERATE,1
66,NCGC00261862-01,NCGC00261862-01,[Cl-].[Cl-].[NH2-].[NH2-].[Pt+3][n+]1ccccc1,312345300.0,,3CL enzymatic activity,Annotated/Bioactive Compound Collection,,,39.8107170553,-4.4,-52.3875647739,-2.3,4,,-110.15453649540001,-98.57904706,0.4375733218,0.8594938612,,,[Cl-].N[Pt](N)(Cl)[N+]1=CC=CC=C1,SIGMA,C 0996,0.0,-33.56982781,0.0,-98.57904706,,,,,,,,,,,,7.259999999899998e-07,3.11e-06,1.33e-05,5.710000000000001e-05,,,,,,,,,,,,HIGH,1
67,NCGC00344541-01,Adrenochrome semicarbazone,CN1CC(O)C2=CC(=NNC(N)=O)C(=O)C=C21,225144387.0,,3CL enzymatic activity,Approved Drugs Collection (NPC),69-81-8,,28.183829312600004,-4.55,-12.4867154253,-3.0,4,,-45.478810414399994,-38.62031092,0.0313511992,0.9993937673,,,CN1CC(O)C\2=C\C(=N/NC(N)=O)C(=O)\C=C12,SIGMA,A5877,1.16085365,0.0,-3.5349661,-38.62031092,,,,,,,,,,,,4.57e-07,2.29e-06,1.14e-05,5.710000000000001e-05,,,,,,,,,,,,MODERATE,1
68,NCGC00531749-01,NCGC00531749-01,O=C(NO)c1cnc(NC2(c3cccc(F)c3)CCCCC2)nc1,384569536.0,,3CL enzymatic activity,Annotated/Bioactive Compound Collection,1375466-18-4,,,,0.0,4.0,4,,0.0,0.0,,,,HDAC1,ONC(=O)C1=CN=C(NC2(CCCCC2)C3=CC(=CC=C3)F)N=C1,MedChem Express,HY-19328,0.0,0.0,0.0,0.0,,,,,,,,,,,,7.0499999999e-07,2.12e-06,1.8999999999e-05,5.710000000000001e-05,,,,,,,,,,,,LOW,0
69,NCGC00386579-01,NCGC00386579-01,COc1cc(N2CCN(C)CC2)ccc1N,363680338.0,,3CL enzymatic activity,Annotated/Bioactive Compound Collection,122833-04-9,,4.4668359215,-5.35,-82.76449256,-1.2,4,,-84.35958510479999,-76.72183806,0.0346533944,0.9992587175,,,COC1=C(N)C=CC(=C1)N2CCN(C)CC2,Axon Medchem,1551,0.61849168,-22.44934622,-60.28491097,-76.72183806,,,,,,,,,,,,4.57e-07,2.29e-06,1.14e-05,5.710000000000001e-05,,,,,,,,,,,,HIGH,1
70,NCGC00390575-03,NCGC00390575-03,CNC(C)C(=O)NC(C(=O)N1CCCC1C(=O)Nc1sc(-c2ncco2)nc1-c1ccccc1)C1CCCCC1,384569195.0,,3CL enzymatic activity,Annotated/Bioactive Compound Collection,1446182-94-0,,,,14.4728846801,4.0,4,,0.0,0.0,,,,XIAP,CN[C@@H](C)C(=O)N[C@@H](C1CCCCC1)C(=O)N2CCC[C@H]2C(=O)NC3=C(N=C(S3)C4=NC=CO4)C5=CC=CC=C5,MedChem Express,HY-15835,4.24843847,0.0,1.8972799,0.0,,,,,,,,,,,,7.0499999999e-07,2.12e-06,1.8999999999e-05,5.710000000000001e-05,,,,,,,,,,,,LOW,0
71,NCGC00015729-08,NCGC00015729-08,O=C1C(SCCO)=C(SCCO)C(=O)c2ccccc21,90340817.0,,3CL enzymatic activity,Annotated/Bioactive Compound Collection,,,31.6227766017,-4.5,-38.9177110527,-2.4,4,,-90.0843625184,-74.68512312,0.1221254859,0.9906882372,,,OCCS\C1=C(/SCCO)C(=O)C2=C(C=CC=C2)C1=O,SigmaAldrich,Lopac-N-1786,0.0,-8.55321689,-15.64540712,-74.68512312,,,,,,,,,,,,7.259999999899998e-07,3.11e-06,1.33e-05,5.710000000000001e-05,,,,,,,,,,,,HIGH,1
72,NCGC00385877-01,NCGC00385877-01,CC1(C)COC(=O)C1OC1OC(CO)C(O)C(O)C1O,363679985.0,,3CL enzymatic activity,Annotated/Bioactive Compound Collection,,,,,-0.9170521316,4.0,4,,0.0,0.0,,,,,CC1(C)COC(=O)[C@@H]1O[C@@H]2O[C@H](CO)[C@@H](O)[C@H](O)[C@H]2O,Analyticon,NP-018392,-0.30468105,0.0,0.0,0.0,,,,,,,,,,,,4.57e-07,2.29e-06,1.14e-05,5.710000000000001e-05,,,,,,,,,,,,LOW,0
73,NCGC00263121-03,NCGC00263121-03,CCCCCCCc1ccc(CCc2cccc(O)c2C(=O)O)cc1,384568605.0,,3CL enzymatic activity,Annotated/Bioactive Compound Collection,1243583-85-8,,39.8107170553,-4.4,-16.9515264022,-3.0,4,,-83.133192244,-70.94432687,0.0360909139,0.9991958704,,HAT1,CCCCCCCC1=CC=C(CCC2=CC=CC(=C2C(O)=O)O)C=C1,Axon Medchem,1785,0.0,0.0,0.0,-70.94432687,,,,,,,,,,,,7.0499999999e-07,2.12e-06,1.8999999999e-05,5.710000000000001e-05,,,,,,,,,,,,HIGH,1
74,NCGC00162329-02,NCGC00162329-02,Nc1c(S(=O)(=O)[O-])cc(Nc2ccc(Nc3nc(Cl)nc(Nc4ccc(S(=O)(=O)[O-])cc4)n3)c(S(=O)(=O)[O-])c2)c2c1C(=O)c1ccccc1C2=O,90341648.0,,3CL enzymatic activity,Annotated/Bioactive Compound Collection,,,11.220184543,-4.95,-100.1034966049,-2.1,4,,-144.1486702636,-141.51653796,0.0234942778,0.9996593794,,,NC1=C(C=C(NC2=CC(=C(NC3=NC(=NC(=N3)Cl)NC4=CC=C(C=C4)[S]([O-])(=O)=O)C=C2)[S]([O-])(=O)=O)C5=C1C(=O)C6=CC=CC=C6C5=O)[S]([O-])(=O)=O,SigmaAldrich,Lopac-R-115,0.0,-1.65433517,-85.90104212,-141.51653796,,,,,,,,,,,,7.259999999899998e-07,3.11e-06,1.33e-05,5.710000000000001e-05,,,,,,,,,,,,HIGH,1
75,NCGC00386816-01,NCGC00386816-01,N#Cc1ccc(Nc2nc(-c3ccc(O)cc3O)cs2)cc1C(F)(F)F,363680445.0,,3CL enzymatic activity,Annotated/Bioactive Compound Collection,,,31.6227766017,-4.5,-33.0357634977,-3.0,4,,-56.3336481213,-49.22882491,0.0394916975,0.9990373698,,,OC1=CC(=C(C=C1)C2=CSC(=N2)NC3=CC(=C(C=C3)C#N)C(F)(F)F)O,Evotec,MLS002391576,-2.6236673,-4.29906705,-7.03393581,-49.22882491,,,,,,,,,,,,4.57e-07,2.29e-06,1.14e-05,5.710000000000001e-05,,,,,,,,,,,,MODERATE,1
76,NCGC00380705-01,NCGC00380705-01,COc1cc2c(cc1O)CC(O)(CO)C(CO)C2c1ccc(OC2OC(CO)C(O)C(O)C2O)c(OC)c1,363678722.0,,3CL enzymatic activity,Annotated/Bioactive Compound Collection,,,,,12.7389407908,4.0,4,,0.0,0.0,,,,,COC1=C(O)C=C2CC(O)(CO)C(CO)C(C3=CC=C(OC4OC(CO)C(O)C(O)C4O)C(=C3)OC)C2=C1,Analyticon,NP-013370,4.41555444,0.0,1.11469312,0.0,,,,,,,,,,,,2.29e-07,1.1399999999e-06,5.7099999999e-06,2.8600000000000007e-05,,,,,,,,,,,,LOW,0
77,NCGC00015619-13,Loratadine,CCOC(=O)N1CCC(=C2c3ccc(Cl)cc3CCc3cccnc32)CC1,170464867.0,Histamine H1 Receptor Antagonists,3CL enzymatic activity,Anti-infectives,79794-75-5, Sch2985; ; Claritin; Sch-434;LORATADINE; Wyeth Brand of Loratadine; Clarium; Sch 2985;Loratidine; Alavert; Loratadine Hydrochloride; Sch 434; Loratidine; Loratadine Wyeth Bran; Loratadine W/Pseudo; Loratadine;Loratadine;,44.668359215100004,-4.35,-210.3758109897,-2.4,4,,-34.9525293486,-64.96260617,0.4736553499,0.8299552976000001,9704.0,HRH1,Clc3cc4CCc1cccnc1C(=C2/CCN(CC2)C(=O)OCC)\c4cc3,Vitas,STK574925,-46.6645506,-33.41654102,-34.15213272,-64.96260617,,,,,,,,,,,,4.57e-07,2.29e-06,1.14e-05,5.710000000000001e-05,,,,,,,,,,,,MODERATE,1
78,NCGC00386722-01,NCGC00386722-01,CCOc1ncc(S(=O)(=O)N2CCN(CC)CC2)cc1-c1nc2c(CC)n(CCOC)nc2c(=O)[nH]1,363680417.0,,3CL enzymatic activity,Annotated/Bioactive Compound Collection,334827-98-4,,,,5.795896801900001,4.0,4,,0.0,0.0,,,,,CCOC1=NC=C(C=C1C/2=N/C3=C(CC)[N](CCOC)N=C3C(=O)N2)[S+]([O-])(=O)N4CCN(CC)CC4,Axon Medchem,2218,1.92562654,0.0,0.0,0.0,,,,,,,,,,,,4.57e-07,2.29e-06,1.14e-05,5.710000000000001e-05,,,,,,,,,,,,LOW,0
79,NCGC00263229-03,NCGC00263229-03,Cc1ccnc(NS(=O)(=O)c2ccc(NC(=O)Nc3ccc(S(=O)(=O)Nc4nccc(C)n4)cc3)cc2)n1,363677274.0,,3CL enzymatic activity,Annotated/Bioactive Compound Collection,13616-29-0,,,,3.810599453,4.0,4,,-10.0842173079,-5.31666026,0.2365183598,0.9642835209,,FAS,CC1=NC(=NC=C1)N[S+]([O-])(=O)C2=CC=C(NC(=O)NC3=CC=C(C=C3)[S+]([O-])(=O)NC4=NC(=CC=N4)C)C=C2,SIGMA,G5547,3.64059302,0.0,-7.57018109,-5.31666026,,,,,,,,,,,,4.57e-07,2.29e-06,1.14e-05,5.710000000000001e-05,,,,,,,,,,,,LOW,0
80,NCGC00508820-02,Dalfopristin,CCN(CC)CCS(=O)(=O)C1CCN2C(=O)c3coc(n3)CC(=O)CC(O)C=C(C)C=CCNC(=O)C=CC(C)C(C(C)C)OC(=O)C12,405559042.0,Bacterial 70S ribosome Inhibitor,3CL enzymatic activity,Approved Drugs Collection (NPC),112362-50-2,,28.183829312600004,-4.55,-21.75754174,-3.0,4,,-68.540208804,-64.61684067,0.0256212859,0.9995949773,,,CCN(CC)CC[S+]([O-])(=O)[C@@H]1CCN2[C@H]1C(=O)O[C@H](C(C)C)[C@H](C)\C=C\C(=O)NC\C=C\C(=C\[C@@H](O)CC(=O)CC3=NC(=CO3)C2=O)C,MedChem Express,HY-A0241_cm1,0.0,1.51699941,-0.30060933,-64.61684067,,,,,,,,,,,,4.57e-07,2.29e-06,1.14e-05,5.710000000000001e-05,,,,,,,,,,,,MODERATE,1
81,NCGC00015279-08,Meclofenoxate hydrochloride,CN(C)CCOC(=O)COc1ccc(Cl)cc1.Cl,170465815.0,,3CL enzymatic activity,Approved Drugs Collection (NPC),3685-84-5,,,,6.850667028099999,4.0,4,,0.0,-4.72014196,,,,,Cl.Clc1ccc(OCC(=O)OCCN(C)C)cc1,Microsource,01503226,2.82472863,0.0,0.0,-4.72014196,,,,,,,,,,,,4.57e-07,2.29e-06,1.14e-05,5.710000000000001e-05,,,,,,,,,,,,LOW,0
82,NCGC00018258-10,Econazole nitrate,Clc1ccc(COC(Cn2ccnc2)c2ccc(Cl)cc2Cl)cc1.O=[N+]([O-])O,170465422.0,Antifungal Agent,3CL enzymatic activity,Approved Drugs Collection (NPC),24169-02-6,; Pevisone; Spectazole;Econazole nitrate;ECONAZOLE NITRATE; Econazole nitrate salt,,,-33.7817501654,4.0,4,,-30.659187056700002,-17.42378137,0.4972097102,0.8079586105,,,[O-][N+](=O)O.Clc3ccc(C(OCc1ccc(Cl)cc1)Cn2ccnc2)c(Cl)c3,Microsource,01501185,4.43109741,-23.42655311,-35.30855602,-17.42378137,,,,,,,,,,,,4.57e-07,2.29e-06,1.14e-05,5.710000000000001e-05,,,,,,,,,,,,LOW,0
83,NCGC00485478-02,Oritavancin (diphosphate),CNC(CC(C)C)C(=O)NC1C(=O)NC(CC(N)=O)C(=O)NC2C(=O)NC3C(=O)NC(C(=O)NC(C(=O)O)c4cc(O)cc(O)c4-c4cc3ccc4O)C(OC3CC(C)(N)C(O)C(C)O3)c3ccc(c(Cl)c3)Oc3cc2cc(c3OC2OC(CO)C(O)C(O)C2OC2CC(C)(NCc3ccc(-c4ccc(Cl)cc4)cc3)C(O)C(C)O2)Oc2ccc(cc2Cl)C1O,,,3CL enzymatic activity,Anti-infectives,192564-14-0,,22.387211385700002,-4.65,-40.035254995500004,-2.3,4,,-103.6478009288,-92.07228345,0.050737264800000015,0.9984089538,,,[H][C@@]1(C[C@](C)(NCC2=CC=C(C=C2)C3=CC=C(Cl)C=C3)[C@@H](O)[C@H](C)O1)O[C@@H]4[C@@H](O)[C@H](O)[C@@H](CO)O[C@H]4OC5=C6OC7=CC=C(C=C7Cl)[C@@H](O)[C@@H](NC(=O)[C@@H](CC(C)C)NC)C(=O)N[C@@H](CC(N)=O)C(=O)N[C@]8([H])C(C=C5OC9=CC=C(C=C9Cl)[C@@H](O[C@@]%10([H])C[C@](C)(N)[C@@H](O)[C@H](C)O%10)[C@]%11([H])NC(=O)[C@]([H])(NC8=O)C%12=CC(=C(O)C=C%12)C%13=C(C=C(O)C=C%13O)[C@]([H])(NC%11=O)C(O)=O)=C6,MedChem Express,HY-B1831A_cm1,0.0,3.90126766,-15.10214244,-92.07228345,,,,,,,,,,,,4.57e-07,2.29e-06,1.14e-05,5.710000000000001e-05,,,,,,,,,,,,HIGH,1
84,NCGC00344330-02,Elaidic Acid,CCCCCCCCC=CCCCCCCCC(=O)O,405558971.0,SiHa Inhibitor,3CL enzymatic activity,Approved Drugs Collection (NPC),112-79-8,,,,7.5417144392,4.0,4,,0.0,0.0,,,,,CCCCCCCC/C=C/CCCCCCCC(O)=O,Cayman,90250,2.18135551,1.39744183,0.0,0.0,,,,,,,,,,,,4.57e-07,2.29e-06,1.14e-05,5.710000000000001e-05,,,,,,,,,,,,LOW,0
85,NCGC00015073-05,Amifostine,NCCCNCCSP(=O)(O)O,170465179.0,Alkaline phosphatase placental-like Substrate,3CL enzymatic activity,Approved Drugs Collection (NPC),20537-88-6,,6.3095734448,-5.2,-40.537317446399996,-3.0,4,,-43.1957500747,-40.92199081,0.8236442134999999,0.9999217116,,,OP(=O)(O)SCCNCCCN,Prestwick,Prestw-1489,-42.36502368,0.0,0.0,-40.92199081,,,,,,,,,,,,9.1399999999e-08,4.57e-07,2.29e-06,1.14e-05,,,,,,,,,,,,MODERATE,1
